-- phpMyAdmin SQL Dump
-- version 4.9.0.1
-- https://www.phpmyadmin.net/
--
-- Host: 127.0.0.1
-- Generation Time: Jun 02, 2021 at 05:46 AM
-- Server version: 10.4.6-MariaDB
-- PHP Version: 7.3.9

SET SQL_MODE = "NO_AUTO_VALUE_ON_ZERO";
SET AUTOCOMMIT = 0;
START TRANSACTION;
SET time_zone = "+00:00";


/*!40101 SET @OLD_CHARACTER_SET_CLIENT=@@CHARACTER_SET_CLIENT */;
/*!40101 SET @OLD_CHARACTER_SET_RESULTS=@@CHARACTER_SET_RESULTS */;
/*!40101 SET @OLD_COLLATION_CONNECTION=@@COLLATION_CONNECTION */;
/*!40101 SET NAMES utf8mb4 */;

--
-- Database: `ecommerce`
--

-- --------------------------------------------------------

--
-- Table structure for table `about`
--

CREATE TABLE `about` (
  `id` int(11) NOT NULL,
  `title` longtext COLLATE utf8mb4_unicode_ci DEFAULT NULL,
  `description` mediumtext COLLATE utf8mb4_unicode_ci NOT NULL,
  `path` longtext COLLATE utf8mb4_unicode_ci NOT NULL,
  `position` int(11) NOT NULL DEFAULT 0,
  `status` tinyint(4) NOT NULL DEFAULT 1
) ENGINE=MyISAM DEFAULT CHARSET=utf8mb4 COLLATE=utf8mb4_unicode_ci;

--
-- Dumping data for table `about`
--

INSERT INTO `about` (`id`, `title`, `description`, `path`, `position`, `status`) VALUES
(1, NULL, '<p style=\"margin: 0px 0px 15px; padding: 0px; text-align: justify; font-family: \'Open Sans\', Arial, sans-serif; font-size: 14px;\">Contrary to popular belief, Lorem Ipsum is not simply random text. It has roots in a piece of classical Latin literature from 45 BC, making it over 2000 years old. Richard McClintock, a Latin professor at Hampden-Sydney College in Virginia, looked up one of the more obscure Latin words, consectetur, from a Lorem Ipsum passage, and going through the cites of the word in classical literature, discovered the undoubtable source. Lorem Ipsum comes from sections 1.10.32 and 1.10.33 of \"de Finibus Bonorum et Malorum\" (The Extremes of Good and Evil) by Cicero, written in 45 BC. This book is a treatise on the theory of ethics, very popular during the Renaissance. The first line of Lorem Ipsum, \"Lorem ipsum dolor sit amet..\", comes from a line in section 1.10.32.</p>\r\n<p style=\"margin: 0px 0px 15px; padding: 0px; text-align: justify; font-family: \'Open Sans\', Arial, sans-serif; font-size: 14px;\">The standard chunk of Lorem Ipsum used since the 1500s is reproduced below for those interested. Sections 1.10.32 and 1.10.33 from \"de Finibus Bonorum et Malorum\" by Cicero are also reproduced in their exact original form, accompanied by English versions from the 1914 translation by H. Rackham.</p>', 'public/images/1621414046.jpg', 0, 1);

-- --------------------------------------------------------

--
-- Table structure for table `access_info`
--

CREATE TABLE `access_info` (
  `user_id` int(10) UNSIGNED NOT NULL,
  `login_period` datetime NOT NULL,
  `logout_period` datetime NOT NULL
) ENGINE=InnoDB DEFAULT CHARSET=utf8mb4 COLLATE=utf8mb4_unicode_ci;

--
-- Dumping data for table `access_info`
--

INSERT INTO `access_info` (`user_id`, `login_period`, `logout_period`) VALUES
(1, '2017-08-26 11:43:06', '0000-00-00 00:00:00'),
(1, '2017-08-26 11:44:01', '2017-08-26 16:14:28'),
(1, '2017-08-26 11:52:01', '2017-08-26 14:15:18'),
(1, '2017-08-26 12:38:49', '0000-00-00 00:00:00'),
(1, '2017-08-26 14:17:47', '2017-08-26 14:20:33'),
(1, '2017-08-26 14:22:52', '2017-08-26 14:26:35'),
(1, '2017-08-26 14:26:37', '2017-08-26 14:54:06'),
(2, '2017-08-26 14:29:25', '2017-08-26 14:40:08'),
(7, '2017-08-26 14:40:18', '2017-08-26 17:33:09'),
(5, '2017-08-26 14:54:07', '2017-08-26 14:54:25'),
(5, '2017-08-26 14:54:27', '2017-08-26 14:55:11'),
(1, '2017-08-26 14:55:13', '2017-08-26 14:57:18'),
(1, '2017-08-26 14:57:19', '2017-08-26 14:58:05'),
(1, '2017-08-26 14:58:06', '0000-00-00 00:00:00'),
(1, '2017-08-26 14:58:12', '0000-00-00 00:00:00'),
(1, '2017-08-26 16:14:30', '2017-08-26 16:34:40'),
(7, '2017-08-26 16:34:53', '0000-00-00 00:00:00'),
(1, '2017-08-26 17:24:30', '0000-00-00 00:00:00'),
(7, '2017-08-26 17:33:11', '0000-00-00 00:00:00'),
(7, '2017-08-26 17:34:17', '0000-00-00 00:00:00'),
(7, '2017-08-26 17:34:53', '0000-00-00 00:00:00'),
(7, '2017-08-26 17:40:18', '0000-00-00 00:00:00'),
(7, '2017-08-26 17:52:17', '2017-08-26 18:07:37'),
(1, '2017-11-14 22:11:14', '2017-11-14 22:14:57'),
(1, '2017-11-14 22:15:09', '2017-11-14 22:27:22'),
(8, '2017-11-14 22:27:30', '2017-11-14 22:41:33'),
(1, '2017-11-14 22:41:35', '0000-00-00 00:00:00'),
(1, '2017-11-15 09:52:58', '0000-00-00 00:00:00'),
(1, '2017-11-15 09:53:51', '0000-00-00 00:00:00'),
(1, '2017-11-27 11:20:20', '0000-00-00 00:00:00'),
(1, '2017-11-27 11:21:32', '0000-00-00 00:00:00'),
(1, '2017-11-27 11:42:29', '0000-00-00 00:00:00'),
(1, '2017-11-27 12:09:46', '0000-00-00 00:00:00'),
(1, '2017-11-27 14:41:01', '0000-00-00 00:00:00'),
(1, '2017-11-27 15:11:42', '0000-00-00 00:00:00'),
(1, '2017-11-27 15:17:44', '0000-00-00 00:00:00'),
(1, '2017-11-27 15:55:59', '0000-00-00 00:00:00'),
(1, '2017-11-27 16:21:19', '0000-00-00 00:00:00'),
(1, '2017-11-27 16:30:54', '0000-00-00 00:00:00'),
(1, '2017-11-27 17:30:02', '0000-00-00 00:00:00'),
(1, '2017-11-27 23:02:29', '0000-00-00 00:00:00'),
(1, '2017-11-27 23:26:01', '0000-00-00 00:00:00'),
(1, '2017-11-27 23:46:51', '0000-00-00 00:00:00'),
(1, '2017-11-27 23:52:31', '0000-00-00 00:00:00'),
(1, '2017-11-28 00:09:25', '0000-00-00 00:00:00'),
(1, '2017-11-28 01:19:53', '0000-00-00 00:00:00'),
(1, '2017-11-28 09:40:02', '0000-00-00 00:00:00'),
(1, '2017-11-28 09:47:24', '0000-00-00 00:00:00'),
(1, '2017-11-28 10:09:27', '0000-00-00 00:00:00'),
(1, '2017-11-28 10:35:23', '0000-00-00 00:00:00'),
(1, '2017-11-28 11:07:44', '0000-00-00 00:00:00'),
(1, '2017-11-28 11:38:23', '0000-00-00 00:00:00'),
(1, '2017-11-28 11:52:56', '0000-00-00 00:00:00'),
(1, '2017-11-28 12:22:21', '0000-00-00 00:00:00'),
(1, '2017-11-28 15:19:40', '0000-00-00 00:00:00'),
(1, '2017-11-28 17:10:10', '0000-00-00 00:00:00'),
(1, '2017-11-28 17:19:19', '0000-00-00 00:00:00'),
(1, '2017-11-29 09:38:22', '0000-00-00 00:00:00'),
(1, '2017-11-29 09:40:56', '0000-00-00 00:00:00'),
(1, '2017-11-29 11:33:11', '0000-00-00 00:00:00'),
(1, '2017-11-29 12:24:54', '0000-00-00 00:00:00'),
(1, '2017-11-29 14:45:22', '0000-00-00 00:00:00'),
(1, '2017-11-29 15:27:50', '0000-00-00 00:00:00'),
(1, '2017-11-30 09:35:06', '0000-00-00 00:00:00'),
(1, '2017-11-30 09:35:55', '0000-00-00 00:00:00'),
(1, '2017-11-30 12:42:23', '0000-00-00 00:00:00'),
(1, '2017-11-30 14:55:24', '0000-00-00 00:00:00'),
(1, '2017-11-30 15:14:42', '0000-00-00 00:00:00'),
(1, '2017-11-30 16:19:57', '0000-00-00 00:00:00'),
(1, '2017-11-30 16:32:34', '0000-00-00 00:00:00'),
(1, '2017-11-30 16:37:23', '0000-00-00 00:00:00'),
(1, '2017-11-30 17:46:43', '0000-00-00 00:00:00'),
(1, '2017-12-03 09:35:19', '0000-00-00 00:00:00'),
(1, '2017-12-03 11:23:00', '0000-00-00 00:00:00'),
(1, '2017-12-03 15:55:55', '0000-00-00 00:00:00'),
(1, '2017-12-03 16:25:49', '0000-00-00 00:00:00'),
(1, '2017-12-03 16:34:05', '0000-00-00 00:00:00'),
(1, '2017-12-03 16:43:22', '0000-00-00 00:00:00'),
(1, '2017-12-03 16:52:40', '0000-00-00 00:00:00'),
(1, '2017-12-03 16:58:19', '0000-00-00 00:00:00'),
(1, '2017-12-03 17:01:10', '0000-00-00 00:00:00'),
(1, '2017-12-03 17:18:41', '0000-00-00 00:00:00'),
(1, '2017-12-03 18:34:27', '0000-00-00 00:00:00'),
(1, '2017-12-04 09:38:47', '0000-00-00 00:00:00'),
(1, '2017-12-04 11:26:57', '0000-00-00 00:00:00'),
(1, '2017-12-04 11:50:11', '0000-00-00 00:00:00'),
(1, '2017-12-04 15:03:25', '0000-00-00 00:00:00'),
(1, '2017-12-04 15:07:17', '0000-00-00 00:00:00'),
(1, '2017-12-04 18:40:24', '0000-00-00 00:00:00'),
(1, '2017-12-05 11:14:01', '0000-00-00 00:00:00'),
(1, '2017-12-05 11:31:10', '0000-00-00 00:00:00'),
(1, '2017-12-05 15:13:44', '0000-00-00 00:00:00'),
(1, '2017-12-06 11:11:13', '0000-00-00 00:00:00'),
(1, '2017-12-06 13:52:00', '0000-00-00 00:00:00'),
(1, '2017-12-07 09:47:39', '0000-00-00 00:00:00'),
(1, '2017-12-07 11:10:48', '0000-00-00 00:00:00'),
(1, '2017-12-07 14:37:23', '0000-00-00 00:00:00'),
(1, '2017-12-07 17:01:34', '2017-12-07 17:02:41'),
(1, '2017-12-07 17:02:48', '2017-12-07 17:03:46'),
(1, '2017-12-07 17:03:55', '0000-00-00 00:00:00'),
(1, '2018-01-11 10:28:20', '0000-00-00 00:00:00'),
(1, '2018-01-11 10:49:35', '0000-00-00 00:00:00'),
(1, '2018-01-11 11:20:26', '0000-00-00 00:00:00'),
(1, '2018-03-25 13:12:09', '0000-00-00 00:00:00'),
(1, '2018-03-25 14:22:19', '0000-00-00 00:00:00'),
(1, '2018-03-25 15:23:04', '0000-00-00 00:00:00'),
(1, '2018-03-27 10:25:58', '0000-00-00 00:00:00'),
(1, '2018-03-27 11:26:25', '0000-00-00 00:00:00'),
(1, '2018-03-27 15:06:11', '0000-00-00 00:00:00'),
(1, '2018-03-28 10:21:20', '0000-00-00 00:00:00'),
(1, '2018-04-01 11:34:58', '0000-00-00 00:00:00'),
(1, '2018-04-01 11:46:04', '0000-00-00 00:00:00'),
(1, '2018-04-01 11:48:04', '0000-00-00 00:00:00'),
(1, '2018-04-01 11:48:51', '0000-00-00 00:00:00'),
(1, '2018-04-01 13:00:20', '0000-00-00 00:00:00'),
(1, '2018-04-01 13:26:15', '0000-00-00 00:00:00'),
(1, '2018-04-01 14:29:59', '0000-00-00 00:00:00'),
(1, '2018-04-01 15:35:10', '0000-00-00 00:00:00'),
(1, '2018-04-01 15:53:53', '0000-00-00 00:00:00'),
(1, '2018-04-01 16:02:16', '2018-04-01 16:04:02'),
(1, '2018-04-01 16:49:55', '2018-04-01 16:50:03'),
(1, '2018-04-01 16:56:57', '0000-00-00 00:00:00'),
(1, '2018-04-01 17:24:32', '0000-00-00 00:00:00'),
(1, '2018-04-01 17:26:59', '2018-04-01 19:02:55'),
(1, '2018-04-01 17:41:13', '0000-00-00 00:00:00'),
(1, '2018-04-01 17:50:38', '0000-00-00 00:00:00'),
(1, '2018-04-01 17:52:58', '0000-00-00 00:00:00'),
(1, '2018-04-01 17:58:19', '0000-00-00 00:00:00'),
(1, '2018-04-02 10:37:23', '0000-00-00 00:00:00'),
(1, '2018-04-02 10:38:49', '0000-00-00 00:00:00'),
(1, '2018-04-02 11:03:00', '0000-00-00 00:00:00'),
(1, '2018-04-02 11:14:01', '0000-00-00 00:00:00'),
(1, '2018-04-02 14:39:47', '0000-00-00 00:00:00'),
(1, '2018-04-02 17:44:26', '0000-00-00 00:00:00'),
(1, '2018-04-03 10:36:11', '0000-00-00 00:00:00'),
(1, '2018-04-03 11:21:25', '0000-00-00 00:00:00'),
(1, '2018-04-03 12:25:13', '0000-00-00 00:00:00'),
(1, '2018-04-03 13:00:00', '0000-00-00 00:00:00'),
(1, '2018-04-03 16:01:09', '0000-00-00 00:00:00'),
(1, '2018-11-18 12:02:32', '0000-00-00 00:00:00'),
(1, '2018-11-19 12:31:07', '0000-00-00 00:00:00'),
(1, '2018-11-19 14:05:46', '0000-00-00 00:00:00'),
(1, '2018-11-19 15:54:48', '0000-00-00 00:00:00'),
(1, '2018-11-19 16:58:01', '0000-00-00 00:00:00'),
(1, '2018-11-20 09:18:04', '0000-00-00 00:00:00'),
(1, '2018-11-24 10:08:52', '0000-00-00 00:00:00'),
(1, '2018-11-24 11:01:20', '0000-00-00 00:00:00'),
(1, '2018-11-24 11:27:57', '0000-00-00 00:00:00'),
(1, '2018-11-24 14:20:28', '0000-00-00 00:00:00'),
(1, '2018-11-24 16:07:59', '0000-00-00 00:00:00'),
(1, '2018-11-24 17:46:58', '0000-00-00 00:00:00'),
(1, '2018-11-25 09:35:05', '0000-00-00 00:00:00'),
(1, '2018-11-25 11:18:10', '0000-00-00 00:00:00'),
(1, '2018-11-25 14:20:22', '2018-11-25 17:39:38'),
(1, '2018-11-25 17:51:56', '0000-00-00 00:00:00'),
(1, '2018-11-26 09:13:13', '0000-00-00 00:00:00'),
(1, '2018-11-26 10:25:10', '0000-00-00 00:00:00'),
(1, '2018-12-01 12:21:13', '0000-00-00 00:00:00'),
(1, '2018-12-01 13:35:56', '0000-00-00 00:00:00'),
(1, '2018-12-02 12:03:17', '0000-00-00 00:00:00'),
(1, '2018-12-03 10:15:44', '2018-12-03 10:18:53'),
(1, '2018-12-03 10:23:43', '2018-12-03 11:44:14'),
(1, '2018-12-03 11:44:42', '0000-00-00 00:00:00'),
(1, '2018-12-23 09:30:19', '2018-12-23 14:17:05'),
(1, '2018-12-23 14:17:57', '0000-00-00 00:00:00'),
(1, '2019-01-01 11:05:27', '0000-00-00 00:00:00'),
(1, '2019-08-27 10:50:26', '0000-00-00 00:00:00'),
(1, '2019-08-27 10:39:22', '0000-00-00 00:00:00'),
(1, '2019-08-27 12:17:59', '0000-00-00 00:00:00'),
(1, '2019-08-27 12:57:44', '0000-00-00 00:00:00'),
(1, '2019-08-27 13:12:35', '0000-00-00 00:00:00'),
(1, '2019-08-28 11:05:05', '2019-08-28 12:48:07'),
(1, '2019-08-29 08:09:50', '2019-08-29 08:10:04'),
(1, '2019-08-29 08:10:32', '2019-08-29 09:55:41'),
(1, '2019-08-29 09:55:44', '2019-08-29 10:41:16'),
(1, '2019-08-29 10:41:18', '0000-00-00 00:00:00'),
(1, '2019-08-31 05:33:19', '0000-00-00 00:00:00'),
(1, '2019-08-31 02:17:53', '0000-00-00 00:00:00'),
(1, '2019-08-31 02:21:37', '0000-00-00 00:00:00'),
(1, '2019-08-31 11:40:11', '0000-00-00 00:00:00'),
(1, '2019-08-31 14:21:07', '0000-00-00 00:00:00'),
(1, '2019-09-01 06:01:26', '0000-00-00 00:00:00'),
(1, '2019-09-11 13:42:45', '2019-09-11 13:42:50'),
(1, '2019-09-11 14:07:35', '0000-00-00 00:00:00'),
(1, '2019-09-14 11:52:15', '0000-00-00 00:00:00'),
(1, '2019-09-15 06:23:49', '0000-00-00 00:00:00'),
(1, '2019-09-17 06:44:11', '0000-00-00 00:00:00'),
(1, '2019-09-28 07:33:52', '0000-00-00 00:00:00'),
(1, '2019-10-26 01:51:27', '0000-00-00 00:00:00'),
(1, '2019-10-26 01:51:27', '0000-00-00 00:00:00'),
(1, '2019-10-26 05:30:54', '0000-00-00 00:00:00'),
(1, '2019-10-26 23:32:45', '0000-00-00 00:00:00'),
(1, '2019-10-26 23:38:06', '2019-10-26 23:40:13'),
(1, '2019-10-26 23:40:18', '2019-10-26 23:40:23'),
(1, '2019-10-26 23:40:33', '2019-10-27 08:04:18'),
(1, '2019-10-27 05:42:33', '2019-10-27 08:11:55'),
(1, '2019-10-27 08:04:23', '0000-00-00 00:00:00'),
(10, '2019-10-27 08:12:17', '0000-00-00 00:00:00'),
(1, '2019-10-27 23:33:28', '2019-10-27 23:35:12'),
(1, '2019-10-27 23:39:44', '2019-10-27 23:39:44'),
(1, '2019-10-27 23:39:48', '2019-10-27 23:39:49'),
(1, '2019-10-27 23:40:07', '2019-10-27 23:40:08'),
(1, '2019-10-28 00:21:26', '2019-10-28 00:21:27'),
(1, '2019-10-28 00:25:42', '2019-10-28 00:25:42'),
(1, '2019-10-28 00:25:49', '2019-10-28 00:25:49'),
(1, '2019-10-28 00:30:42', '2019-10-28 00:30:42'),
(1, '2019-10-28 00:30:58', '2019-10-28 00:30:58'),
(1, '2019-10-28 00:30:59', '2019-10-28 00:31:00'),
(1, '2019-10-28 00:31:09', '2019-10-28 00:31:09'),
(10, '2019-10-28 00:31:24', '2019-10-28 00:31:40'),
(10, '2019-10-28 00:32:07', '2019-10-28 01:27:42'),
(1, '2019-10-28 00:48:14', '2019-10-28 00:48:15'),
(1, '2019-10-28 00:48:20', '2019-10-28 00:48:20'),
(10, '2019-10-28 01:28:19', '2019-10-28 01:42:10'),
(1, '2019-10-28 01:29:11', '2019-10-28 01:29:20'),
(1, '2019-10-28 01:29:37', '2019-10-28 01:29:37'),
(1, '2019-10-28 01:29:44', '2019-10-28 01:29:44'),
(1, '2019-10-28 01:29:50', '2019-10-28 01:29:51'),
(1, '2019-10-28 01:31:23', '2019-10-28 01:31:24'),
(1, '2019-10-28 01:31:30', '2019-10-28 01:31:30'),
(1, '2019-10-28 01:41:22', '2019-10-28 01:41:22'),
(10, '2019-10-28 01:42:23', '2019-10-28 01:42:24'),
(10, '2019-10-28 01:42:35', '2019-10-28 01:42:35'),
(10, '2019-10-28 01:42:46', '2019-10-28 02:42:05'),
(1, '2019-10-28 02:28:40', '2019-10-28 02:28:41'),
(1, '2019-10-28 02:35:26', '2019-10-28 02:35:44'),
(1, '2019-10-28 02:35:48', '2019-10-28 02:35:48'),
(1, '2019-10-28 02:36:24', '2019-10-28 02:36:25'),
(1, '2019-10-28 02:36:58', '2019-10-28 02:42:15'),
(10, '2019-10-28 02:42:17', '2019-10-28 02:42:48'),
(10, '2019-10-28 02:56:26', '2019-10-28 03:03:31'),
(1, '2019-10-28 02:57:21', '2019-10-28 02:57:48'),
(1, '2019-10-28 02:58:04', '2019-10-28 03:09:44'),
(10, '2019-10-28 03:03:34', '2019-10-28 03:03:51'),
(10, '2019-10-28 03:04:02', '2019-10-28 03:04:25'),
(10, '2019-10-28 03:04:28', '0000-00-00 00:00:00'),
(1, '2019-10-28 03:10:28', '2019-10-28 05:47:08'),
(10, '2019-10-28 04:37:56', '0000-00-00 00:00:00'),
(1, '2019-10-28 04:47:55', '0000-00-00 00:00:00'),
(1, '2019-10-28 05:48:55', '0000-00-00 00:00:00'),
(10, '2019-10-28 23:46:17', '0000-00-00 00:00:00'),
(1, '2019-10-29 00:00:49', '2019-10-29 05:04:31'),
(1, '2019-10-29 00:26:16', '0000-00-00 00:00:00'),
(10, '2019-10-29 02:27:08', '0000-00-00 00:00:00'),
(1, '2019-10-29 04:34:54', '0000-00-00 00:00:00'),
(1, '2019-10-29 05:02:37', '2019-10-29 05:04:11'),
(1, '2019-10-29 05:03:01', '2019-10-29 05:03:40'),
(10, '2019-10-29 05:03:54', '0000-00-00 00:00:00'),
(1, '2019-10-29 05:04:42', '2019-10-29 05:04:59'),
(1, '2019-10-29 05:05:06', '2019-10-29 05:05:33'),
(1, '2019-10-29 05:05:53', '0000-00-00 00:00:00'),
(1, '2019-10-29 05:06:06', '2019-10-29 05:11:00'),
(12, '2019-10-29 05:11:05', '2019-10-29 05:12:38'),
(1, '2019-10-29 05:12:55', '0000-00-00 00:00:00'),
(1, '2019-10-29 07:19:06', '0000-00-00 00:00:00'),
(1, '2019-10-29 07:38:19', '0000-00-00 00:00:00'),
(1, '2019-10-29 07:40:05', '0000-00-00 00:00:00'),
(1, '2019-10-29 23:34:15', '0000-00-00 00:00:00'),
(1, '2019-10-31 06:54:28', '2019-10-31 08:10:16'),
(1, '2019-10-31 08:14:56', '2019-10-31 08:14:59'),
(1, '2019-10-31 08:15:33', '2019-10-31 08:15:36'),
(1, '2019-11-02 00:20:38', '0000-00-00 00:00:00'),
(1, '2019-11-02 06:03:54', '0000-00-00 00:00:00'),
(1, '2019-11-02 08:19:55', '0000-00-00 00:00:00'),
(1, '2019-11-02 23:40:20', '0000-00-00 00:00:00'),
(1, '2019-11-02 23:41:46', '0000-00-00 00:00:00'),
(1, '2019-11-03 00:59:17', '0000-00-00 00:00:00'),
(1, '2019-11-03 04:44:48', '0000-00-00 00:00:00'),
(1, '2019-11-03 22:21:37', '0000-00-00 00:00:00'),
(1, '2019-11-03 22:49:30', '0000-00-00 00:00:00'),
(1, '2019-11-03 23:17:35', '0000-00-00 00:00:00'),
(1, '2019-11-04 01:58:34', '0000-00-00 00:00:00'),
(1, '2019-11-04 02:55:44', '0000-00-00 00:00:00'),
(1, '2019-11-04 04:02:59', '0000-00-00 00:00:00'),
(1, '2019-11-04 05:52:31', '0000-00-00 00:00:00'),
(1, '2019-11-04 22:16:18', '0000-00-00 00:00:00'),
(1, '2019-11-04 22:16:27', '0000-00-00 00:00:00'),
(1, '2019-11-06 00:52:39', '0000-00-00 00:00:00'),
(1, '2019-11-06 06:04:08', '0000-00-00 00:00:00'),
(1, '2019-11-11 00:18:31', '0000-00-00 00:00:00'),
(1, '2019-11-11 04:21:32', '0000-00-00 00:00:00'),
(1, '2019-11-11 05:57:37', '0000-00-00 00:00:00'),
(1, '2019-11-11 22:16:02', '0000-00-00 00:00:00'),
(1, '2019-11-12 00:45:54', '0000-00-00 00:00:00'),
(1, '2019-11-12 04:11:23', '0000-00-00 00:00:00'),
(1, '2019-11-12 22:12:47', '0000-00-00 00:00:00'),
(10, '2019-11-12 22:43:35', '2019-11-12 22:44:25'),
(1, '2019-11-12 22:44:43', '0000-00-00 00:00:00'),
(1, '2019-11-13 22:15:52', '0000-00-00 00:00:00'),
(1, '2019-11-13 22:23:47', '0000-00-00 00:00:00'),
(1, '2019-11-13 22:46:19', '0000-00-00 00:00:00'),
(12, '2019-11-13 23:09:15', '2019-11-13 23:09:23'),
(1, '2019-11-13 23:09:50', '0000-00-00 00:00:00'),
(1, '2019-11-13 23:10:54', '0000-00-00 00:00:00'),
(1, '2019-11-13 23:16:26', '0000-00-00 00:00:00'),
(1, '2019-11-13 23:31:22', '0000-00-00 00:00:00'),
(1, '2019-11-14 01:05:38', '0000-00-00 00:00:00'),
(1, '2019-11-14 04:51:01', '0000-00-00 00:00:00'),
(1, '2019-11-15 22:20:41', '0000-00-00 00:00:00'),
(1, '2019-11-15 23:36:19', '0000-00-00 00:00:00'),
(1, '2019-11-16 04:09:31', '2019-11-16 04:48:51'),
(1, '2019-11-16 04:48:56', '0000-00-00 00:00:00'),
(1, '2019-11-16 22:30:45', '2019-11-17 07:03:14'),
(1, '2019-11-17 22:05:13', '2019-11-17 22:10:57'),
(1, '2019-11-17 22:13:03', '0000-00-00 00:00:00'),
(1, '2019-11-22 22:05:25', '2019-11-22 22:55:38'),
(1, '2019-11-29 22:49:18', '0000-00-00 00:00:00'),
(1, '2019-12-03 23:14:13', '0000-00-00 00:00:00'),
(1, '2019-12-04 05:30:45', '0000-00-00 00:00:00'),
(1, '2019-12-04 22:02:51', '0000-00-00 00:00:00'),
(1, '2019-12-04 22:43:19', '0000-00-00 00:00:00'),
(1, '2019-12-06 22:04:29', '0000-00-00 00:00:00'),
(1, '2019-12-08 00:46:59', '0000-00-00 00:00:00'),
(1, '2019-12-08 03:31:19', '2019-12-08 05:38:29'),
(1, '2019-12-08 05:38:47', '0000-00-00 00:00:00'),
(1, '2019-12-08 23:19:48', '2019-12-09 02:00:52'),
(1, '2019-12-09 01:41:29', '0000-00-00 00:00:00'),
(1, '2019-12-09 01:58:44', '2019-12-09 01:59:00'),
(13, '2019-12-09 01:59:44', '0000-00-00 00:00:00'),
(1, '2019-12-09 02:00:57', '2019-12-09 02:01:32'),
(13, '2019-12-09 02:01:53', '2019-12-09 02:02:34'),
(13, '2019-12-09 02:05:08', '2019-12-09 02:07:58'),
(14, '2019-12-09 02:08:06', '2019-12-09 02:09:34'),
(14, '2019-12-09 02:09:46', '0000-00-00 00:00:00'),
(13, '2019-12-09 06:04:12', '0000-00-00 00:00:00'),
(14, '2019-12-09 22:05:32', '0000-00-00 00:00:00'),
(14, '2019-12-10 23:02:29', '0000-00-00 00:00:00'),
(13, '2019-12-18 08:10:46', '2019-12-18 10:39:47'),
(14, '2019-12-18 10:42:14', '0000-00-00 00:00:00'),
(14, '2019-12-24 11:34:14', '0000-00-00 00:00:00'),
(14, '2019-12-25 06:49:54', '2019-12-25 07:04:28'),
(14, '2019-12-25 07:04:49', '2019-12-25 08:03:42'),
(14, '2019-12-25 08:03:55', '0000-00-00 00:00:00'),
(14, '2019-12-26 05:21:48', '2019-12-26 05:35:53'),
(14, '2019-12-26 05:36:06', '0000-00-00 00:00:00'),
(14, '2019-12-27 07:37:04', '0000-00-00 00:00:00'),
(14, '2019-12-28 05:59:49', '0000-00-00 00:00:00'),
(14, '2019-12-28 06:58:33', '0000-00-00 00:00:00'),
(14, '2019-12-28 06:59:15', '0000-00-00 00:00:00'),
(14, '2019-12-28 23:05:19', '0000-00-00 00:00:00'),
(14, '2019-12-29 22:26:20', '0000-00-00 00:00:00'),
(14, '2019-12-30 23:00:30', '0000-00-00 00:00:00'),
(14, '2019-12-31 23:39:27', '0000-00-00 00:00:00'),
(13, '2020-01-05 07:03:14', '2020-01-05 07:03:36'),
(14, '2020-01-05 07:03:52', '0000-00-00 00:00:00'),
(14, '2020-01-07 05:44:08', '0000-00-00 00:00:00'),
(14, '2020-01-08 01:09:43', '2020-01-08 01:15:01'),
(14, '2020-01-08 22:56:24', '0000-00-00 00:00:00'),
(14, '2020-01-08 23:35:17', '0000-00-00 00:00:00'),
(13, '2020-01-08 23:57:57', '0000-00-00 00:00:00'),
(13, '2020-01-09 07:28:17', '0000-00-00 00:00:00'),
(14, '2020-01-10 23:55:07', '0000-00-00 00:00:00'),
(13, '2020-01-13 01:11:16', '0000-00-00 00:00:00'),
(13, '2020-01-13 01:31:02', '0000-00-00 00:00:00'),
(13, '2020-01-13 05:41:44', '2020-01-13 05:49:18'),
(14, '2020-01-13 05:49:21', '2020-01-13 05:49:35'),
(13, '2020-01-13 05:49:44', '2020-01-13 05:50:08'),
(14, '2020-01-13 05:50:15', '2020-01-13 05:50:32'),
(13, '2020-01-13 05:50:41', '0000-00-00 00:00:00'),
(14, '2020-01-13 22:46:31', '0000-00-00 00:00:00'),
(13, '2020-01-13 23:21:20', '0000-00-00 00:00:00'),
(14, '2020-01-14 03:38:45', '0000-00-00 00:00:00'),
(14, '2020-01-14 06:27:57', '0000-00-00 00:00:00'),
(13, '2020-01-15 01:03:22', '0000-00-00 00:00:00'),
(13, '2020-01-15 03:45:39', '0000-00-00 00:00:00'),
(13, '2020-01-23 00:59:45', '0000-00-00 00:00:00'),
(13, '2020-01-23 03:32:11', '0000-00-00 00:00:00'),
(13, '2020-01-23 04:04:59', '2020-01-23 05:24:14'),
(13, '2020-02-01 23:51:34', '0000-00-00 00:00:00'),
(13, '2020-02-02 23:55:44', '0000-00-00 00:00:00'),
(14, '2020-02-03 00:36:58', '0000-00-00 00:00:00'),
(13, '2020-07-20 05:02:50', '0000-00-00 00:00:00'),
(13, '2020-07-21 07:16:09', '0000-00-00 00:00:00'),
(13, '2020-07-21 11:27:34', '2020-07-21 12:50:20'),
(14, '2020-07-21 12:51:46', '0000-00-00 00:00:00'),
(13, '2020-07-21 23:20:56', '0000-00-00 00:00:00'),
(14, '2020-07-21 23:29:00', '2020-07-21 23:31:39'),
(14, '2020-07-21 23:36:42', '0000-00-00 00:00:00'),
(13, '2020-07-21 23:38:28', '0000-00-00 00:00:00'),
(13, '2020-07-22 08:13:05', '0000-00-00 00:00:00'),
(13, '2020-07-22 10:51:06', '0000-00-00 00:00:00'),
(13, '2020-07-22 11:16:54', '0000-00-00 00:00:00'),
(14, '2020-07-22 11:21:21', '0000-00-00 00:00:00'),
(14, '2020-07-23 00:29:01', '0000-00-00 00:00:00'),
(13, '2020-07-23 02:41:24', '0000-00-00 00:00:00'),
(13, '2020-07-23 09:51:08', '0000-00-00 00:00:00'),
(13, '2020-07-24 00:57:53', '0000-00-00 00:00:00'),
(13, '2020-08-10 06:06:20', '2020-08-10 06:09:48'),
(15, '2020-08-10 06:10:07', '2020-08-10 06:15:18'),
(13, '2020-08-10 06:15:29', '0000-00-00 00:00:00'),
(13, '2020-08-11 09:34:18', '0000-00-00 00:00:00'),
(13, '2020-08-16 09:49:47', '0000-00-00 00:00:00'),
(13, '2020-09-07 00:32:26', '0000-00-00 00:00:00'),
(13, '2020-09-27 02:06:48', '0000-00-00 00:00:00'),
(14, '2020-09-27 02:08:59', '0000-00-00 00:00:00'),
(14, '2020-09-27 02:46:10', '2020-09-27 02:57:28'),
(13, '2020-09-27 02:57:31', '2020-09-27 04:23:04'),
(14, '2020-09-27 04:23:12', '0000-00-00 00:00:00'),
(13, '2020-09-27 22:56:39', '2020-09-28 02:20:48'),
(14, '2020-09-28 02:20:54', '0000-00-00 00:00:00'),
(14, '2020-09-28 23:45:50', '2020-09-29 01:47:23'),
(14, '2020-09-29 01:50:40', '2020-09-29 01:52:29'),
(14, '2020-09-29 01:52:44', '2020-09-29 01:52:48'),
(13, '2020-10-09 23:50:36', '0000-00-00 00:00:00'),
(13, '2020-10-10 02:38:20', '0000-00-00 00:00:00'),
(14, '2020-10-10 03:25:43', '0000-00-00 00:00:00'),
(13, '2020-10-10 09:30:41', '0000-00-00 00:00:00'),
(13, '2020-10-11 00:41:05', '0000-00-00 00:00:00'),
(13, '2020-10-11 04:23:04', '0000-00-00 00:00:00'),
(13, '2020-10-11 08:35:54', '0000-00-00 00:00:00'),
(14, '2020-10-11 23:44:45', '0000-00-00 00:00:00'),
(13, '2020-10-12 01:06:05', '0000-00-00 00:00:00'),
(13, '2020-10-12 01:48:41', '0000-00-00 00:00:00'),
(13, '2020-10-13 05:43:52', '0000-00-00 00:00:00'),
(14, '2020-10-13 05:46:18', '2020-10-13 05:47:54'),
(13, '2020-10-13 05:48:00', '2020-10-13 05:48:24'),
(14, '2020-10-13 05:48:31', '2020-10-13 05:48:47'),
(13, '2020-10-13 05:48:59', '2020-10-13 05:50:38'),
(13, '2020-10-13 05:50:48', '2020-10-13 05:51:09'),
(14, '2020-10-13 05:51:19', '0000-00-00 00:00:00'),
(13, '2020-10-15 01:18:14', '0000-00-00 00:00:00'),
(13, '2020-10-29 01:45:54', '0000-00-00 00:00:00'),
(13, '2020-11-04 08:56:14', '0000-00-00 00:00:00'),
(13, '2020-11-04 23:33:57', '2020-11-05 00:35:09'),
(14, '2020-11-05 00:35:21', '2020-11-05 04:20:50'),
(13, '2020-11-05 02:44:32', '0000-00-00 00:00:00'),
(13, '2020-11-05 04:21:04', '2020-11-05 04:21:21'),
(14, '2020-11-05 04:21:38', '2020-11-05 04:21:46'),
(13, '2020-11-05 04:21:52', '0000-00-00 00:00:00'),
(13, '2020-11-05 23:36:36', '0000-00-00 00:00:00'),
(13, '2020-11-06 01:59:43', '0000-00-00 00:00:00'),
(13, '2020-11-07 05:07:20', '2020-11-07 05:07:35'),
(14, '2020-11-07 05:07:42', '0000-00-00 00:00:00'),
(13, '2020-11-08 08:11:41', '0000-00-00 00:00:00'),
(13, '2020-11-11 22:22:06', '0000-00-00 00:00:00'),
(13, '2020-11-11 22:34:45', '0000-00-00 00:00:00'),
(13, '2020-11-11 23:46:48', '0000-00-00 00:00:00'),
(13, '2020-11-15 22:19:53', '0000-00-00 00:00:00'),
(14, '2020-11-16 00:29:48', '0000-00-00 00:00:00'),
(13, '2020-11-17 09:00:16', '0000-00-00 00:00:00'),
(14, '2020-11-17 09:06:54', '0000-00-00 00:00:00'),
(13, '2020-11-17 09:14:52', '0000-00-00 00:00:00'),
(13, '2020-11-18 01:04:42', '0000-00-00 00:00:00'),
(13, '2020-11-18 02:23:06', '0000-00-00 00:00:00'),
(14, '2020-11-18 04:45:12', '0000-00-00 00:00:00'),
(13, '2020-11-18 06:09:42', '0000-00-00 00:00:00'),
(13, '2020-11-18 07:32:42', '0000-00-00 00:00:00'),
(13, '2020-11-18 22:48:55', '0000-00-00 00:00:00'),
(14, '2020-11-19 01:12:15', '0000-00-00 00:00:00'),
(13, '2020-11-19 02:55:38', '0000-00-00 00:00:00'),
(13, '2020-11-19 07:03:17', '0000-00-00 00:00:00'),
(13, '2020-11-20 00:16:51', '2020-11-20 00:24:03'),
(13, '2020-11-22 09:33:28', '0000-00-00 00:00:00'),
(13, '2020-11-29 22:59:24', '0000-00-00 00:00:00'),
(14, '2020-12-01 06:06:29', '2020-12-01 06:13:46'),
(14, '2020-12-28 00:32:10', '0000-00-00 00:00:00'),
(13, '2021-01-05 07:35:37', '0000-00-00 00:00:00'),
(13, '2021-01-06 00:21:44', '2021-01-06 00:24:42'),
(14, '2021-01-06 00:24:53', '2021-01-06 00:25:26'),
(13, '2021-01-06 00:25:31', '0000-00-00 00:00:00'),
(13, '2021-01-06 01:41:52', '0000-00-00 00:00:00'),
(13, '2021-01-10 02:21:46', '0000-00-00 00:00:00'),
(13, '2021-01-16 00:36:27', '0000-00-00 00:00:00'),
(13, '2021-01-16 00:47:25', '0000-00-00 00:00:00'),
(13, '2021-01-19 12:32:54', '0000-00-00 00:00:00'),
(13, '2021-01-23 22:28:25', '0000-00-00 00:00:00'),
(14, '2021-01-23 22:47:42', '0000-00-00 00:00:00'),
(14, '2021-01-24 00:22:47', '0000-00-00 00:00:00'),
(14, '2021-01-24 22:05:28', '2021-01-25 01:53:10'),
(13, '2021-01-26 00:18:24', '0000-00-00 00:00:00'),
(14, '2021-01-26 04:10:46', '0000-00-00 00:00:00'),
(13, '2021-02-01 06:03:33', '2021-02-01 06:05:09'),
(16, '2021-02-01 06:05:17', '2021-02-01 06:06:06'),
(14, '2021-02-01 06:19:50', '2021-02-01 06:20:29'),
(14, '2021-02-01 06:23:45', '2021-02-01 06:27:34'),
(14, '2021-02-01 06:27:58', '0000-00-00 00:00:00'),
(13, '2021-02-01 07:32:58', '0000-00-00 00:00:00'),
(14, '2021-02-02 01:07:36', '0000-00-00 00:00:00'),
(13, '2021-02-02 22:19:54', '0000-00-00 00:00:00'),
(13, '2021-02-02 23:19:44', '2021-02-03 01:00:44'),
(14, '2021-02-03 00:00:10', '2021-02-03 01:48:19'),
(16, '2021-02-03 01:48:22', '2021-02-03 01:48:36'),
(14, '2021-02-03 01:48:44', '0000-00-00 00:00:00'),
(13, '2021-02-03 22:41:30', '2021-02-03 22:48:00'),
(13, '2021-02-05 22:07:23', '0000-00-00 00:00:00'),
(13, '2021-02-06 07:13:58', '0000-00-00 00:00:00'),
(13, '2021-02-07 05:45:15', '2021-02-07 05:58:38'),
(13, '2021-02-07 07:15:24', '0000-00-00 00:00:00'),
(13, '2021-02-07 10:24:32', '0000-00-00 00:00:00'),
(13, '2021-02-08 00:21:12', '0000-00-00 00:00:00'),
(14, '2021-02-08 22:02:49', '0000-00-00 00:00:00'),
(13, '2021-02-09 05:48:07', '2021-02-09 05:54:00'),
(14, '2021-02-09 06:03:27', '0000-00-00 00:00:00'),
(13, '2021-02-09 09:12:45', '0000-00-00 00:00:00'),
(13, '2021-02-10 04:17:07', '2021-02-10 05:07:46'),
(14, '2021-02-10 05:07:56', '2021-02-10 05:08:04'),
(14, '2021-02-10 05:08:10', '2021-02-10 05:09:19'),
(14, '2021-02-10 05:09:25', '2021-02-10 05:10:20'),
(14, '2021-02-10 05:10:26', '2021-02-10 05:27:10'),
(13, '2021-02-10 05:27:16', '2021-02-10 05:27:36'),
(13, '2021-02-10 05:27:48', '2021-02-10 05:49:20'),
(13, '2021-02-10 07:10:00', '0000-00-00 00:00:00'),
(13, '2021-03-31 05:38:37', '2021-03-31 05:38:45'),
(14, '2021-03-31 05:38:56', '2021-03-31 11:21:01'),
(13, '2021-03-31 11:21:06', '0000-00-00 00:00:00'),
(13, '2021-04-10 12:31:54', '2021-04-10 12:35:18'),
(14, '2021-04-10 12:35:24', '0000-00-00 00:00:00'),
(14, '2021-04-11 13:16:51', '0000-00-00 00:00:00'),
(14, '2021-04-12 05:29:15', '0000-00-00 00:00:00'),
(14, '2021-04-12 10:58:55', '0000-00-00 00:00:00'),
(14, '2021-04-13 08:09:34', '0000-00-00 00:00:00'),
(14, '2021-04-15 05:45:04', '0000-00-00 00:00:00'),
(14, '2021-04-17 05:52:18', '0000-00-00 00:00:00'),
(14, '2021-04-18 05:56:20', '0000-00-00 00:00:00'),
(14, '2021-04-18 07:53:27', '2021-04-18 08:24:38'),
(14, '2021-04-18 07:58:23', '0000-00-00 00:00:00'),
(13, '2021-04-18 08:24:42', '2021-04-18 11:31:13'),
(14, '2021-04-18 11:31:21', '2021-04-18 11:31:37'),
(13, '2021-04-18 11:31:42', '0000-00-00 00:00:00'),
(14, '2021-04-19 05:30:25', '0000-00-00 00:00:00'),
(13, '2021-04-19 06:39:13', '2021-04-19 06:39:31'),
(13, '2021-04-19 06:39:42', '0000-00-00 00:00:00'),
(13, '2021-04-19 10:13:12', '0000-00-00 00:00:00'),
(14, '2021-04-19 11:29:32', '0000-00-00 00:00:00'),
(13, '2021-04-19 12:37:44', '0000-00-00 00:00:00'),
(13, '2021-04-21 10:49:15', '0000-00-00 00:00:00'),
(14, '2021-04-22 05:39:21', '0000-00-00 00:00:00'),
(13, '2021-04-22 06:36:30', '0000-00-00 00:00:00'),
(14, '2021-04-24 05:34:48', '0000-00-00 00:00:00'),
(14, '2021-04-25 05:58:50', '0000-00-00 00:00:00'),
(13, '2021-04-25 08:05:32', '0000-00-00 00:00:00'),
(1, '2021-04-26 06:20:01', '2021-04-26 06:27:26'),
(1, '2021-04-26 06:30:43', '2021-04-26 06:30:58'),
(1, '2021-04-26 06:31:12', '2021-04-26 06:31:50'),
(1, '2021-04-26 06:31:58', '2021-04-26 06:44:30'),
(1, '2021-04-26 06:45:32', '2021-04-26 06:47:57'),
(1, '2021-04-26 06:48:29', '2021-04-26 06:59:16'),
(1, '2021-04-26 06:48:29', '2021-04-26 06:59:16'),
(1, '2021-04-26 06:59:25', '2021-04-26 07:05:45'),
(1, '2021-04-26 07:06:00', '2021-04-26 07:07:52'),
(13, '2021-04-26 07:07:09', '0000-00-00 00:00:00'),
(14, '2021-04-26 07:08:07', '0000-00-00 00:00:00'),
(1, '2021-04-26 08:24:19', '2021-04-26 08:28:01'),
(14, '2021-04-26 10:40:33', '2021-04-26 10:40:36'),
(13, '2021-04-26 10:47:26', '2021-04-26 11:44:08'),
(13, '2021-04-26 10:48:58', '0000-00-00 00:00:00'),
(14, '2021-04-26 11:44:12', '0000-00-00 00:00:00'),
(2, '2021-04-26 13:06:51', '2021-04-26 13:12:04'),
(2, '2021-04-26 13:12:16', '0000-00-00 00:00:00'),
(14, '2021-04-27 05:33:17', '0000-00-00 00:00:00'),
(13, '2021-04-27 05:40:42', '2021-04-27 07:29:46'),
(13, '2021-04-27 07:29:54', '0000-00-00 00:00:00'),
(3, '2021-04-27 07:49:12', '2021-04-27 08:02:45'),
(3, '2021-04-27 08:06:09', '0000-00-00 00:00:00'),
(13, '2021-04-27 08:12:54', '2021-04-27 08:13:25'),
(14, '2021-04-27 08:13:43', '0000-00-00 00:00:00'),
(1, '2021-04-27 10:17:50', '2021-04-27 12:16:33'),
(1, '2021-04-27 12:16:44', '2021-04-27 12:40:24'),
(4, '2021-04-27 12:17:20', '2021-04-27 12:42:12'),
(14, '2021-04-28 05:55:34', '0000-00-00 00:00:00'),
(1, '2021-04-28 06:21:43', '2021-04-28 06:21:50'),
(13, '2021-04-28 06:40:19', '2021-04-28 08:27:15'),
(1, '2021-04-28 06:59:36', '2021-04-28 06:59:39'),
(14, '2021-04-28 08:27:20', '2021-04-28 08:35:59'),
(13, '2021-04-28 08:36:02', '0000-00-00 00:00:00'),
(1, '2021-04-28 08:55:28', '2021-04-28 08:55:35'),
(13, '2021-04-29 05:43:14', '2021-04-29 05:43:22'),
(13, '2021-04-29 05:43:27', '0000-00-00 00:00:00'),
(13, '2021-04-29 05:46:45', '2021-04-29 06:41:03'),
(14, '2021-04-29 06:41:09', '0000-00-00 00:00:00'),
(14, '2021-04-29 07:02:02', '0000-00-00 00:00:00'),
(1, '2021-04-29 08:23:53', '2021-04-29 08:23:56'),
(3, '2021-04-29 08:24:37', '0000-00-00 00:00:00'),
(2, '2021-04-29 08:24:44', '2021-04-29 09:54:47'),
(14, '2021-04-29 09:01:29', '0000-00-00 00:00:00'),
(13, '2021-04-29 09:06:15', '0000-00-00 00:00:00'),
(1, '2021-04-29 09:15:34', '2021-04-29 09:15:43'),
(13, '2021-04-29 10:12:14', '0000-00-00 00:00:00'),
(1, '2021-04-29 10:32:14', '2021-04-29 10:43:23'),
(2, '2021-04-29 10:39:00', '2021-04-29 10:56:17'),
(1, '2021-04-29 10:43:49', '2021-04-29 10:44:36'),
(1, '2021-04-29 10:45:06', '0000-00-00 00:00:00'),
(14, '2021-04-29 10:46:53', '0000-00-00 00:00:00'),
(13, '2021-04-29 10:56:22', '0000-00-00 00:00:00'),
(1, '2021-04-29 12:52:58', '0000-00-00 00:00:00'),
(13, '2021-05-02 05:27:51', '0000-00-00 00:00:00'),
(1, '2021-05-02 05:28:46', '0000-00-00 00:00:00'),
(2, '2021-05-02 09:17:11', '0000-00-00 00:00:00'),
(3, '2021-05-03 07:36:01', '0000-00-00 00:00:00'),
(1, '2021-05-03 09:49:44', '0000-00-00 00:00:00'),
(13, '2021-05-03 10:26:09', '0000-00-00 00:00:00'),
(1, '2021-05-04 07:03:51', '0000-00-00 00:00:00'),
(2, '2021-05-04 07:32:32', '0000-00-00 00:00:00'),
(14, '2021-05-04 08:38:05', '2021-05-04 10:09:14'),
(3, '2021-05-04 09:11:53', '0000-00-00 00:00:00'),
(1, '2021-05-04 10:09:44', '0000-00-00 00:00:00'),
(14, '2021-05-04 10:14:20', '0000-00-00 00:00:00'),
(3, '2021-05-04 12:17:58', '0000-00-00 00:00:00'),
(1, '2021-05-05 05:43:36', '0000-00-00 00:00:00'),
(14, '2021-05-05 06:51:59', '0000-00-00 00:00:00'),
(13, '2021-05-05 09:51:50', '2021-05-05 09:52:00'),
(14, '2021-05-05 09:52:20', '0000-00-00 00:00:00'),
(3, '2021-05-05 09:56:02', '0000-00-00 00:00:00'),
(2, '2021-05-05 11:38:59', '0000-00-00 00:00:00'),
(14, '2021-05-05 11:53:58', '0000-00-00 00:00:00'),
(1, '2021-05-05 12:27:21', '0000-00-00 00:00:00'),
(14, '2021-05-05 12:28:29', '0000-00-00 00:00:00'),
(14, '2021-05-05 12:29:30', '0000-00-00 00:00:00'),
(3, '2021-05-05 12:31:47', '0000-00-00 00:00:00'),
(3, '2021-05-05 12:32:01', '0000-00-00 00:00:00'),
(1, '2021-05-06 05:35:14', '0000-00-00 00:00:00'),
(14, '2021-05-06 05:40:56', '2021-05-06 10:49:38'),
(3, '2021-05-06 06:59:07', '0000-00-00 00:00:00'),
(14, '2021-05-06 06:59:54', '0000-00-00 00:00:00'),
(1, '2021-05-06 10:50:40', '0000-00-00 00:00:00'),
(2, '2021-05-06 10:58:25', '0000-00-00 00:00:00'),
(14, '2021-05-08 05:32:32', '0000-00-00 00:00:00'),
(14, '2021-05-08 05:57:19', '0000-00-00 00:00:00'),
(13, '2021-05-08 06:32:14', '0000-00-00 00:00:00'),
(1, '2021-05-08 08:03:15', '0000-00-00 00:00:00'),
(2, '2021-05-08 10:03:33', '0000-00-00 00:00:00'),
(2, '2021-05-08 11:19:41', '0000-00-00 00:00:00'),
(1, '2021-05-08 11:54:24', '0000-00-00 00:00:00'),
(14, '2021-05-09 06:50:26', '0000-00-00 00:00:00'),
(14, '2021-05-09 07:49:03', '0000-00-00 00:00:00'),
(13, '2021-05-09 09:02:15', '0000-00-00 00:00:00'),
(14, '2021-05-10 05:27:49', '0000-00-00 00:00:00'),
(1, '2021-05-10 08:33:24', '0000-00-00 00:00:00'),
(14, '2021-05-10 08:44:45', '0000-00-00 00:00:00'),
(1, '2021-05-10 09:25:50', '0000-00-00 00:00:00'),
(1, '2021-05-10 09:52:10', '0000-00-00 00:00:00'),
(1, '2021-05-10 11:02:51', '0000-00-00 00:00:00'),
(1, '2021-05-10 11:14:53', '0000-00-00 00:00:00'),
(2, '2021-05-10 11:16:31', '0000-00-00 00:00:00'),
(1, '2021-05-10 11:25:01', '0000-00-00 00:00:00'),
(1, '2021-05-10 12:48:54', '0000-00-00 00:00:00'),
(14, '2021-05-10 12:54:41', '0000-00-00 00:00:00'),
(1, '2021-05-18 06:14:12', '0000-00-00 00:00:00'),
(14, '2021-05-18 10:15:16', '0000-00-00 00:00:00'),
(14, '2021-05-18 10:17:37', '2021-05-18 10:18:24'),
(13, '2021-05-18 10:18:36', '0000-00-00 00:00:00'),
(13, '2021-05-18 10:18:58', '2021-05-18 11:46:46'),
(14, '2021-05-18 11:46:58', '0000-00-00 00:00:00'),
(14, '2021-05-19 06:15:43', '0000-00-00 00:00:00'),
(13, '2021-05-19 07:05:08', '0000-00-00 00:00:00'),
(14, '2021-05-19 07:18:21', '0000-00-00 00:00:00'),
(2, '2021-05-19 07:55:40', '0000-00-00 00:00:00'),
(1, '2021-05-19 08:17:45', '0000-00-00 00:00:00'),
(14, '2021-05-19 10:15:52', '0000-00-00 00:00:00'),
(14, '2021-05-20 07:50:24', '0000-00-00 00:00:00'),
(14, '2021-05-20 11:40:31', '0000-00-00 00:00:00'),
(13, '2021-05-23 05:49:21', '0000-00-00 00:00:00'),
(13, '2021-05-23 10:15:56', '0000-00-00 00:00:00'),
(14, '2021-05-23 13:11:59', '0000-00-00 00:00:00'),
(13, '2021-05-23 13:14:28', '0000-00-00 00:00:00'),
(14, '2021-05-24 05:19:11', '0000-00-00 00:00:00'),
(13, '2021-05-24 05:29:24', '0000-00-00 00:00:00'),
(1, '2021-05-24 05:34:23', '0000-00-00 00:00:00'),
(13, '2021-05-24 07:33:03', '0000-00-00 00:00:00'),
(14, '2021-05-24 11:11:01', '0000-00-00 00:00:00'),
(2, '2021-05-25 05:24:48', '0000-00-00 00:00:00'),
(14, '2021-05-25 06:00:51', '0000-00-00 00:00:00'),
(13, '2021-05-25 06:21:39', '0000-00-00 00:00:00'),
(14, '2021-05-25 12:56:01', '0000-00-00 00:00:00'),
(13, '2021-05-25 13:18:03', '0000-00-00 00:00:00'),
(13, '2021-05-26 06:42:20', '0000-00-00 00:00:00'),
(13, '2021-05-26 07:26:32', '0000-00-00 00:00:00'),
(1, '2021-05-26 08:34:27', '0000-00-00 00:00:00'),
(1, '2021-05-26 10:49:29', '0000-00-00 00:00:00'),
(14, '2021-05-26 11:10:09', '0000-00-00 00:00:00'),
(2, '2021-05-26 11:34:14', '0000-00-00 00:00:00'),
(14, '2021-05-26 11:37:02', '2021-05-26 12:29:46'),
(1, '2021-05-26 13:00:13', '0000-00-00 00:00:00'),
(2, '2021-05-26 13:00:48', '0000-00-00 00:00:00'),
(14, '2021-05-26 13:01:02', '2021-05-26 13:03:01'),
(2, '2021-05-26 13:01:14', '0000-00-00 00:00:00'),
(2, '2021-05-26 13:02:16', '0000-00-00 00:00:00'),
(14, '2021-05-26 13:13:02', '0000-00-00 00:00:00'),
(1, '2021-05-26 13:13:57', '0000-00-00 00:00:00');

-- --------------------------------------------------------

--
-- Table structure for table `brands`
--

CREATE TABLE `brands` (
  `id` int(11) NOT NULL,
  `brand` varchar(255) COLLATE utf8mb4_unicode_ci NOT NULL,
  `trash` int(1) NOT NULL DEFAULT 0
) ENGINE=InnoDB DEFAULT CHARSET=utf8mb4 COLLATE=utf8mb4_unicode_ci;

--
-- Dumping data for table `brands`
--

INSERT INTO `brands` (`id`, `brand`, `trash`) VALUES
(1, 'Test Brand', 0),
(2, 'Test Brand - 2', 0);

-- --------------------------------------------------------

--
-- Table structure for table `categories`
--

CREATE TABLE `categories` (
  `id` int(11) NOT NULL,
  `category` varchar(255) COLLATE utf8mb4_unicode_ci NOT NULL,
  `img` text COLLATE utf8mb4_unicode_ci NOT NULL,
  `position` int(11) NOT NULL DEFAULT 0,
  `trash` int(1) NOT NULL DEFAULT 0
) ENGINE=InnoDB DEFAULT CHARSET=utf8mb4 COLLATE=utf8mb4_unicode_ci;

--
-- Dumping data for table `categories`
--

INSERT INTO `categories` (`id`, `category`, `img`, `position`, `trash`) VALUES
(1, 'Food', 'public/images/categories/1618209257.webp', 0, 1),
(2, 'Food', 'public/images/categories/1620285633.webp', 0, 0),
(3, 'Mobile', 'public/images/categories/1619582261.webp', 0, 0),
(4, 'Computer', 'public/images/categories/1620285666.webp', 0, 0),
(5, 'Car', 'public/images/categories/1620285670.webp', 0, 0),
(6, 'Cloth', 'public/images/categories/1620285674.webp', 0, 0),
(7, 'Vegetable', 'public/images/categories/1620285679.webp', 0, 0),
(8, 'Instruments', 'public/images/categories/1620285684.webp', 0, 0),
(9, 'Mobile', '', 0, 1);

-- --------------------------------------------------------

--
-- Table structure for table `colors`
--

CREATE TABLE `colors` (
  `id` int(11) NOT NULL,
  `color` varchar(255) COLLATE utf8mb4_unicode_ci NOT NULL,
  `color_code` varchar(255) COLLATE utf8mb4_unicode_ci DEFAULT NULL,
  `trash` int(1) NOT NULL DEFAULT 0
) ENGINE=InnoDB DEFAULT CHARSET=utf8mb4 COLLATE=utf8mb4_unicode_ci;

--
-- Dumping data for table `colors`
--

INSERT INTO `colors` (`id`, `color`, `color_code`, `trash`) VALUES
(1, 'Test Brand', NULL, 1),
(2, 'Red', '#e20606', 0),
(3, 'Green', '#21b73a', 0),
(4, 'Yellow', '#f1c444', 0),
(5, 'Ash', '#1122CC', 0);

-- --------------------------------------------------------

--
-- Table structure for table `districts`
--

CREATE TABLE `districts` (
  `id` int(10) UNSIGNED NOT NULL,
  `name` varchar(191) COLLATE utf8mb4_unicode_ci NOT NULL,
  `country` varchar(191) COLLATE utf8mb4_unicode_ci DEFAULT NULL,
  `shipping_cost` double(8,2) DEFAULT NULL,
  `status` tinyint(3) UNSIGNED NOT NULL DEFAULT 1,
  `created_at` timestamp NULL DEFAULT NULL,
  `updated_at` timestamp NULL DEFAULT NULL
) ENGINE=InnoDB DEFAULT CHARSET=utf8mb4 COLLATE=utf8mb4_unicode_ci ROW_FORMAT=DYNAMIC;

--
-- Dumping data for table `districts`
--

INSERT INTO `districts` (`id`, `name`, `country`, `shipping_cost`, `status`, `created_at`, `updated_at`) VALUES
(1, 'Dhaka', 'Bangladesh', 0.00, 1, '2019-04-05 06:00:00', '2019-04-05 06:00:00'),
(2, 'Faridpur', 'Bangladesh', 0.00, 1, '2019-04-05 06:00:00', '2019-04-05 06:00:00'),
(3, 'Gazipur', 'Bangladesh', 0.00, 1, '2019-04-05 06:00:00', '2019-04-05 06:00:00'),
(4, 'Gopalganj', 'Bangladesh', 0.00, 1, '2019-04-05 06:00:00', '2019-04-05 06:00:00'),
(5, 'Jamalpur', 'Bangladesh', 0.00, 1, '2019-04-05 06:00:00', '2019-04-05 06:00:00'),
(6, 'Kishoreganj', 'Bangladesh', 0.00, 1, '2019-04-05 06:00:00', '2019-04-05 06:00:00'),
(7, 'Madaripur', 'Bangladesh', 0.00, 1, '2019-04-05 06:00:00', '2019-04-05 06:00:00'),
(8, 'Manikganj', 'Bangladesh', 0.00, 1, '2019-04-05 06:00:00', '2019-04-05 06:00:00'),
(9, 'Munshiganj', 'Bangladesh', 0.00, 1, '2019-04-05 06:00:00', '2019-04-05 06:00:00'),
(10, 'Mymensingh', 'Bangladesh', 100.00, 1, '2019-04-05 06:00:00', '2020-11-02 04:22:52'),
(11, 'Narayanganj', 'Bangladesh', 0.00, 1, '2019-04-05 06:00:00', '2019-04-05 06:00:00'),
(12, 'Narsingdi', 'Bangladesh', 0.00, 1, '2019-04-05 06:00:00', '2019-04-05 06:00:00'),
(13, 'Netrokona', 'Bangladesh', 0.00, 1, '2019-04-05 06:00:00', '2019-04-05 06:00:00'),
(14, 'Rajbari', 'Bangladesh', 0.00, 1, '2019-04-05 06:00:00', '2019-04-05 06:00:00'),
(15, 'Shariatpur', 'Bangladesh', 0.00, 1, '2019-04-05 06:00:00', '2019-04-05 06:00:00'),
(16, 'Sherpur', 'Bangladesh', 0.00, 1, '2019-04-05 06:00:00', '2019-04-05 06:00:00'),
(17, 'Tangail', 'Bangladesh', 0.00, 1, '2019-04-05 06:00:00', '2019-04-05 06:00:00'),
(18, 'Bogra', 'Bangladesh', 0.00, 1, '2019-04-05 06:00:00', '2019-04-05 06:00:00'),
(19, 'Joypurhat', 'Bangladesh', 0.00, 1, '2019-04-05 06:00:00', '2019-04-05 06:00:00'),
(20, 'Naogaon', 'Bangladesh', 0.00, 1, '2019-04-05 06:00:00', '2019-04-05 06:00:00'),
(21, 'Natore', 'Bangladesh', 0.00, 1, '2019-04-05 06:00:00', '2019-04-05 06:00:00'),
(22, 'Nawabganj', 'Bangladesh', 0.00, 1, '2019-04-05 06:00:00', '2019-04-05 06:00:00'),
(23, 'Pabna', 'Bangladesh', 0.00, 1, '2019-04-05 06:00:00', '2019-04-05 06:00:00'),
(24, 'Rajshahi', 'Bangladesh', 0.00, 1, '2019-04-05 06:00:00', '2019-04-05 06:00:00'),
(25, 'Sirajgonj', 'Bangladesh', 0.00, 1, '2019-04-05 06:00:00', '2019-04-05 06:00:00'),
(26, 'Dinajpur', 'Bangladesh', 0.00, 1, '2019-04-05 06:00:00', '2019-04-05 06:00:00'),
(27, 'Gaibandha', 'Bangladesh', 0.00, 1, '2019-04-05 06:00:00', '2019-04-05 06:00:00'),
(28, 'Kurigram', 'Bangladesh', 0.00, 1, '2019-04-05 06:00:00', '2019-04-05 06:00:00'),
(29, 'Lalmonirhat', 'Bangladesh', 0.00, 1, '2019-04-05 06:00:00', '2019-04-05 06:00:00'),
(30, 'Nilphamari', 'Bangladesh', 0.00, 1, '2019-04-05 06:00:00', '2019-04-05 06:00:00'),
(31, 'Panchagarh', 'Bangladesh', 0.00, 1, '2019-04-05 06:00:00', '2019-04-05 06:00:00'),
(32, 'Rangpur', 'Bangladesh', 0.00, 1, '2019-04-05 06:00:00', '2019-04-05 06:00:00'),
(33, 'Thakurgaon', 'Bangladesh', 0.00, 1, '2019-04-05 06:00:00', '2019-04-05 06:00:00'),
(34, 'Barguna', 'Bangladesh', 100.00, 1, '2019-04-05 06:00:00', '2020-11-01 04:26:42'),
(35, 'Barisal', 'Bangladesh', 0.00, 1, '2019-04-05 06:00:00', '2019-04-05 06:00:00'),
(36, 'Bhola', 'Bangladesh', 0.00, 1, '2019-04-05 06:00:00', '2019-04-05 06:00:00'),
(37, 'Jhalokati', 'Bangladesh', 0.00, 1, '2019-04-05 06:00:00', '2019-04-05 06:00:00'),
(38, 'Patuakhali', 'Bangladesh', 0.00, 1, '2019-04-05 06:00:00', '2019-04-05 06:00:00'),
(39, 'Pirojpur', 'Bangladesh', 0.00, 1, '2019-04-05 06:00:00', '2019-04-05 06:00:00'),
(40, 'Bandarban', 'Bangladesh', 0.00, 1, '2019-04-05 06:00:00', '2019-04-05 06:00:00'),
(41, 'Brahmanbaria', 'Bangladesh', 0.00, 1, '2019-04-05 06:00:00', '2019-04-05 06:00:00'),
(42, 'Chandpur', 'Bangladesh', 0.00, 1, '2019-04-05 06:00:00', '2019-04-05 06:00:00'),
(43, 'Chittagong', 'Bangladesh', 0.00, 1, '2019-04-05 06:00:00', '2019-04-05 06:00:00'),
(44, 'Comilla', 'Bangladesh', 0.00, 1, '2019-04-05 06:00:00', '2019-04-05 06:00:00'),
(45, 'Coxs Bazar', 'Bangladesh', 0.00, 1, '2019-04-05 06:00:00', '2019-04-05 06:00:00'),
(46, 'Feni', 'Bangladesh', 0.00, 1, '2019-04-05 06:00:00', '2019-04-05 06:00:00'),
(47, 'Khagrachari', 'Bangladesh', 0.00, 1, '2019-04-05 06:00:00', '2019-04-05 06:00:00'),
(48, 'Lakshmipur', 'Bangladesh', 0.00, 1, '2019-04-05 06:00:00', '2019-04-05 06:00:00'),
(49, 'Noakhali', 'Bangladesh', 0.00, 1, '2019-04-05 06:00:00', '2019-04-05 06:00:00'),
(50, 'Rangamati', 'Bangladesh', 0.00, 1, '2019-04-05 06:00:00', '2019-04-05 06:00:00'),
(51, 'Habiganj', 'Bangladesh', 0.00, 1, '2019-04-05 06:00:00', '2019-04-05 06:00:00'),
(52, 'Maulvibazar', 'Bangladesh', 0.00, 1, '2019-04-05 06:00:00', '2019-04-05 06:00:00'),
(53, 'Sunamganj', 'Bangladesh', 0.00, 1, '2019-04-05 06:00:00', '2019-04-05 06:00:00'),
(54, 'Sylhet', 'Bangladesh', 0.00, 1, '2019-04-05 06:00:00', '2019-04-05 06:00:00'),
(55, 'Bagerhat', 'Bangladesh', 22.00, 1, '2019-04-05 06:00:00', '2019-04-09 22:30:00'),
(56, 'Chuadanga', 'Bangladesh', 0.00, 1, '2019-04-05 06:00:00', '2019-04-05 06:00:00'),
(57, 'Jessore', 'Bangladesh', 0.00, 1, '2019-04-05 06:00:00', '2019-04-05 06:00:00'),
(58, 'Jhenaidah', 'Bangladesh', 0.00, 1, '2019-04-05 06:00:00', '2019-04-05 06:00:00'),
(59, 'Khulna', 'Bangladesh', 0.00, 1, '2019-04-05 06:00:00', '2019-04-05 06:00:00'),
(60, 'Kushtia', 'Bangladesh', 0.00, 1, '2019-04-05 06:00:00', '2019-04-05 06:00:00'),
(61, 'Magura', 'Bangladesh', 0.00, 1, '2019-04-05 06:00:00', '2019-04-05 06:00:00'),
(62, 'Meherpur', 'Bangladesh', 0.00, 1, '2019-04-05 06:00:00', '2019-04-05 06:00:00'),
(63, 'Narail', 'Bangladesh', 0.00, 1, '2019-04-05 06:00:00', '2019-04-05 06:00:00'),
(64, 'Satkhira', 'Bangladesh', 0.00, 1, '2019-04-05 06:00:00', '2019-04-09 10:49:04');

-- --------------------------------------------------------

--
-- Table structure for table `footer`
--

CREATE TABLE `footer` (
  `id` int(11) NOT NULL,
  `location` varchar(100) COLLATE utf8mb4_unicode_ci NOT NULL,
  `email` varchar(100) COLLATE utf8mb4_unicode_ci NOT NULL,
  `phone` varchar(100) COLLATE utf8mb4_unicode_ci NOT NULL,
  `fb_link` varchar(100) COLLATE utf8mb4_unicode_ci NOT NULL,
  `g_link` varchar(100) COLLATE utf8mb4_unicode_ci NOT NULL,
  `in_link` varchar(100) COLLATE utf8mb4_unicode_ci NOT NULL,
  `tw_link` varchar(100) COLLATE utf8mb4_unicode_ci NOT NULL,
  `youtube` varchar(255) COLLATE utf8mb4_unicode_ci DEFAULT NULL,
  `trash` varchar(100) COLLATE utf8mb4_unicode_ci NOT NULL
) ENGINE=MyISAM DEFAULT CHARSET=utf8mb4 COLLATE=utf8mb4_unicode_ci;

--
-- Dumping data for table `footer`
--

INSERT INTO `footer` (`id`, `location`, `email`, `phone`, `fb_link`, `g_link`, `in_link`, `tw_link`, `youtube`, `trash`) VALUES
(1, 'Kanchijhuli Rd, Mymensingh Sadar', 'freelanceitlab@gmail.com', '01937-476716', 'https://www.facebook.com/', '', '', 'https://www.twitter.com', 'https://www.youtube.com', '');

-- --------------------------------------------------------

--
-- Table structure for table `frontend_users`
--

CREATE TABLE `frontend_users` (
  `id` int(11) NOT NULL,
  `created_at` datetime NOT NULL DEFAULT current_timestamp(),
  `username` varchar(255) COLLATE utf8mb4_unicode_ci DEFAULT NULL,
  `first_name` varchar(255) COLLATE utf8mb4_unicode_ci DEFAULT NULL,
  `last_name` varchar(255) COLLATE utf8mb4_unicode_ci DEFAULT NULL,
  `phone` varchar(255) COLLATE utf8mb4_unicode_ci DEFAULT NULL,
  `email` varchar(255) COLLATE utf8mb4_unicode_ci DEFAULT NULL,
  `password` varchar(255) COLLATE utf8mb4_unicode_ci DEFAULT NULL,
  `path` varchar(255) COLLATE utf8mb4_unicode_ci DEFAULT NULL,
  `accept` tinyint(4) NOT NULL DEFAULT 0,
  `status` tinyint(4) NOT NULL DEFAULT 0,
  `remember_token` varchar(255) COLLATE utf8mb4_unicode_ci DEFAULT NULL,
  `forgot_token` varchar(255) COLLATE utf8mb4_unicode_ci DEFAULT NULL,
  `updated_at` datetime NOT NULL DEFAULT current_timestamp()
) ENGINE=InnoDB DEFAULT CHARSET=utf8mb4 COLLATE=utf8mb4_unicode_ci;

--
-- Dumping data for table `frontend_users`
--

INSERT INTO `frontend_users` (`id`, `created_at`, `username`, `first_name`, `last_name`, `phone`, `email`, `password`, `path`, `accept`, `status`, `remember_token`, `forgot_token`, `updated_at`) VALUES
(1, '2019-09-11 16:01:23', 'Test', NULL, NULL, NULL, 'Test@Gmail.Com', NULL, NULL, 0, 0, NULL, NULL, '2019-09-11 16:01:23'),
(2, '2019-09-11 17:44:39', 'ripit', NULL, NULL, NULL, 'nisocacera@mailinator.net', 'Pa$$w0rd!', NULL, 1, 0, NULL, NULL, '2019-09-11 17:44:39'),
(3, '2019-09-11 17:48:03', 'xyrufazake', NULL, NULL, NULL, 'neropefuq@mailinator.com', 'Pa$$w0rd!', NULL, 1, 0, NULL, NULL, '2019-09-11 17:48:03'),
(4, '2019-09-11 17:50:14', 'qoqojik', NULL, NULL, NULL, 'zomo@mailinator.net', '9c622ddce42ed46304ad87b54a5b638b', NULL, 1, 0, NULL, NULL, '2019-09-11 17:50:14'),
(5, '2019-09-11 17:54:30', 'mivic', NULL, NULL, NULL, 'dyle@mailinator.com', '9c622ddce42ed46304ad87b54a5b638b', NULL, 1, 0, NULL, NULL, '2019-09-11 17:54:30'),
(6, '2019-09-11 18:26:40', 'superadmin', NULL, NULL, NULL, 'mkitlab@gmail.com', 'da0562cb48e9292a64140f1162353ecb', NULL, 1, 1, NULL, NULL, '2019-09-11 18:26:40');

-- --------------------------------------------------------

--
-- Table structure for table `header`
--

CREATE TABLE `header` (
  `id` int(11) NOT NULL,
  `web_title` varchar(100) COLLATE utf8mb4_unicode_ci NOT NULL,
  `web_logo` varchar(100) COLLATE utf8mb4_unicode_ci NOT NULL,
  `fev_icon` varchar(100) COLLATE utf8mb4_unicode_ci NOT NULL,
  `food_menu` text COLLATE utf8mb4_unicode_ci NOT NULL,
  `apk` text COLLATE utf8mb4_unicode_ci DEFAULT NULL,
  `is_verification` int(1) NOT NULL DEFAULT 1,
  `trash` int(100) NOT NULL
) ENGINE=MyISAM DEFAULT CHARSET=utf8mb4 COLLATE=utf8mb4_unicode_ci;

--
-- Dumping data for table `header`
--

INSERT INTO `header` (`id`, `web_title`, `web_logo`, `fev_icon`, `food_menu`, `apk`, `is_verification`, `trash`) VALUES
(1, 'Demo-Ecommerce', 'backend/images/header/gallery16180968230.png', 'backend/images/header/gallery16196680390.png', 'backend/images/header/gallery16102633590.pdf', 'public/apk/Shamim_vai.jpg', 0, 0);

-- --------------------------------------------------------

--
-- Table structure for table `image_gallery`
--

CREATE TABLE `image_gallery` (
  `id` int(11) NOT NULL,
  `img_name` varchar(100) COLLATE utf8mb4_unicode_ci NOT NULL,
  `img_path` varchar(100) COLLATE utf8mb4_unicode_ci NOT NULL,
  `trash` int(100) NOT NULL
) ENGINE=InnoDB DEFAULT CHARSET=utf8mb4 COLLATE=utf8mb4_unicode_ci;

--
-- Dumping data for table `image_gallery`
--

INSERT INTO `image_gallery` (`id`, `img_name`, `img_path`, `trash`) VALUES
(93, 'electronics product', 'backend/images/image_gallery/gallery16171652600.jpg', 0),
(94, 'electronics product', 'backend/images/image_gallery/gallery16171652510.jpg', 0),
(96, 'electronics product', 'backend/images/image_gallery/gallery16171652450.jpg', 0),
(97, 'electronics product', 'backend/images/image_gallery/gallery16171652350.jpg', 0),
(98, 'electronics product', 'backend/images/image_gallery/gallery16171652290.jpg', 0),
(99, 'electronics product', 'backend/images/image_gallery/gallery16171652220.jpg', 0);

-- --------------------------------------------------------

--
-- Table structure for table `orders`
--

CREATE TABLE `orders` (
  `id` int(11) NOT NULL,
  `code` varchar(255) COLLATE utf8mb4_unicode_ci NOT NULL,
  `user_id` int(11) NOT NULL,
  `name` varchar(255) COLLATE utf8mb4_unicode_ci NOT NULL,
  `mobile` varchar(255) COLLATE utf8mb4_unicode_ci NOT NULL,
  `address` text COLLATE utf8mb4_unicode_ci NOT NULL,
  `district_id` int(11) NOT NULL,
  `upazilla_id` int(11) NOT NULL,
  `shipping_cost` decimal(10,2) NOT NULL,
  `method_id` int(11) NOT NULL,
  `trx_method` varchar(255) COLLATE utf8mb4_unicode_ci NOT NULL,
  `trx_no` varchar(255) COLLATE utf8mb4_unicode_ci NOT NULL,
  `trx_code` varchar(255) COLLATE utf8mb4_unicode_ci NOT NULL,
  `trx_amount` decimal(10,2) NOT NULL,
  `date` date NOT NULL,
  `status` varchar(191) COLLATE utf8mb4_unicode_ci NOT NULL DEFAULT 'pending'
) ENGINE=InnoDB DEFAULT CHARSET=utf8mb4 COLLATE=utf8mb4_unicode_ci;

--
-- Dumping data for table `orders`
--

INSERT INTO `orders` (`id`, `code`, `user_id`, `name`, `mobile`, `address`, `district_id`, `upazilla_id`, `shipping_cost`, `method_id`, `trx_method`, `trx_no`, `trx_code`, `trx_amount`, `date`, `status`) VALUES
(1, '2861480', 1, 'Developer', '01983667657', 'Mymensingh, Sadar', 10, 74, '75.00', 2, '', '', '', '0.00', '2021-05-05', 'processing'),
(2, '2342053', 3, 'Abdulaha Islam', '01715246330', 'aasdas', 10, 74, '75.00', 1, '', '01715246333', 'dfvdkho1654651', '100.00', '2021-05-05', 'shipped'),
(3, '2460523', 2, 'Aminur Islam', '01910217482', 'dfdssdfd', 2, 7, '75.00', 1, '', 'asdf', 'safd', '0.00', '2021-05-05', 'on_the_way'),
(4, '2732101', 2, 'Aminur Islam', '01910217482', '3216', 11, 78, '75.00', 1, '', '548941', '6541615', '500.00', '2021-05-05', 'pending'),
(5, '9359706', 2, 'Aminur Islam', '01910217482', 'nmbvcxh', 9, 62, '75.00', 2, '', '', '', '0.00', '2021-05-05', 'pending'),
(6, '3721324', 3, 'Abdulaha Islam', '01715246330', '1', 12, 85, '75.00', 2, '', '', '', '0.00', '2021-05-05', 'pending'),
(7, '7149256', 1, 'Developer', '01983667657', 'Mymensingh, Sadar', 10, 74, '75.00', 2, 'Cash On Delivery', '', '', '0.00', '2021-05-06', 'cancel'),
(8, '4086290', 1, 'Developer', '01983667657', 'Mymensingh, Sadar', 10, 74, '75.00', 2, 'Cash On Delivery', '', '', '0.00', '2021-05-08', 'on_the_way'),
(9, '4541314', 2, 'Aminur Islam', '01910217482', 'Kumargati bottola, Haluaghat', 10, 67, '75.00', 1, 'Bkash', '214', '325', '23568.00', '2021-05-19', 'shipped');

-- --------------------------------------------------------

--
-- Table structure for table `order_items`
--

CREATE TABLE `order_items` (
  `id` int(11) NOT NULL,
  `title` text COLLATE utf8mb4_unicode_ci NOT NULL,
  `size_id` int(11) DEFAULT NULL,
  `size` varchar(255) COLLATE utf8mb4_unicode_ci DEFAULT NULL,
  `quantity` decimal(10,2) NOT NULL,
  `product_id` int(11) NOT NULL,
  `price` decimal(10,2) NOT NULL,
  `min_qty` decimal(10,2) NOT NULL,
  `is_size` int(11) DEFAULT NULL,
  `is_color` int(11) DEFAULT NULL,
  `image` text COLLATE utf8mb4_unicode_ci NOT NULL,
  `discount` decimal(10,2) NOT NULL,
  `color_id` int(11) DEFAULT NULL,
  `color` varchar(255) COLLATE utf8mb4_unicode_ci DEFAULT NULL,
  `order_id` int(11) NOT NULL,
  `color_code` varchar(255) COLLATE utf8mb4_unicode_ci DEFAULT NULL
) ENGINE=InnoDB DEFAULT CHARSET=utf8mb4 COLLATE=utf8mb4_unicode_ci;

--
-- Dumping data for table `order_items`
--

INSERT INTO `order_items` (`id`, `title`, `size_id`, `size`, `quantity`, `product_id`, `price`, `min_qty`, `is_size`, `is_color`, `image`, `discount`, `color_id`, `color`, `order_id`, `color_code`) VALUES
(1, 'Product Title One', NULL, '', '1.00', 1, '1230.00', '1.00', 1, 1, 'public/images/product/small/1619081958.webp', '67.00', NULL, '', 1, NULL),
(2, 'Product Title One', NULL, '', '1.00', 1, '1230.00', '1.00', 1, 1, 'public/images/product/small/1619081958.webp', '67.00', NULL, '', 2, NULL),
(3, 'Product Title Three', NULL, '', '9.00', 3, '3256.00', '9.00', 1, 1, 'public/images/product/small/1619331453.webp', '2.00', NULL, '', 3, NULL),
(4, 'Product Title One', NULL, '', '1.00', 1, '1230.00', '1.00', 1, 1, 'public/images/product/small/1619081958.webp', '67.00', NULL, '', 4, NULL),
(5, 'Product Title One', NULL, '', '1.00', 1, '1230.00', '1.00', 1, 1, 'public/images/product/small/1619081958.webp', '67.00', NULL, '', 5, NULL),
(6, 'Product Title One', NULL, '', '1.00', 1, '1230.00', '1.00', 1, 1, 'public/images/product/small/1619081958.webp', '67.00', NULL, '', 6, NULL),
(7, 'Product Title One', NULL, '', '1.00', 1, '1230.00', '1.00', 1, 1, 'public/images/product/small/1619081958.webp', '67.00', NULL, '', 7, NULL),
(8, 'Product Title One', 4, 'XL', '1.00', 1, '1230.00', '1.00', 1, 1, 'public/images/product/small/1620461969.webp', '67.00', 4, 'Yellow', 8, '#f1c444'),
(9, 'Product Title Three', 3, 'M', '9.00', 3, '3256.00', '9.00', 1, 1, 'public/images/product/small/1619331453.webp', '2.00', 3, 'Green', 9, '#21b73a');

-- --------------------------------------------------------

--
-- Table structure for table `pages`
--

CREATE TABLE `pages` (
  `id` int(11) NOT NULL,
  `type` varchar(255) COLLATE utf8mb4_unicode_ci DEFAULT NULL,
  `title` varchar(255) COLLATE utf8mb4_unicode_ci NOT NULL,
  `description` text COLLATE utf8mb4_unicode_ci NOT NULL
) ENGINE=InnoDB DEFAULT CHARSET=utf8mb4 COLLATE=utf8mb4_unicode_ci;

--
-- Dumping data for table `pages`
--

INSERT INTO `pages` (`id`, `type`, `title`, `description`) VALUES
(1, NULL, 'Security_Policy', '<p><span style=\"font-family: \'Open Sans\', Arial, sans-serif;\"><span style=\"font-size: 14px;\">Lorem ipsum dolor sit amet, consectetur adipiscing elit. Suspendisse dictum eget metus nec ornare. Sed in porttitor mi. Praesent in ultrices enim. Phasellus ut aliquam mi. Nullam eleifend sem massa, commodo luctus nisl euismod eget. Class aptent taciti sociosqu ad litora torquent per conubia nostra, per inceptos himenaeos. Vestibulum ornare, ante eget tristique blandit, orci ante ornare eros, sit amet gravida nisi lectus at nisl. Nam consectetur blandit felis, sit amet maximus neque tempus sit amet. Quisque non felis et felis mollis lobortis ac non libero. In varius ex ligula, at accumsan diam condimentum in. Vestibulum lacinia ultrices odio, vitae tempus ex luctus id. Curabitur tempus sapien tellus, quis ultricies metus iaculis vitae.</span></span></p>\r\n<p><span style=\"font-family: \'Open Sans\', Arial, sans-serif;\"><span style=\"font-size: 14px;\">Cras at felis ante. Donec eleifend ornare lacus non dictum. Nullam nec suscipit ante. Morbi a ornare libero, sed pellentesque erat. Sed nunc neque, laoreet eget interdum nec, efficitur vulputate nulla. Sed feugiat nec mauris id dapibus. Vestibulum ante ipsum primis in faucibus orci luctus et ultrices posuere cubilia curae; Donec eu porta purus, quis sodales tellus. Morbi sodales massa neque, id rhoncus nisl fermentum sit amet. Aliquam congue metus nec maximus pulvinar. Sed ut lectus vel nunc vestibulum bibendum. Nulla luctus nulla eget euismod ultricies. Nulla facilisi.</span></span>&nbsp;</p>\r\n<p><span style=\"font-family: \'Open Sans\', Arial, sans-serif;\"><span style=\"font-size: 14px;\">Maecenas volutpat tortor massa. Suspendisse nec dolor ante. Donec sapien tortor, dapibus id purus laoreet, luctus pulvinar ante. Sed ultrices posuere nulla, eu feugiat ex aliquet ut. Suspendisse vestibulum tellus nec est facilisis sollicitudin. In hac habitasse platea dictumst. Donec vel finibus justo. Sed congue, augue eu venenatis interdum, dolor justo volutpat lorem, in luctus elit lorem eget eros. Pellentesque volutpat hendrerit ligula eget commodo.</span></span></p>'),
(2, NULL, 'Refund_Policy', '<p><span style=\"font-family: \'Open Sans\', Arial, sans-serif;\"><span style=\"font-size: 14px;\">Lorem ipsum dolor sit amet, consectetur adipiscing elit. Suspendisse dictum eget metus nec ornare. Sed in porttitor mi. Praesent in ultrices enim. Phasellus ut aliquam mi. Nullam eleifend sem massa, commodo luctus nisl euismod eget. Class aptent taciti sociosqu ad litora torquent per conubia nostra, per inceptos himenaeos. Vestibulum ornare, ante eget tristique blandit, orci ante ornare eros, sit amet gravida nisi lectus at nisl. Nam consectetur blandit felis, sit amet maximus neque tempus sit amet. Quisque non felis et felis mollis lobortis ac non libero. In varius ex ligula, at accumsan diam condimentum in. Vestibulum lacinia ultrices odio, vitae tempus ex luctus id. Curabitur tempus sapien tellus, quis ultricies metus iaculis vitae.</span></span></p>\r\n<p><span style=\"font-family: \'Open Sans\', Arial, sans-serif;\"><span style=\"font-size: 14px;\">Cras at felis ante. Donec eleifend ornare lacus non dictum. Nullam nec suscipit ante. Morbi a ornare libero, sed pellentesque erat. Sed nunc neque, laoreet eget interdum nec, efficitur vulputate nulla. Sed feugiat nec mauris id dapibus. Vestibulum ante ipsum primis in faucibus orci luctus et ultrices posuere cubilia curae; Donec eu porta purus, quis sodales tellus. Morbi sodales massa neque, id rhoncus nisl fermentum sit amet. Aliquam congue metus nec maximus pulvinar. Sed ut lectus vel nunc vestibulum bibendum. Nulla luctus nulla eget euismod ultricies. Nulla facilisi.</span></span>&nbsp;</p>'),
(3, NULL, 'Privacy_Policy', '<p><span style=\"font-family: \'Open Sans\', Arial, sans-serif;\"><span style=\"font-size: 14px;\">Cras at felis ante. Donec eleifend ornare lacus non dictum. Nullam nec suscipit ante. Morbi a ornare libero, sed pellentesque erat. Sed nunc neque, laoreet eget interdum nec, efficitur vulputate nulla. Sed feugiat nec mauris id dapibus. Vestibulum ante ipsum primis in faucibus orci luctus et ultrices posuere cubilia curae; Donec eu porta purus, quis sodales tellus. Morbi sodales massa neque, id rhoncus nisl fermentum sit amet. Aliquam congue metus nec maximus pulvinar. Sed ut lectus vel nunc vestibulum bibendum. Nulla luctus nulla eget euismod ultricies. Nulla facilisi.</span></span>&nbsp;</p>\r\n<p><span style=\"font-family: \'Open Sans\', Arial, sans-serif;\"><span style=\"font-size: 14px;\">Maecenas volutpat tortor massa. Suspendisse nec dolor ante. Donec sapien tortor, dapibus id purus laoreet, luctus pulvinar ante. Sed ultrices posuere nulla, eu feugiat ex aliquet ut. Suspendisse vestibulum tellus nec est facilisis sollicitudin. In hac habitasse platea dictumst. Donec vel finibus justo. Sed congue, augue eu venenatis interdum, dolor justo volutpat lorem, in luctus elit lorem eget eros. Pellentesque volutpat hendrerit ligula eget commodo.</span></span></p>'),
(4, NULL, 'Terms_Of_Use', '<p><span style=\"font-family: \'Open Sans\', Arial, sans-serif;\"><span style=\"font-size: 14px;\">Lorem ipsum dolor sit amet, consectetur adipiscing elit. Suspendisse dictum eget metus nec ornare. Sed in porttitor mi. Praesent in ultrices enim. Phasellus ut aliquam mi. Nullam eleifend sem massa, commodo luctus nisl euismod eget. Class aptent taciti sociosqu ad litora torquent per conubia nostra, per inceptos himenaeos. Vestibulum ornare, ante eget tristique blandit, orci ante ornare eros, sit amet gravida nisi lectus at nisl. Nam consectetur blandit felis, sit amet maximus neque tempus sit amet. Quisque non felis et felis mollis lobortis ac non libero. In varius ex ligula, at accumsan diam condimentum in. Vestibulum lacinia ultrices odio, vitae tempus ex luctus id. Curabitur tempus sapien tellus, quis ultricies metus iaculis vitae.</span></span></p>\r\n<p><span style=\"font-family: \'Open Sans\', Arial, sans-serif;\"><span style=\"font-size: 14px;\">Maecenas volutpat tortor massa. Suspendisse nec dolor ante. Donec sapien tortor, dapibus id purus laoreet, luctus pulvinar ante. Sed ultrices posuere nulla, eu feugiat ex aliquet ut. Suspendisse vestibulum tellus nec est facilisis sollicitudin. In hac habitasse platea dictumst. Donec vel finibus justo. Sed congue, augue eu venenatis interdum, dolor justo volutpat lorem, in luctus elit lorem eget eros. Pellentesque volutpat hendrerit ligula eget commodo.</span></span></p>\r\n<p><span style=\"font-family: \'Open Sans\', Arial, sans-serif;\"><span style=\"font-size: 14px;\">Cras at felis ante. Donec eleifend ornare lacus non dictum. Nullam nec suscipit ante. Morbi a ornare libero, sed pellentesque erat. Sed nunc neque, laoreet eget interdum nec, efficitur vulputate nulla. Sed feugiat nec mauris id dapibus. Vestibulum ante ipsum primis in faucibus orci luctus et ultrices posuere cubilia curae; Donec eu porta purus, quis sodales tellus. Morbi sodales massa neque, id rhoncus nisl fermentum sit amet. Aliquam congue metus nec maximus pulvinar. Sed ut lectus vel nunc vestibulum bibendum. Nulla luctus nulla eget euismod ultricies. Nulla facilisi.&nbsp;</span></span></p>');

-- --------------------------------------------------------

--
-- Table structure for table `payment_method`
--

CREATE TABLE `payment_method` (
  `id` int(11) NOT NULL,
  `method` varchar(255) COLLATE utf8mb4_unicode_ci NOT NULL,
  `number` text COLLATE utf8mb4_unicode_ci DEFAULT NULL,
  `type` varchar(191) COLLATE utf8mb4_unicode_ci NOT NULL,
  `img` text COLLATE utf8mb4_unicode_ci NOT NULL,
  `trash` int(1) NOT NULL DEFAULT 0
) ENGINE=InnoDB DEFAULT CHARSET=utf8mb4 COLLATE=utf8mb4_unicode_ci;

--
-- Dumping data for table `payment_method`
--

INSERT INTO `payment_method` (`id`, `method`, `number`, `type`, `img`, `trash`) VALUES
(1, 'Bkash', '1983667657', 'personal', 'public/images/logo/payment_method-1620547677.webp', 0),
(2, 'Cash On Delivery', '', 'personal', 'public/images/logo/payment_method-1620548773.webp', 0),
(3, 'Nagad', '2147483647', 'personal', 'public/images/logo/payment_method-1620548085.webp', 0),
(5, 'Rocket', '2147483647', 'personal', 'public/images/logo/payment_method-1620548205.webp', 0);

-- --------------------------------------------------------

--
-- Table structure for table `products`
--

CREATE TABLE `products` (
  `id` int(11) NOT NULL,
  `title` varchar(255) COLLATE utf8mb4_unicode_ci NOT NULL,
  `brand_id` int(11) NOT NULL,
  `cat_id` int(11) NOT NULL,
  `sub_cat_id` int(11) NOT NULL,
  `price` decimal(10,2) NOT NULL DEFAULT 0.00,
  `purchase_price` decimal(10,2) NOT NULL DEFAULT 0.00,
  `min_qty` decimal(10,2) NOT NULL DEFAULT 0.00,
  `discount` decimal(10,2) NOT NULL DEFAULT 0.00,
  `warranty` varchar(255) COLLATE utf8mb4_unicode_ci NOT NULL,
  `feature_product` varchar(191) COLLATE utf8mb4_unicode_ci NOT NULL,
  `description` longtext COLLATE utf8mb4_unicode_ci NOT NULL,
  `short_description` text COLLATE utf8mb4_unicode_ci DEFAULT NULL,
  `status` varchar(191) COLLATE utf8mb4_unicode_ci NOT NULL,
  `trash` int(1) NOT NULL DEFAULT 0,
  `total_visit` bigint(20) NOT NULL,
  `date` date NOT NULL DEFAULT current_timestamp()
) ENGINE=InnoDB DEFAULT CHARSET=utf8mb4 COLLATE=utf8mb4_unicode_ci;

--
-- Dumping data for table `products`
--

INSERT INTO `products` (`id`, `title`, `brand_id`, `cat_id`, `sub_cat_id`, `price`, `purchase_price`, `min_qty`, `discount`, `warranty`, `feature_product`, `description`, `short_description`, `status`, `trash`, `total_visit`, `date`) VALUES
(1, 'Product Title One', 1, 6, 0, '1230.00', '0.00', '1.00', '67.00', '2', 'no', '<div id=\"lipsum\">\r\n<p>Fusce consectetur imperdiet risus nec auctor. Donec iaculis diam non laoreet elementum. Ut elementum, nibh vel ultricies hendrerit, sapien libero feugiat velit, ac consectetur eros tellus a massa. Nullam sed sem at urna pretium blandit in imperdiet leo. Sed in ligula tristique, accumsan orci in, sodales massa. Integer nec hendrerit felis. Phasellus tortor mauris, fringilla ac dolor lacinia, accumsan malesuada quam. Donec sed libero interdum, ullamcorper urna eget, cursus lorem. Nulla pretium, nibh at ornare iaculis, justo ipsum porta magna, a sodales enim massa dignissim sem. Phasellus ipsum nulla, consectetur sed ante et, suscipit gravida magna. Donec ac ante tempus, aliquet libero ut, gravida ligula. Phasellus sed quam varius, scelerisque mi et, imperdiet mauris. Vivamus a mattis massa, bibendum suscipit ligula. Phasellus placerat sapien vitae orci tristique iaculis. Sed varius turpis ut porttitor hendrerit. Nunc non varius enim.</p>\r\n<p>Donec non arcu nec nisl consequat convallis. Nam libero lectus, consequat at sem eu, vehicula rhoncus odio. Phasellus dolor dolor, convallis eu dictum sed Quisque ac tristique elit.&nbsp;</p>\r\n</div>\r\n<div id=\"gtx-trans\" style=\"position: absolute; left: 375px; top: 145.716px;\">&nbsp;</div>', 'Lorem ipsum dolor sit amet, consectetur adipiscing elit. Ut ultricies augue nulla, non venenatis diam interdum id. Orci varius natoque penatibus et magnis dis parturient montes, nascetur ridiculus mus. In sit amet erat viverra, posuere. ', 'available', 0, 31, '2021-05-23'),
(2, 'Product Title Two', 1, 7, 3, '24154.00', '0.00', '1.00', '24.00', '55', 'yes', '<div id=\"lipsum\">\r\n<p>&nbsp;Lorem ipsum dolor sit amet, consectetur adipiscing elit. Praesent faucibus erat id orci suscipit, ut lacinia nunc venenatis. Proin pharetra ac nunc sit amet sollicitudin. Maecenas accumsan vulputate turpis sodales suscipit. Phasellus laoreet posuere tempus. Sed eget est quis arcu elementum lobortis. Ut non egestas arcu. Nunc vitae arcu eget risus semper faucibus. Praesent sed massa volutpat quam imperdiet ultrices at quis lacus. Orci varius natoque penatibus et magnis dis parturient montes, nascetur ridiculus mus. Donec quis cursus libero. Aliquam erat volutpat. Curabitur vel lorem non magna hendrerit pretium et non lorem. Integer ut odio purus. Sed non mi tincidunt, porta nulla volutpat, malesuada erat.</p>\r\n<p>Fusce consectetur imperdiet risus nec auctor. Donec iaculis diam non laoreet elementum. Ut elementum, nibh vel ultricies hendrerit, sapien libero feugiat velit, ac consectetur eros tellus a massa. Nullam sed sem at urna pretium blandit in imperdiet leo. Sed in ligula tristique, accumsan orci in, sodales massa. Integer nec hendrerit felis. Phasellus tortor mauris, fringilla ac dolor lacinia, accumsan malesuada quam. Donec sed libero interdum, ullamcorper urna eget, cursus lorem. Nulla pretium, nibh at ornare iaculis, justo ipsum porta magna, a sodales enim massa dignissim sem. Phasellus ipsum nulla, consectetur sed ante et, suscipit gravida magna. Donec ac ante tempus, aliquet libero ut, gravida ligula. Phasellus sed quam varius, scelerisque mi et, imperdiet mauris. Vivamus a mattis massa, bibendum suscipit ligula. Phasellus placerat sapien vitae orci tristique iaculis. Sed varius turpis ut porttitor hendrerit. Nunc non varius enim.</p>\r\n<p>Donec non arcu nec nisl consequat convallis. Nam libero lectus, consequat at sem eu, vehicula rhoncus odio. Phasellus dolor dolor, convallis eu dictum sed, sodales id orci. Vestibulum quis lorem auctor, porta libero in, suscipit erat. Etiam sollicitudin, dui non consectetur pellentesque, tortor metus venenatis leo, id varius eros lorem ac arcu. Nam mollis placerat odio eget scelerisque. Quisque ac tristique elit.&nbsp;</p>\r\n</div>', 'Lorem ipsum dolor sit amet, consectetur adipiscing elit. Ut ultricies augue nulla, non venenatis diam interdum id. Orci varius natoque penatibus et magnis dis parturient montes, nascetur ridiculus mus. In sit amet erat viverra, posuere. ', 'available', 0, 37, '2021-04-29'),
(3, 'Product Title Three', 1, 6, 0, '3256.00', '0.00', '9.00', '2.00', '55', 'no', '<div id=\"lipsum\">\r\n<p>&nbsp;Lorem ipsum dolor sit amet, consectetur adipiscing elit. Praesent faucibus erat id orci suscipit, ut lacinia nunc venenatis. Proin pharetra ac nunc sit amet sollicitudin. Maecenas accumsan vulputate turpis sodales suscipit. Phasellus laoreet posuere tempus. Sed eget est quis arcu elementum lobortis. Ut non egestas arcu. Nunc vitae arcu eget risus semper faucibus. Praesent sed massa volutpat quam imperdiet ultrices at quis lacus. Orci varius natoque penatibus et magnis dis parturient montes, nascetur ridiculus mus. Donec quis cursus libero. Aliquam erat volutpat. Curabitur vel lorem non magna hendrerit pretium et non lorem. Integer ut odio purus. Sed non mi tincidunt, porta nulla volutpat, malesuada erat.</p>\r\n<p>Fusce consectetur imperdiet risus nec auctor. Donec iaculis diam non laoreet elementum. Ut elementum, nibh vel ultricies hendrerit, sapien libero feugiat velit, ac consectetur eros tellus a massa. Nullam sed sem at urna pretium blandit in imperdiet leo. Sed in ligula tristique, accumsan orci in, sodales massa. Integer nec hendrerit felis. Phasellus tortor mauris, fringilla ac dolor lacinia, accumsan malesuada quam. Donec sed libero interdum, ullamcorper urna eget, cursus lorem. Nulla pretium, nibh at ornare iaculis, justo ipsum porta magna, a sodales enim massa dignissim sem. Phasellus ipsum nulla, consectetur sed ante et, suscipit gravida magna. Donec ac ante tempus, aliquet libero ut, gravida ligula. Phasellus sed quam varius, scelerisque mi et, imperdiet mauris. Vivamus a mattis massa, bibendum suscipit ligula. Phasellus placerat sapien vitae orci tristique iaculis. Sed varius turpis ut porttitor hendrerit. Nunc non varius enim.</p>\r\n<p>Donec non arcu nec nisl consequat convallis. Nam libero lectus, consequat at sem eu, vehicula rhoncus odio. Phasellus dolor dolor, convallis eu dictum sed, sodales id orci. Vestibulum quis lorem auctor, porta libero in, suscipit erat. Etiam sollicitudin, dui non consectetur pellentesque, tortor metus venenatis leo, id varius eros lorem ac arcu. Nam mollis placerat odio eget scelerisque. Quisque ac tristique elit.&nbsp;</p>\r\n</div>', 'Lorem ipsum dolor sit amet, consectetur adipiscing elit. Ut ultricies augue nulla, non venenatis diam interdum id. Orci varius natoque penatibus et magnis dis parturient montes, nascetur ridiculus mus. In sit amet erat viverra, posuere. ', 'available', 0, 13, '2021-04-29'),
(4, 'Product Title Four', 1, 4, 0, '750.00', '0.00', '1.00', '78.00', '2', 'yes', '<div id=\"lipsum\">\r\n<p>&nbsp;Lorem ipsum dolor sit amet, consectetur adipiscing elit. Praesent faucibus erat id orci suscipit, ut lacinia nunc venenatis. Proin pharetra ac nunc sit amet sollicitudin. Maecenas accumsan vulputate turpis sodales suscipit. Phasellus laoreet posuere tempus. Sed eget est quis arcu elementum lobortis. Ut non egestas arcu. Nunc vitae arcu eget risus semper faucibus. Praesent sed massa volutpat quam imperdiet ultrices at quis lacus. Orci varius natoque penatibus et magnis dis parturient montes, nascetur ridiculus mus. Donec quis cursus libero. Aliquam erat volutpat. Curabitur vel lorem non magna hendrerit pretium et non lorem. Integer ut odio purus. Sed non mi tincidunt, porta nulla volutpat, malesuada erat.</p>\r\n<p>Fusce consectetur imperdiet risus nec auctor. Donec iaculis diam non laoreet elementum. Ut elementum, nibh vel ultricies hendrerit, sapien libero feugiat velit, ac consectetur eros tellus a massa. Nullam sed sem at urna pretium blandit in imperdiet leo. Sed in ligula tristique, accumsan orci in, sodales massa. Integer nec hendrerit felis. Phasellus tortor mauris, fringilla ac dolor lacinia, accumsan malesuada quam. Donec sed libero interdum, ullamcorper urna eget, cursus lorem. Nulla pretium, nibh at ornare iaculis, justo ipsum porta magna, a sodales enim massa dignissim sem. Phasellus ipsum nulla, consectetur sed ante et, suscipit gravida magna. Donec ac ante tempus, aliquet libero ut, gravida ligula. Phasellus sed quam varius, scelerisque mi et, imperdiet mauris. Vivamus a mattis massa, bibendum suscipit ligula. Phasellus placerat sapien vitae orci tristique iaculis. Sed varius turpis ut porttitor hendrerit. Nunc non varius enim.</p>\r\n<p>Donec non arcu nec nisl consequat convallis. Nam libero lectus, consequat at sem eu, vehicula rhoncus odio. Phasellus dolor dolor, convallis eu dictum sed, sodales id orci. Vestibulum quis lorem auctor, porta libero in, suscipit erat. Etiam sollicitudin, dui non consectetur pellentesque, tortor metus venenatis leo, id varius eros lorem ac arcu. Nam mollis placerat odio eget scelerisque. Quisque ac tristique elit.&nbsp;</p>\r\n</div>', 'Lorem ipsum dolor sit amet, consectetur adipiscing elit. Ut ultricies augue nulla, non venenatis diam interdum id. Orci varius natoque penatibus et magnis dis parturient montes, nascetur ridiculus mus. In sit amet erat viverra, posuere. ', 'available', 0, 5, '2021-04-29'),
(5, 'Product Title Five', 1, 2, 0, '321.00', '0.00', '1.00', '21.00', '2', 'yes', '<div id=\"lipsum\">\r\n<p>&nbsp;Lorem ipsum dolor sit amet, consectetur adipiscing elit. Praesent faucibus erat id orci suscipit, ut lacinia nunc venenatis. Proin pharetra ac nunc sit amet sollicitudin. Maecenas accumsan vulputate turpis sodales suscipit. Phasellus laoreet posuere tempus. Sed eget est quis arcu elementum lobortis. Ut non egestas arcu. Nunc vitae arcu eget risus semper faucibus. Praesent sed massa volutpat quam imperdiet ultrices at quis lacus. Orci varius natoque penatibus et magnis dis parturient montes, nascetur ridiculus mus. Donec quis cursus libero. Aliquam erat volutpat. Curabitur vel lorem non magna hendrerit pretium et non lorem. Integer ut odio purus. Sed non mi tincidunt, porta nulla volutpat, malesuada erat.</p>\r\n<p>Fusce consectetur imperdiet risus nec auctor. Donec iaculis diam non laoreet elementum. Ut elementum, nibh vel ultricies hendrerit, sapien libero feugiat velit, ac consectetur eros tellus a massa. Nullam sed sem at urna pretium blandit in imperdiet leo. Sed in ligula tristique, accumsan orci in, sodales massa. Integer nec hendrerit felis. Phasellus tortor mauris, fringilla ac dolor lacinia, accumsan malesuada quam. Donec sed libero interdum, ullamcorper urna eget, cursus lorem. Nulla pretium, nibh at ornare iaculis, justo ipsum porta magna, a sodales enim massa dignissim sem. Phasellus ipsum nulla, consectetur sed ante et, suscipit gravida magna. Donec ac ante tempus, aliquet libero ut, gravida ligula. Phasellus sed quam varius, scelerisque mi et, imperdiet mauris. Vivamus a mattis massa, bibendum suscipit ligula. Phasellus placerat sapien vitae orci tristique iaculis. Sed varius turpis ut porttitor hendrerit. Nunc non varius enim.</p>\r\n<p>Donec non arcu nec nisl consequat convallis. Nam libero lectus, consequat at sem eu, vehicula rhoncus odio. Phasellus dolor dolor, convallis eu dictum sed, sodales id orci. Vestibulum quis lorem auctor, porta libero in, suscipit erat. Etiam sollicitudin, dui non consectetur pellentesque, tortor metus venenatis leo, id varius eros lorem ac arcu. Nam mollis placerat odio eget scelerisque. Quisque ac tristique elit.&nbsp;</p>\r\n</div>', 'Lorem ipsum dolor sit amet, consectetur adipiscing elit. Ut ultricies augue nulla, non venenatis diam interdum id. Orci varius natoque penatibus et magnis dis parturient montes, nascetur ridiculus mus. In sit amet erat viverra, posuere. ', 'available', 0, 35, '2021-04-29'),
(6, 'Product Title Six', 1, 3, 0, '145.00', '0.00', '1.00', '5.00', '', 'yes', '<div id=\"lipsum\">\r\n<p>Lorem ipsum dolor sit amet, consectetur adipiscing elit. Praesent faucibus erat id orci suscipit, ut lacinia nunc venenatis. Proin pharetra ac nunc sit amet sollicitudin. Maecenas accumsan vulputate turpis sodales suscipit. Phasellus laoreet posuere tempus. Sed eget est quis arcu elementum lobortis. Ut non egestas arcu. Nunc vitae arcu eget risus semper faucibus. Praesent sed massa volutpat quam imperdiet ultrices at quis lacus. Orci varius natoque penatibus et magnis dis parturient montes, nascetur ridiculus mus. Donec quis cursus libero. Aliquam erat volutpat. Curabitur vel lorem non magna hendrerit pretium et non lorem. Integer ut odio purus. Sed non mi tincidunt, porta nulla volutpat, malesuada erat.</p>\r\n<p>Fusce consectetur imperdiet risus nec auctor. Donec iaculis diam non laoreet elementum. Ut elementum, nibh vel ultricies hendrerit, sapien libero feugiat velit, ac consectetur eros tellus a massa. Nullam sed sem at urna pretium blandit in imperdiet leo. Sed in ligula tristique, accumsan orci in, sodales massa. Integer nec hendrerit felis. Phasellus tortor mauris, fringilla ac dolor lacinia, accumsan malesuada quam. Donec sed libero interdum, ullamcorper urna eget, cursus lorem. Nulla pretium, nibh at ornare iaculis, justo ipsum porta magna, a sodales enim massa dignissim sem. Phasellus ipsum nulla, consectetur sed ante et, suscipit gravida magna. Donec ac ante tempus, aliquet libero ut, gravida ligula. Phasellus sed quam varius, scelerisque mi et, imperdiet mauris. Vivamus a mattis massa, bibendum suscipit ligula. Phasellus placerat sapien vitae orci tristique iaculis. Sed varius turpis ut porttitor hendrerit. Nunc non varius enim.</p>\r\n<p>Donec non arcu nec nisl consequat convallis. Nam libero lectus, consequat at sem eu, vehicula rhoncus odio. Phasellus dolor dolor, convallis eu dictum sed, sodales id orci. Vestibulum quis lorem auctor, porta libero in, suscipit erat. Etiam sollicitudin, dui non consectetur pellentesque, tortor metus venenatis leo, id varius eros lorem ac arcu. Nam mollis placerat odio eget scelerisque. Quisque ac tristique elit.&nbsp;</p>\r\n</div>', 'Lorem ipsum dolor sit amet, consectetur adipiscing elit. Ut ultricies augue nulla, non venenatis diam interdum id. Orci varius natoque penatibus et magnis dis parturient montes, nascetur ridiculus mus. In sit amet erat viverra, posuere. ', 'available', 0, 1, '2021-05-18'),
(7, 'sdfsdfsdf', 1, 8, 0, '1000.00', '0.00', '1.00', '10.00', '', 'no', '<div id=\"lipsum\">\r\n<p>&nbsp;Lorem ipsum dolor sit amet, consectetur adipiscing elit. Praesent faucibus erat id orci suscipit, ut lacinia nunc venenatis. Proin pharetra ac nunc sit amet sollicitudin. Maecenas accumsan vulputate turpis sodales suscipit. Phasellus laoreet posuere tempus. Sed eget est quis arcu elementum lobortis. Ut non egestas arcu. Nunc vitae arcu eget risus semper faucibus. Praesent sed massa volutpat quam imperdiet ultrices at quis lacus. Orci varius natoque penatibus et magnis dis parturient montes, nascetur ridiculus mus. Donec quis cursus libero. Aliquam erat volutpat. Curabitur vel lorem non magna hendrerit pretium et non lorem. Integer ut odio purus. Sed non mi tincidunt, porta nulla volutpat, malesuada erat.</p>\r\n<p>Fusce consectetur imperdiet risus nec auctor. Donec iaculis diam non laoreet elementum. Ut elementum, nibh vel ultricies hendrerit, sapien libero feugiat velit, ac consectetur eros tellus a massa. Nullam sed sem at urna pretium blandit in imperdiet leo. Sed in ligula tristique, accumsan orci in, sodales massa. Integer nec hendrerit felis. Phasellus tortor mauris, fringilla ac dolor lacinia, accumsan malesuada quam. Donec sed libero interdum, ullamcorper urna eget, cursus lorem. Nulla pretium, nibh at ornare iaculis, justo ipsum porta magna, a sodales enim massa dignissim sem. Phasellus ipsum nulla, consectetur sed ante et, suscipit gravida magna. Donec ac ante tempus, aliquet libero ut, gravida ligula. Phasellus sed quam varius, scelerisque mi et, imperdiet mauris. Vivamus a mattis massa, bibendum suscipit ligula. Phasellus placerat sapien vitae orci tristique iaculis. Sed varius turpis ut porttitor hendrerit. Nunc non varius enim.</p>\r\n<p>Donec non arcu nec nisl consequat convallis. Nam libero lectus, consequat at sem eu, vehicula rhoncus odio. Phasellus dolor dolor, convallis eu dictum sed, sodales id orci. Vestibulum quis lorem auctor, porta libero in, suscipit erat. Etiam sollicitudin, dui non consectetur pellentesque, tortor metus venenatis leo, id varius eros lorem ac arcu. Nam mollis placerat odio eget scelerisque. Quisque ac tristique elit.&nbsp;</p>\r\n</div>', 'Lorem ipsum dolor sit amet, consectetur adipiscing elit. Ut ultricies augue nulla, non venenatis diam interdum id. Orci varius natoque penatibus et magnis dis parturient montes, nascetur ridiculus mus. In sit amet erat viverra, posuere. ', 'available', 0, 8, '2021-04-29'),
(8, 'Atumpan', 1, 8, 0, '2100.00', '0.00', '1.00', '0.00', '', 'no', '<div id=\"lipsum\">\r\n<p>&nbsp;Lorem ipsum dolor sit amet, consectetur adipiscing elit. Praesent faucibus erat id orci suscipit, ut lacinia nunc venenatis. Proin pharetra ac nunc sit amet sollicitudin. Maecenas accumsan vulputate turpis sodales suscipit. Phasellus laoreet posuere tempus. Sed eget est quis arcu elementum lobortis. Ut non egestas arcu. Nunc vitae arcu eget risus semper faucibus. Praesent sed massa volutpat quam imperdiet ultrices at quis lacus. Orci varius natoque penatibus et magnis dis parturient montes, nascetur ridiculus mus. Donec quis cursus libero. Aliquam erat volutpat. Curabitur vel lorem non magna hendrerit pretium et non lorem. Integer ut odio purus. Sed non mi tincidunt, porta nulla volutpat, malesuada erat.</p>\r\n<p>Fusce consectetur imperdiet risus nec auctor. Donec iaculis diam non laoreet elementum. Ut elementum, nibh vel ultricies hendrerit, sapien libero feugiat velit, ac consectetur eros tellus a massa. Nullam sed sem at urna pretium blandit in imperdiet leo. Sed in ligula tristique, accumsan orci in, sodales massa. Integer nec hendrerit felis. Phasellus tortor mauris, fringilla ac dolor lacinia, accumsan malesuada quam. Donec sed libero interdum, ullamcorper urna eget, cursus lorem. Nulla pretium, nibh at ornare iaculis, justo ipsum porta magna, a sodales enim massa dignissim sem. Phasellus ipsum nulla, consectetur sed ante et, suscipit gravida magna. Donec ac ante tempus, aliquet libero ut, gravida ligula. Phasellus sed quam varius, scelerisque mi et, imperdiet mauris. Vivamus a mattis massa, bibendum suscipit ligula. Phasellus placerat sapien vitae orci tristique iaculis. Sed varius turpis ut porttitor hendrerit. Nunc non varius enim.</p>\r\n<p>Donec non arcu nec nisl consequat convallis. Nam libero lectus, consequat at sem eu, vehicula rhoncus odio. Phasellus dolor dolor, convallis eu dictum sed, sodales id orci. Vestibulum quis lorem auctor, porta libero in, suscipit erat. Etiam sollicitudin, dui non consectetur pellentesque, tortor metus venenatis leo, id varius eros lorem ac arcu. Nam mollis placerat odio eget scelerisque. Quisque ac tristique elit.&nbsp;</p>\r\n</div>', 'Lorem ipsum dolor sit amet, consectetur adipiscing elit. Ut ultricies augue nulla, non venenatis diam interdum id. Orci varius natoque penatibus et magnis dis parturient montes, nascetur ridiculus mus. In sit amet erat viverra, posuere. ', 'available', 0, 2, '2021-04-29'),
(9, 'Autoharp', 1, 8, 0, '22220.00', '0.00', '1.00', '20.00', '', 'no', '<div id=\"lipsum\">\r\n<p>&nbsp;Lorem ipsum dolor sit amet, consectetur adipiscing elit. Praesent faucibus erat id orci suscipit, ut lacinia nunc venenatis. Proin pharetra ac nunc sit amet sollicitudin. Maecenas accumsan vulputate turpis sodales suscipit. Phasellus laoreet posuere tempus. Sed eget est quis arcu elementum lobortis. Ut non egestas arcu. Nunc vitae arcu eget risus semper faucibus. Praesent sed massa volutpat quam imperdiet ultrices at quis lacus. Orci varius natoque penatibus et magnis dis parturient montes, nascetur ridiculus mus. Donec quis cursus libero. Aliquam erat volutpat. Curabitur vel lorem non magna hendrerit pretium et non lorem. Integer ut odio purus. Sed non mi tincidunt, porta nulla volutpat, malesuada erat.</p>\r\n<p>Fusce consectetur imperdiet risus nec auctor. Donec iaculis diam non laoreet elementum. Ut elementum, nibh vel ultricies hendrerit, sapien libero feugiat velit, ac consectetur eros tellus a massa. Nullam sed sem at urna pretium blandit in imperdiet leo. Sed in ligula tristique, accumsan orci in, sodales massa. Integer nec hendrerit felis. Phasellus tortor mauris, fringilla ac dolor lacinia, accumsan malesuada quam. Donec sed libero interdum, ullamcorper urna eget, cursus lorem. Nulla pretium, nibh at ornare iaculis, justo ipsum porta magna, a sodales enim massa dignissim sem. Phasellus ipsum nulla, consectetur sed ante et, suscipit gravida magna. Donec ac ante tempus, aliquet libero ut, gravida ligula. Phasellus sed quam varius, scelerisque mi et, imperdiet mauris. Vivamus a mattis massa, bibendum suscipit ligula. Phasellus placerat sapien vitae orci tristique iaculis. Sed varius turpis ut porttitor hendrerit. Nunc non varius enim.</p>\r\n<p>Donec non arcu nec nisl consequat convallis. Nam libero lectus, consequat at sem eu, vehicula rhoncus odio. Phasellus dolor dolor, convallis eu dictum sed, sodales id orci. Vestibulum quis lorem auctor, porta libero in, suscipit erat. Etiam sollicitudin, dui non consectetur pellentesque, tortor metus venenatis leo, id varius eros lorem ac arcu. Nam mollis placerat odio eget scelerisque. Quisque ac tristique elit.&nbsp;</p>\r\n</div>', 'Lorem ipsum dolor sit amet, consectetur adipiscing elit. Ut ultricies augue nulla, non venenatis diam interdum id. Orci varius natoque penatibus et magnis dis parturient montes, nascetur ridiculus mus. In sit amet erat viverra, posuere. ', 'available', 0, 7, '2021-04-29'),
(10, 'Bagpipe', 1, 8, 0, '1500.00', '0.00', '1.00', '6.00', '', 'no', '<div id=\"lipsum\">\r\n<p>&nbsp;Lorem ipsum dolor sit amet, consectetur adipiscing elit. Praesent faucibus erat id orci suscipit, ut lacinia nunc venenatis. Proin pharetra ac nunc sit amet sollicitudin. Maecenas accumsan vulputate turpis sodales suscipit. Phasellus laoreet posuere tempus. Sed eget est quis arcu elementum lobortis. Ut non egestas arcu. Nunc vitae arcu eget risus semper faucibus. Praesent sed massa volutpat quam imperdiet ultrices at quis lacus. Orci varius natoque penatibus et magnis dis parturient montes, nascetur ridiculus mus. Donec quis cursus libero. Aliquam erat volutpat. Curabitur vel lorem non magna hendrerit pretium et non lorem. Integer ut odio purus. Sed non mi tincidunt, porta nulla volutpat, malesuada erat.</p>\r\n<p>Fusce consectetur imperdiet risus nec auctor. Donec iaculis diam non laoreet elementum. Ut elementum, nibh vel ultricies hendrerit, sapien libero feugiat velit, ac consectetur eros tellus a massa. Nullam sed sem at urna pretium blandit in imperdiet leo. Sed in ligula tristique, accumsan orci in, sodales massa. Integer nec hendrerit felis. Phasellus tortor mauris, fringilla ac dolor lacinia, accumsan malesuada quam. Donec sed libero interdum, ullamcorper urna eget, cursus lorem. Nulla pretium, nibh at ornare iaculis, justo ipsum porta magna, a sodales enim massa dignissim sem. Phasellus ipsum nulla, consectetur sed ante et, suscipit gravida magna. Donec ac ante tempus, aliquet libero ut, gravida ligula. Phasellus sed quam varius, scelerisque mi et, imperdiet mauris. Vivamus a mattis massa, bibendum suscipit ligula. Phasellus placerat sapien vitae orci tristique iaculis. Sed varius turpis ut porttitor hendrerit. Nunc non varius enim.</p>\r\n<p>Donec non arcu nec nisl consequat convallis. Nam libero lectus, consequat at sem eu, vehicula rhoncus odio. Phasellus dolor dolor, convallis eu dictum sed, sodales id orci. Vestibulum quis lorem auctor, porta libero in, suscipit erat. Etiam sollicitudin, dui non consectetur pellentesque, tortor metus venenatis leo, id varius eros lorem ac arcu. Nam mollis placerat odio eget scelerisque. Quisque ac tristique elit.&nbsp;</p>\r\n</div>', 'Lorem ipsum dolor sit amet, consectetur adipiscing elit. Ut ultricies augue nulla, non venenatis diam interdum id. Orci varius natoque penatibus et magnis dis parturient montes, nascetur ridiculus mus. In sit amet erat viverra, posuere. ', 'available', 0, 2, '2021-04-29'),
(11, 'One eggplant', 1, 7, 0, '60.00', '0.00', '1.00', '0.00', '', 'no', 'One eggplantOne eggplantOne eggplantOne eggplantOne eggplantOne eggplantOne eggplantOne eggplantOne eggplantOne eggplantOne eggplantOne eggplant', NULL, 'available', 1, 0, '2021-04-26'),
(12, 'Poster Biennale', 1, 7, 3, '80.00', '0.00', '1.00', '5.00', '', 'no', 'Poster BiennalePoster BiennalePoster BiennalePoster BiennalePoster BiennalePoster BiennalePoster BiennalePoster BiennalePoster BiennalePoster BiennalePoster Biennale', NULL, 'available', 1, 0, '2021-04-27'),
(13, 'New Exclusive Hot Kurti For Stylish', 1, 6, 3, '1400.00', '0.00', '1.00', '2.00', '', 'no', '<div id=\"lipsum\">\r\n<p>&nbsp;Lorem ipsum dolor sit amet, consectetur adipiscing elit. Praesent faucibus erat id orci suscipit, ut lacinia nunc venenatis. Proin pharetra ac nunc sit amet sollicitudin. Maecenas accumsan vulputate turpis sodales suscipit. Phasellus laoreet posuere tempus. Sed eget est quis arcu elementum lobortis. Ut non egestas arcu. Nunc vitae arcu eget risus semper faucibus. Praesent sed massa volutpat quam imperdiet ultrices at quis lacus. Orci varius natoque penatibus et magnis dis parturient montes, nascetur ridiculus mus. Donec quis cursus libero. Aliquam erat volutpat. Curabitur vel lorem non magna hendrerit pretium et non lorem. Integer ut odio purus. Sed non mi tincidunt, porta nulla volutpat, malesuada erat.</p>\r\n<p>Fusce consectetur imperdiet risus nec auctor. Donec iaculis diam non laoreet elementum. Ut elementum, nibh vel ultricies hendrerit, sapien libero feugiat velit, ac consectetur eros tellus a massa. Nullam sed sem at urna pretium blandit in imperdiet leo. Sed in ligula tristique, accumsan orci in, sodales massa. Integer nec hendrerit felis. Phasellus tortor mauris, fringilla ac dolor lacinia, accumsan malesuada quam. Donec sed libero interdum, ullamcorper urna eget, cursus lorem. Nulla pretium, nibh at ornare iaculis, justo ipsum porta magna, a sodales enim massa dignissim sem. Phasellus ipsum nulla, consectetur sed ante et, suscipit gravida magna. Donec ac ante tempus, aliquet libero ut, gravida ligula. Phasellus sed quam varius, scelerisque mi et, imperdiet mauris. Vivamus a mattis massa, bibendum suscipit ligula. Phasellus placerat sapien vitae orci tristique iaculis. Sed varius turpis ut porttitor hendrerit. Nunc non varius enim.</p>\r\n<p>Donec non arcu nec nisl consequat convallis. Nam libero lectus, consequat at sem eu, vehicula rhoncus odio. Phasellus dolor dolor, convallis eu dictum sed, sodales id orci. Vestibulum quis lorem auctor, porta libero in, suscipit erat. Etiam sollicitudin, dui non consectetur pellentesque, tortor metus venenatis leo, id varius eros lorem ac arcu. Nam mollis placerat odio eget scelerisque. Quisque ac tristique elit.&nbsp;</p>\r\n</div>', 'Lorem ipsum dolor sit amet, consectetur adipiscing elit. Ut ultricies augue nulla, non venenatis diam interdum id. Orci varius natoque penatibus et magnis dis parturient montes, nascetur ridiculus mus. In sit amet erat viverra, posuere. ', 'available', 0, 8, '2021-04-29'),
(14, 'Indian Weightless Georgette Salwar Kameez', 1, 6, 0, '1800.00', '0.00', '1.00', '5.00', '', 'no', '<div id=\"lipsum\">\r\n<p>&nbsp;Lorem ipsum dolor sit amet, consectetur adipiscing elit. Praesent faucibus erat id orci suscipit, ut lacinia nunc venenatis. Proin pharetra ac nunc sit amet sollicitudin. Maecenas accumsan vulputate turpis sodales suscipit. Phasellus laoreet posuere tempus. Sed eget est quis arcu elementum lobortis. Ut non egestas arcu. Nunc vitae arcu eget risus semper faucibus. Praesent sed massa volutpat quam imperdiet ultrices at quis lacus. Orci varius natoque penatibus et magnis dis parturient montes, nascetur ridiculus mus. Donec quis cursus libero. Aliquam erat volutpat. Curabitur vel lorem non magna hendrerit pretium et non lorem. Integer ut odio purus. Sed non mi tincidunt, porta nulla volutpat, malesuada erat.</p>\r\n<p>Fusce consectetur imperdiet risus nec auctor. Donec iaculis diam non laoreet elementum. Ut elementum, nibh vel ultricies hendrerit, sapien libero feugiat velit, ac consectetur eros tellus a massa. Nullam sed sem at urna pretium blandit in imperdiet leo. Sed in ligula tristique, accumsan orci in, sodales massa. Integer nec hendrerit felis. Phasellus tortor mauris, fringilla ac dolor lacinia, accumsan malesuada quam. Donec sed libero interdum, ullamcorper urna eget, cursus lorem. Nulla pretium, nibh at ornare iaculis, justo ipsum porta magna, a sodales enim massa dignissim sem. Phasellus ipsum nulla, consectetur sed ante et, suscipit gravida magna. Donec ac ante tempus, aliquet libero ut, gravida ligula. Phasellus sed quam varius, scelerisque mi et, imperdiet mauris. Vivamus a mattis massa, bibendum suscipit ligula. Phasellus placerat sapien vitae orci tristique iaculis. Sed varius turpis ut porttitor hendrerit. Nunc non varius enim.</p>\r\n<p>Donec non arcu nec nisl consequat convallis. Nam libero lectus, consequat at sem eu, vehicula rhoncus odio. Phasellus dolor dolor, convallis eu dictum sed, sodales id orci. Vestibulum quis lorem auctor, porta libero in, suscipit erat. Etiam sollicitudin, dui non consectetur pellentesque, tortor metus venenatis leo, id varius eros lorem ac arcu. Nam mollis placerat odio eget scelerisque. Quisque ac tristique elit.&nbsp;</p>\r\n</div>', 'Lorem ipsum dolor sit amet, consectetur adipiscing elit. Ut ultricies augue nulla, non venenatis diam interdum id. Orci varius natoque penatibus et magnis dis parturient montes, nascetur ridiculus mus. In sit amet erat viverra, posuere. ', 'available', 0, 3, '2021-04-29'),
(15, 'Stainless Steel Multi-function Vegetable Double Peeler Cutter Julienne', 1, 7, 3, '200.00', '0.00', '1.00', '8.00', '', 'no', '<div id=\"lipsum\">\r\n<p>&nbsp;Lorem ipsum dolor sit amet, consectetur adipiscing elit. Praesent faucibus erat id orci suscipit, ut lacinia nunc venenatis. Proin pharetra ac nunc sit amet sollicitudin. Maecenas accumsan vulputate turpis sodales suscipit. Phasellus laoreet posuere tempus. Sed eget est quis arcu elementum lobortis. Ut non egestas arcu. Nunc vitae arcu eget risus semper faucibus. Praesent sed massa volutpat quam imperdiet ultrices at quis lacus. Orci varius natoque penatibus et magnis dis parturient montes, nascetur ridiculus mus. Donec quis cursus libero. Aliquam erat volutpat. Curabitur vel lorem non magna hendrerit pretium et non lorem. Integer ut odio purus. Sed non mi tincidunt, porta nulla volutpat, malesuada erat.</p>\r\n<p>Fusce consectetur imperdiet risus nec auctor. Donec iaculis diam non laoreet elementum. Ut elementum, nibh vel ultricies hendrerit, sapien libero feugiat velit, ac consectetur eros tellus a massa. Nullam sed sem at urna pretium blandit in imperdiet leo. Sed in ligula tristique, accumsan orci in, sodales massa. Integer nec hendrerit felis. Phasellus tortor mauris, fringilla ac dolor lacinia, accumsan malesuada quam. Donec sed libero interdum, ullamcorper urna eget, cursus lorem. Nulla pretium, nibh at ornare iaculis, justo ipsum porta magna, a sodales enim massa dignissim sem. Phasellus ipsum nulla, consectetur sed ante et, suscipit gravida magna. Donec ac ante tempus, aliquet libero ut, gravida ligula. Phasellus sed quam varius, scelerisque mi et, imperdiet mauris. Vivamus a mattis massa, bibendum suscipit ligula. Phasellus placerat sapien vitae orci tristique iaculis. Sed varius turpis ut porttitor hendrerit. Nunc non varius enim.</p>\r\n<p>Donec non arcu nec nisl consequat convallis. Nam libero lectus, consequat at sem eu, vehicula rhoncus odio. Phasellus dolor dolor, convallis eu dictum sed, sodales id orci. Vestibulum quis lorem auctor, porta libero in, suscipit erat. Etiam sollicitudin, dui non consectetur pellentesque, tortor metus venenatis leo, id varius eros lorem ac arcu. Nam mollis placerat odio eget scelerisque. Quisque ac tristique elit.&nbsp;</p>\r\n</div>', 'Lorem ipsum dolor sit amet, consectetur adipiscing elit. Ut ultricies augue nulla, non venenatis diam interdum id. Orci varius natoque penatibus et magnis dis parturient montes, nascetur ridiculus mus. In sit amet erat viverra, posuere. ', 'available', 0, 0, '2021-04-29'),
(16, 'Vegetables Slicer Cutting Aid Holder Guide Slicing Cutter Safe For Kitchen Work', 1, 7, 3, '300.00', '0.00', '1.00', '4.00', '', 'no', '<div id=\"lipsum\">\r\n<p>&nbsp;Lorem ipsum dolor sit amet, consectetur adipiscing elit. Praesent faucibus erat id orci suscipit, ut lacinia nunc venenatis. Proin pharetra ac nunc sit amet sollicitudin. Maecenas accumsan vulputate turpis sodales suscipit. Phasellus laoreet posuere tempus. Sed eget est quis arcu elementum lobortis. Ut non egestas arcu. Nunc vitae arcu eget risus semper faucibus. Praesent sed massa volutpat quam imperdiet ultrices at quis lacus. Orci varius natoque penatibus et magnis dis parturient montes, nascetur ridiculus mus. Donec quis cursus libero. Aliquam erat volutpat. Curabitur vel lorem non magna hendrerit pretium et non lorem. Integer ut odio purus. Sed non mi tincidunt, porta nulla volutpat, malesuada erat.</p>\r\n<p>Fusce consectetur imperdiet risus nec auctor. Donec iaculis diam non laoreet elementum. Ut elementum, nibh vel ultricies hendrerit, sapien libero feugiat velit, ac consectetur eros tellus a massa. Nullam sed sem at urna pretium blandit in imperdiet leo. Sed in ligula tristique, accumsan orci in, sodales massa. Integer nec hendrerit felis. Phasellus tortor mauris, fringilla ac dolor lacinia, accumsan malesuada quam. Donec sed libero interdum, ullamcorper urna eget, cursus lorem. Nulla pretium, nibh at ornare iaculis, justo ipsum porta magna, a sodales enim massa dignissim sem. Phasellus ipsum nulla, consectetur sed ante et, suscipit gravida magna. Donec ac ante tempus, aliquet libero ut, gravida ligula. Phasellus sed quam varius, scelerisque mi et, imperdiet mauris. Vivamus a mattis massa, bibendum suscipit ligula. Phasellus placerat sapien vitae orci tristique iaculis. Sed varius turpis ut porttitor hendrerit. Nunc non varius enim.</p>\r\n<p>Donec non arcu nec nisl consequat convallis. Nam libero lectus, consequat at sem eu, vehicula rhoncus odio. Phasellus dolor dolor, convallis eu dictum sed, sodales id orci. Vestibulum quis lorem auctor, porta libero in, suscipit erat. Etiam sollicitudin, dui non consectetur pellentesque, tortor metus venenatis leo, id varius eros lorem ac arcu. Nam mollis placerat odio eget scelerisque. Quisque ac tristique elit.&nbsp;</p>\r\n</div>', 'Lorem ipsum dolor sit amet, consectetur adipiscing elit. Ut ultricies augue nulla, non venenatis diam interdum id. Orci varius natoque penatibus et magnis dis parturient montes, nascetur ridiculus mus. In sit amet erat viverra, posuere. ', 'available', 0, 8, '2021-04-29'),
(17, 'TOYOTA PREMIO Year: 2017', 1, 5, 0, '2500000.00', '0.00', '1.00', '5.00', '', 'no', '<div id=\"lipsum\">\r\n<p>&nbsp;Lorem ipsum dolor sit amet, consectetur adipiscing elit. Praesent faucibus erat id orci suscipit, ut lacinia nunc venenatis. Proin pharetra ac nunc sit amet sollicitudin. Maecenas accumsan vulputate turpis sodales suscipit. Phasellus laoreet posuere tempus. Sed eget est quis arcu elementum lobortis. Ut non egestas arcu. Nunc vitae arcu eget risus semper faucibus. Praesent sed massa volutpat quam imperdiet ultrices at quis lacus. Orci varius natoque penatibus et magnis dis parturient montes, nascetur ridiculus mus. Donec quis cursus libero. Aliquam erat volutpat. Curabitur vel lorem non magna hendrerit pretium et non lorem. Integer ut odio purus. Sed non mi tincidunt, porta nulla volutpat, malesuada erat.</p>\r\n<p>Fusce consectetur imperdiet risus nec auctor. Donec iaculis diam non laoreet elementum. Ut elementum, nibh vel ultricies hendrerit, sapien libero feugiat velit, ac consectetur eros tellus a massa. Nullam sed sem at urna pretium blandit in imperdiet leo. Sed in ligula tristique, accumsan orci in, sodales massa. Integer nec hendrerit felis. Phasellus tortor mauris, fringilla ac dolor lacinia, accumsan malesuada quam. Donec sed libero interdum, ullamcorper urna eget, cursus lorem. Nulla pretium, nibh at ornare iaculis, justo ipsum porta magna, a sodales enim massa dignissim sem. Phasellus ipsum nulla, consectetur sed ante et, suscipit gravida magna. Donec ac ante tempus, aliquet libero ut, gravida ligula. Phasellus sed quam varius, scelerisque mi et, imperdiet mauris. Vivamus a mattis massa, bibendum suscipit ligula. Phasellus placerat sapien vitae orci tristique iaculis. Sed varius turpis ut porttitor hendrerit. Nunc non varius enim.</p>\r\n<p>Donec non arcu nec nisl consequat convallis. Nam libero lectus, consequat at sem eu, vehicula rhoncus odio. Phasellus dolor dolor, convallis eu dictum sed, sodales id orci. Vestibulum quis lorem auctor, porta libero in, suscipit erat. Etiam sollicitudin, dui non consectetur pellentesque, tortor metus venenatis leo, id varius eros lorem ac arcu. Nam mollis placerat odio eget scelerisque. Quisque ac tristique elit.&nbsp;</p>\r\n</div>', 'Lorem ipsum dolor sit amet, consectetur adipiscing elit. Ut ultricies augue nulla, non venenatis diam interdum id. Orci varius natoque penatibus et magnis dis parturient montes, nascetur ridiculus mus. In sit amet erat viverra, posuere. ', 'available', 0, 0, '2021-04-29'),
(18, 'Toyota Axio Hybrid 2016', 1, 5, 0, '1.00', '0.00', '1.00', '10.00', '', 'no', '<div id=\"lipsum\">\r\n<p>&nbsp;Lorem ipsum dolor sit amet, consectetur adipiscing elit. Praesent faucibus erat id orci suscipit, ut lacinia nunc venenatis. Proin pharetra ac nunc sit amet sollicitudin. Maecenas accumsan vulputate turpis sodales suscipit. Phasellus laoreet posuere tempus. Sed eget est quis arcu elementum lobortis. Ut non egestas arcu. Nunc vitae arcu eget risus semper faucibus. Praesent sed massa volutpat quam imperdiet ultrices at quis lacus. Orci varius natoque penatibus et magnis dis parturient montes, nascetur ridiculus mus. Donec quis cursus libero. Aliquam erat volutpat. Curabitur vel lorem non magna hendrerit pretium et non lorem. Integer ut odio purus. Sed non mi tincidunt, porta nulla volutpat, malesuada erat.</p>\r\n<p>Fusce consectetur imperdiet risus nec auctor. Donec iaculis diam non laoreet elementum. Ut elementum, nibh vel ultricies hendrerit, sapien libero feugiat velit, ac consectetur eros tellus a massa. Nullam sed sem at urna pretium blandit in imperdiet leo. Sed in ligula tristique, accumsan orci in, sodales massa. Integer nec hendrerit felis. Phasellus tortor mauris, fringilla ac dolor lacinia, accumsan malesuada quam. Donec sed libero interdum, ullamcorper urna eget, cursus lorem. Nulla pretium, nibh at ornare iaculis, justo ipsum porta magna, a sodales enim massa dignissim sem. Phasellus ipsum nulla, consectetur sed ante et, suscipit gravida magna. Donec ac ante tempus, aliquet libero ut, gravida ligula. Phasellus sed quam varius, scelerisque mi et, imperdiet mauris. Vivamus a mattis massa, bibendum suscipit ligula. Phasellus placerat sapien vitae orci tristique iaculis. Sed varius turpis ut porttitor hendrerit. Nunc non varius enim.</p>\r\n<p>Donec non arcu nec nisl consequat convallis. Nam libero lectus, consequat at sem eu, vehicula rhoncus odio. Phasellus dolor dolor, convallis eu dictum sed, sodales id orci. Vestibulum quis lorem auctor, porta libero in, suscipit erat. Etiam sollicitudin, dui non consectetur pellentesque, tortor metus venenatis leo, id varius eros lorem ac arcu. Nam mollis placerat odio eget scelerisque. Quisque ac tristique elit.&nbsp;</p>\r\n</div>', 'Lorem ipsum dolor sit amet, consectetur adipiscing elit. Ut ultricies augue nulla, non venenatis diam interdum id. Orci varius natoque penatibus et magnis dis parturient montes, nascetur ridiculus mus. In sit amet erat viverra, posuere. ', 'available', 0, 0, '2021-04-29'),
(19, 'Toyota Premio 2014 FL', 1, 5, 0, '2.00', '0.00', '1.00', '2.00', '', 'no', '<div id=\"lipsum\">\r\n<p>&nbsp;Lorem ipsum dolor sit amet, consectetur adipiscing elit. Praesent faucibus erat id orci suscipit, ut lacinia nunc venenatis. Proin pharetra ac nunc sit amet sollicitudin. Maecenas accumsan vulputate turpis sodales suscipit. Phasellus laoreet posuere tempus. Sed eget est quis arcu elementum lobortis. Ut non egestas arcu. Nunc vitae arcu eget risus semper faucibus. Praesent sed massa volutpat quam imperdiet ultrices at quis lacus. Orci varius natoque penatibus et magnis dis parturient montes, nascetur ridiculus mus. Donec quis cursus libero. Aliquam erat volutpat. Curabitur vel lorem non magna hendrerit pretium et non lorem. Integer ut odio purus. Sed non mi tincidunt, porta nulla volutpat, malesuada erat.</p>\r\n<p>Fusce consectetur imperdiet risus nec auctor. Donec iaculis diam non laoreet elementum. Ut elementum, nibh vel ultricies hendrerit, sapien libero feugiat velit, ac consectetur eros tellus a massa. Nullam sed sem at urna pretium blandit in imperdiet leo. Sed in ligula tristique, accumsan orci in, sodales massa. Integer nec hendrerit felis. Phasellus tortor mauris, fringilla ac dolor lacinia, accumsan malesuada quam. Donec sed libero interdum, ullamcorper urna eget, cursus lorem. Nulla pretium, nibh at ornare iaculis, justo ipsum porta magna, a sodales enim massa dignissim sem. Phasellus ipsum nulla, consectetur sed ante et, suscipit gravida magna. Donec ac ante tempus, aliquet libero ut, gravida ligula. Phasellus sed quam varius, scelerisque mi et, imperdiet mauris. Vivamus a mattis massa, bibendum suscipit ligula. Phasellus placerat sapien vitae orci tristique iaculis. Sed varius turpis ut porttitor hendrerit. Nunc non varius enim.</p>\r\n<p>Donec non arcu nec nisl consequat convallis. Nam libero lectus, consequat at sem eu, vehicula rhoncus odio. Phasellus dolor dolor, convallis eu dictum sed, sodales id orci. Vestibulum quis lorem auctor, porta libero in, suscipit erat. Etiam sollicitudin, dui non consectetur pellentesque, tortor metus venenatis leo, id varius eros lorem ac arcu. Nam mollis placerat odio eget scelerisque. Quisque ac tristique elit.&nbsp;</p>\r\n</div>', 'Lorem ipsum dolor sit amet, consectetur adipiscing elit. Ut ultricies augue nulla, non venenatis diam interdum id. Orci varius natoque penatibus et magnis dis parturient montes, nascetur ridiculus mus. In sit amet erat viverra, posuere. ', 'available', 0, 5, '2021-04-29'),
(20, 'Toyota Noah 2015 Black', 1, 5, 0, '2.00', '0.00', '1.00', '12.00', '', 'no', '<div id=\"lipsum\">\r\n<p>&nbsp;Lorem ipsum dolor sit amet, consectetur adipiscing elit. Praesent faucibus erat id orci suscipit, ut lacinia nunc venenatis. Proin pharetra ac nunc sit amet sollicitudin. Maecenas accumsan vulputate turpis sodales suscipit. Phasellus laoreet posuere tempus. Sed eget est quis arcu elementum lobortis. Ut non egestas arcu. Nunc vitae arcu eget risus semper faucibus. Praesent sed massa volutpat quam imperdiet ultrices at quis lacus. Orci varius natoque penatibus et magnis dis parturient montes, nascetur ridiculus mus. Donec quis cursus libero. Aliquam erat volutpat. Curabitur vel lorem non magna hendrerit pretium et non lorem. Integer ut odio purus. Sed non mi tincidunt, porta nulla volutpat, malesuada erat.</p>\r\n<p>Fusce consectetur imperdiet risus nec auctor. Donec iaculis diam non laoreet elementum. Ut elementum, nibh vel ultricies hendrerit, sapien libero feugiat velit, ac consectetur eros tellus a massa. Nullam sed sem at urna pretium blandit in imperdiet leo. Sed in ligula tristique, accumsan orci in, sodales massa. Integer nec hendrerit felis. Phasellus tortor mauris, fringilla ac dolor lacinia, accumsan malesuada quam. Donec sed libero interdum, ullamcorper urna eget, cursus lorem. Nulla pretium, nibh at ornare iaculis, justo ipsum porta magna, a sodales enim massa dignissim sem. Phasellus ipsum nulla, consectetur sed ante et, suscipit gravida magna. Donec ac ante tempus, aliquet libero ut, gravida ligula. Phasellus sed quam varius, scelerisque mi et, imperdiet mauris. Vivamus a mattis massa, bibendum suscipit ligula. Phasellus placerat sapien vitae orci tristique iaculis. Sed varius turpis ut porttitor hendrerit. Nunc non varius enim.</p>\r\n<p>Donec non arcu nec nisl consequat convallis. Nam libero lectus, consequat at sem eu, vehicula rhoncus odio. Phasellus dolor dolor, convallis eu dictum sed, sodales id orci. Vestibulum quis lorem auctor, porta libero in, suscipit erat. Etiam sollicitudin, dui non consectetur pellentesque, tortor metus venenatis leo, id varius eros lorem ac arcu. Nam mollis placerat odio eget scelerisque. Quisque ac tristique elit.&nbsp;</p>\r\n</div>', 'Lorem ipsum dolor sit amet, consectetur adipiscing elit. Ut ultricies augue nulla, non venenatis diam interdum id. Orci varius natoque penatibus et magnis dis parturient montes, nascetur ridiculus mus. In sit amet erat viverra, posuere. ', 'available', 0, 0, '2021-04-29'),
(21, 'Intel Dual Core RAM 4GB HDD 500GB Monitor 17 inch Intel HD Graphics Built-in for Gaming PC Windows 7 64 Bit Best Desktop Computer in low price', 1, 4, 0, '10.00', '0.00', '1.00', '2.00', '2', 'no', '<div id=\"lipsum\">\r\n<p>&nbsp;Lorem ipsum dolor sit amet, consectetur adipiscing elit. Praesent faucibus erat id orci suscipit, ut lacinia nunc venenatis. Proin pharetra ac nunc sit amet sollicitudin. Maecenas accumsan vulputate turpis sodales suscipit. Phasellus laoreet posuere tempus. Sed eget est quis arcu elementum lobortis. Ut non egestas arcu. Nunc vitae arcu eget risus semper faucibus. Praesent sed massa volutpat quam imperdiet ultrices at quis lacus. Orci varius natoque penatibus et magnis dis parturient montes, nascetur ridiculus mus. Donec quis cursus libero. Aliquam erat volutpat. Curabitur vel lorem non magna hendrerit pretium et non lorem. Integer ut odio purus. Sed non mi tincidunt, porta nulla volutpat, malesuada erat.</p>\r\n<p>Fusce consectetur imperdiet risus nec auctor. Donec iaculis diam non laoreet elementum. Ut elementum, nibh vel ultricies hendrerit, sapien libero feugiat velit, ac consectetur eros tellus a massa. Nullam sed sem at urna pretium blandit in imperdiet leo. Sed in ligula tristique, accumsan orci in, sodales massa. Integer nec hendrerit felis. Phasellus tortor mauris, fringilla ac dolor lacinia, accumsan malesuada quam. Donec sed libero interdum, ullamcorper urna eget, cursus lorem. Nulla pretium, nibh at ornare iaculis, justo ipsum porta magna, a sodales enim massa dignissim sem. Phasellus ipsum nulla, consectetur sed ante et, suscipit gravida magna. Donec ac ante tempus, aliquet libero ut, gravida ligula. Phasellus sed quam varius, scelerisque mi et, imperdiet mauris. Vivamus a mattis massa, bibendum suscipit ligula. Phasellus placerat sapien vitae orci tristique iaculis. Sed varius turpis ut porttitor hendrerit. Nunc non varius enim.</p>\r\n<p>Donec non arcu nec nisl consequat convallis. Nam libero lectus, consequat at sem eu, vehicula rhoncus odio. Phasellus dolor dolor, convallis eu dictum sed, sodales id orci. Vestibulum quis lorem auctor, porta libero in, suscipit erat. Etiam sollicitudin, dui non consectetur pellentesque, tortor metus venenatis leo, id varius eros lorem ac arcu. Nam mollis placerat odio eget scelerisque. Quisque ac tristique elit.&nbsp;</p>\r\n</div>', 'Lorem ipsum dolor sit amet, consectetur adipiscing elit. Ut ultricies augue nulla, non venenatis diam interdum id. Orci varius natoque penatibus et magnis dis parturient montes, nascetur ridiculus mus. In sit amet erat viverra, posuere. ', 'available', 0, 0, '2021-04-29');
INSERT INTO `products` (`id`, `title`, `brand_id`, `cat_id`, `sub_cat_id`, `price`, `purchase_price`, `min_qty`, `discount`, `warranty`, `feature_product`, `description`, `short_description`, `status`, `trash`, `total_visit`, `date`) VALUES
(22, 'Full Set PC Core-i5-2nd Genaration-8GB DDR3 Ram-500GB HDD-19', 1, 5, 0, '27000.00', '0.00', '1.00', '3.00', '', 'yes', '<div id=\"lipsum\">\r\n<p>&nbsp;Lorem ipsum dolor sit amet, consectetur adipiscing elit. Praesent faucibus erat id orci suscipit, ut lacinia nunc venenatis. Proin pharetra ac nunc sit amet sollicitudin. Maecenas accumsan vulputate turpis sodales suscipit. Phasellus laoreet posuere tempus. Sed eget est quis arcu elementum lobortis. Ut non egestas arcu. Nunc vitae arcu eget risus semper faucibus. Praesent sed massa volutpat quam imperdiet ultrices at quis lacus. Orci varius natoque penatibus et magnis dis parturient montes, nascetur ridiculus mus. Donec quis cursus libero. Aliquam erat volutpat. Curabitur vel lorem non magna hendrerit pretium et non lorem. Integer ut odio purus. Sed non mi tincidunt, porta nulla volutpat, malesuada erat.</p>\r\n<p>Fusce consectetur imperdiet risus nec auctor. Donec iaculis diam non laoreet elementum. Ut elementum, nibh vel ultricies hendrerit, sapien libero feugiat velit, ac consectetur eros tellus a massa. Nullam sed sem at urna pretium blandit in imperdiet leo. Sed in ligula tristique, accumsan orci in, sodales massa. Integer nec hendrerit felis. Phasellus tortor mauris, fringilla ac dolor lacinia, accumsan malesuada quam. Donec sed libero interdum, ullamcorper urna eget, cursus lorem. Nulla pretium, nibh at ornare iaculis, justo ipsum porta magna, a sodales enim massa dignissim sem. Phasellus ipsum nulla, consectetur sed ante et, suscipit gravida magna. Donec ac ante tempus, aliquet libero ut, gravida ligula. Phasellus sed quam varius, scelerisque mi et, imperdiet mauris. Vivamus a mattis massa, bibendum suscipit ligula. Phasellus placerat sapien vitae orci tristique iaculis. Sed varius turpis ut porttitor hendrerit. Nunc non varius enim.</p>\r\n<p>Donec non arcu nec nisl consequat convallis. Nam libero lectus, consequat at sem eu, vehicula rhoncus odio. Phasellus dolor dolor, convallis eu dictum sed, sodales id orci. Vestibulum quis lorem auctor, porta libero in, suscipit erat. Etiam sollicitudin, dui non consectetur pellentesque, tortor metus venenatis leo, id varius eros lorem ac arcu. Nam mollis placerat odio eget scelerisque. Quisque ac tristique elit.&nbsp;</p>\r\n</div>', 'Lorem ipsum dolor sit amet, consectetur adipiscing elit. Ut ultricies augue nulla, non venenatis diam interdum id. Orci varius natoque penatibus et magnis dis parturient montes, nascetur ridiculus mus. In sit amet erat viverra, posuere. ', 'available', 0, 0, '2021-04-29'),
(23, 'Square LED Digital Sports Watch, Waterproof LED Wrist Watch(null)', 1, 3, 0, '3600.00', '0.00', '1.00', '2.00', '', 'no', '<div id=\"lipsum\">\r\n<p>&nbsp;Lorem ipsum dolor sit amet, consectetur adipiscing elit. Praesent faucibus erat id orci suscipit, ut lacinia nunc venenatis. Proin pharetra ac nunc sit amet sollicitudin. Maecenas accumsan vulputate turpis sodales suscipit. Phasellus laoreet posuere tempus. Sed eget est quis arcu elementum lobortis. Ut non egestas arcu. Nunc vitae arcu eget risus semper faucibus. Praesent sed massa volutpat quam imperdiet ultrices at quis lacus. Orci varius natoque penatibus et magnis dis parturient montes, nascetur ridiculus mus. Donec quis cursus libero. Aliquam erat volutpat. Curabitur vel lorem non magna hendrerit pretium et non lorem. Integer ut odio purus. Sed non mi tincidunt, porta nulla volutpat, malesuada erat.</p>\r\n<p>Fusce consectetur imperdiet risus nec auctor. Donec iaculis diam non laoreet elementum. Ut elementum, nibh vel ultricies hendrerit, sapien libero feugiat velit, ac consectetur eros tellus a massa. Nullam sed sem at urna pretium blandit in imperdiet leo. Sed in ligula tristique, accumsan orci in, sodales massa. Integer nec hendrerit felis. Phasellus tortor mauris, fringilla ac dolor lacinia, accumsan malesuada quam. Donec sed libero interdum, ullamcorper urna eget, cursus lorem. Nulla pretium, nibh at ornare iaculis, justo ipsum porta magna, a sodales enim massa dignissim sem. Phasellus ipsum nulla, consectetur sed ante et, suscipit gravida magna. Donec ac ante tempus, aliquet libero ut, gravida ligula. Phasellus sed quam varius, scelerisque mi et, imperdiet mauris. Vivamus a mattis massa, bibendum suscipit ligula. Phasellus placerat sapien vitae orci tristique iaculis. Sed varius turpis ut porttitor hendrerit. Nunc non varius enim.</p>\r\n<p>Donec non arcu nec nisl consequat convallis. Nam libero lectus, consequat at sem eu, vehicula rhoncus odio. Phasellus dolor dolor, convallis eu dictum sed, sodales id orci. Vestibulum quis lorem auctor, porta libero in, suscipit erat. Etiam sollicitudin, dui non consectetur pellentesque, tortor metus venenatis leo, id varius eros lorem ac arcu. Nam mollis placerat odio eget scelerisque. Quisque ac tristique elit.&nbsp;</p>\r\n</div>', 'Lorem ipsum dolor sit amet, consectetur adipiscing elit. Ut ultricies augue nulla, non venenatis diam interdum id. Orci varius natoque penatibus et magnis dis parturient montes, nascetur ridiculus mus. In sit amet erat viverra, posuere. ', 'available', 0, 49, '2021-04-29'),
(24, '40M5 Meters Ranging Tape Measure Surface Pythagorean Smart Steel Ruler Infrared Multi-Function Measuring Instrumen', 1, 8, 0, '450.00', '0.00', '1.00', '3.00', '', 'no', '<div id=\"lipsum\">\r\n<p>&nbsp;Lorem ipsum dolor sit amet, consectetur adipiscing elit. Praesent faucibus erat id orci suscipit, ut lacinia nunc venenatis. Proin pharetra ac nunc sit amet sollicitudin. Maecenas accumsan vulputate turpis sodales suscipit. Phasellus laoreet posuere tempus. Sed eget est quis arcu elementum lobortis. Ut non egestas arcu. Nunc vitae arcu eget risus semper faucibus. Praesent sed massa volutpat quam imperdiet ultrices at quis lacus. Orci varius natoque penatibus et magnis dis parturient montes, nascetur ridiculus mus. Donec quis cursus libero. Aliquam erat volutpat. Curabitur vel lorem non magna hendrerit pretium et non lorem. Integer ut odio purus. Sed non mi tincidunt, porta nulla volutpat, malesuada erat.</p>\r\n<p>Fusce consectetur imperdiet risus nec auctor. Donec iaculis diam non laoreet elementum. Ut elementum, nibh vel ultricies hendrerit, sapien libero feugiat velit, ac consectetur eros tellus a massa. Nullam sed sem at urna pretium blandit in imperdiet leo. Sed in ligula tristique, accumsan orci in, sodales massa. Integer nec hendrerit felis. Phasellus tortor mauris, fringilla ac dolor lacinia, accumsan malesuada quam. Donec sed libero interdum, ullamcorper urna eget, cursus lorem. Nulla pretium, nibh at ornare iaculis, justo ipsum porta magna, a sodales enim massa dignissim sem. Phasellus ipsum nulla, consectetur sed ante et, suscipit gravida magna. Donec ac ante tempus, aliquet libero ut, gravida ligula. Phasellus sed quam varius, scelerisque mi et, imperdiet mauris. Vivamus a mattis massa, bibendum suscipit ligula. Phasellus placerat sapien vitae orci tristique iaculis. Sed varius turpis ut porttitor hendrerit. Nunc non varius enim.</p>\r\n<p>Donec non arcu nec nisl consequat convallis. Nam libero lectus, consequat at sem eu, vehicula rhoncus odio. Phasellus dolor dolor, convallis eu dictum sed, sodales id orci. Vestibulum quis lorem auctor, porta libero in, suscipit erat. Etiam sollicitudin, dui non consectetur pellentesque, tortor metus venenatis leo, id varius eros lorem ac arcu. Nam mollis placerat odio eget scelerisque. Quisque ac tristique elit.&nbsp;</p>\r\n</div>', 'Lorem ipsum dolor sit amet, consectetur adipiscing elit. Ut ultricies augue nulla, non venenatis diam interdum id. Orci varius natoque penatibus et magnis dis parturient montes, nascetur ridiculus mus. In sit amet erat viverra, posuere. ', 'available', 0, 0, '2021-04-29'),
(25, 'Wood Soprano Basswood Ukulele Uke Hawaii Guitar Musical Instrumen Bag Tuner -', 1, 8, 0, '4200.00', '0.00', '1.00', '2.00', '', 'no', '<div id=\"lipsum\">\r\n<p>&nbsp;Lorem ipsum dolor sit amet, consectetur adipiscing elit. Praesent faucibus erat id orci suscipit, ut lacinia nunc venenatis. Proin pharetra ac nunc sit amet sollicitudin. Maecenas accumsan vulputate turpis sodales suscipit. Phasellus laoreet posuere tempus. Sed eget est quis arcu elementum lobortis. Ut non egestas arcu. Nunc vitae arcu eget risus semper faucibus. Praesent sed massa volutpat quam imperdiet ultrices at quis lacus. Orci varius natoque penatibus et magnis dis parturient montes, nascetur ridiculus mus. Donec quis cursus libero. Aliquam erat volutpat. Curabitur vel lorem non magna hendrerit pretium et non lorem. Integer ut odio purus. Sed non mi tincidunt, porta nulla volutpat, malesuada erat.</p>\r\n<p>Fusce consectetur imperdiet risus nec auctor. Donec iaculis diam non laoreet elementum. Ut elementum, nibh vel ultricies hendrerit, sapien libero feugiat velit, ac consectetur eros tellus a massa. Nullam sed sem at urna pretium blandit in imperdiet leo. Sed in ligula tristique, accumsan orci in, sodales massa. Integer nec hendrerit felis. Phasellus tortor mauris, fringilla ac dolor lacinia, accumsan malesuada quam. Donec sed libero interdum, ullamcorper urna eget, cursus lorem. Nulla pretium, nibh at ornare iaculis, justo ipsum porta magna, a sodales enim massa dignissim sem. Phasellus ipsum nulla, consectetur sed ante et, suscipit gravida magna. Donec ac ante tempus, aliquet libero ut, gravida ligula. Phasellus sed quam varius, scelerisque mi et, imperdiet mauris. Vivamus a mattis massa, bibendum suscipit ligula. Phasellus placerat sapien vitae orci tristique iaculis. Sed varius turpis ut porttitor hendrerit. Nunc non varius enim.</p>\r\n<p>Donec non arcu nec nisl consequat convallis. Nam libero lectus, consequat at sem eu, vehicula rhoncus odio. Phasellus dolor dolor, convallis eu dictum sed, sodales id orci. Vestibulum quis lorem auctor, porta libero in, suscipit erat. Etiam sollicitudin, dui non consectetur pellentesque, tortor metus venenatis leo, id varius eros lorem ac arcu. Nam mollis placerat odio eget scelerisque. Quisque ac tristique elit.&nbsp;</p>\r\n</div>', 'Lorem ipsum dolor sit amet, consectetur adipiscing elit. Ut ultricies augue nulla, non venenatis diam interdum id. Orci varius natoque penatibus et magnis dis parturient montes, nascetur ridiculus mus. In sit amet erat viverra, posuere. ', 'available', 0, 0, '2021-04-29'),
(26, 'Vegetable Chopper Handy Quick Cutter for Kitchen, 3 Blade Stainless Steel, Pull String, Green (350ml And 900ml)', 1, 7, 3, '300.00', '0.00', '1.00', '0.00', '', 'no', '<div id=\"lipsum\">\r\n<p>&nbsp;Lorem ipsum dolor sit amet, consectetur adipiscing elit. Praesent faucibus erat id orci suscipit, ut lacinia nunc venenatis. Proin pharetra ac nunc sit amet sollicitudin. Maecenas accumsan vulputate turpis sodales suscipit. Phasellus laoreet posuere tempus. Sed eget est quis arcu elementum lobortis. Ut non egestas arcu. Nunc vitae arcu eget risus semper faucibus. Praesent sed massa volutpat quam imperdiet ultrices at quis lacus. Orci varius natoque penatibus et magnis dis parturient montes, nascetur ridiculus mus. Donec quis cursus libero. Aliquam erat volutpat. Curabitur vel lorem non magna hendrerit pretium et non lorem. Integer ut odio purus. Sed non mi tincidunt, porta nulla volutpat, malesuada erat.</p>\r\n<p>Fusce consectetur imperdiet risus nec auctor. Donec iaculis diam non laoreet elementum. Ut elementum, nibh vel ultricies hendrerit, sapien libero feugiat velit, ac consectetur eros tellus a massa. Nullam sed sem at urna pretium blandit in imperdiet leo. Sed in ligula tristique, accumsan orci in, sodales massa. Integer nec hendrerit felis. Phasellus tortor mauris, fringilla ac dolor lacinia, accumsan malesuada quam. Donec sed libero interdum, ullamcorper urna eget, cursus lorem. Nulla pretium, nibh at ornare iaculis, justo ipsum porta magna, a sodales enim massa dignissim sem. Phasellus ipsum nulla, consectetur sed ante et, suscipit gravida magna. Donec ac ante tempus, aliquet libero ut, gravida ligula. Phasellus sed quam varius, scelerisque mi et, imperdiet mauris. Vivamus a mattis massa, bibendum suscipit ligula. Phasellus placerat sapien vitae orci tristique iaculis. Sed varius turpis ut porttitor hendrerit. Nunc non varius enim.</p>\r\n<p>Donec non arcu nec nisl consequat convallis. Nam libero lectus, consequat at sem eu, vehicula rhoncus odio. Phasellus dolor dolor, convallis eu dictum sed, sodales id orci. Vestibulum quis lorem auctor, porta libero in, suscipit erat. Etiam sollicitudin, dui non consectetur pellentesque, tortor metus venenatis leo, id varius eros lorem ac arcu. Nam mollis placerat odio eget scelerisque. Quisque ac tristique elit.&nbsp;</p>\r\n</div>', 'Lorem ipsum dolor sit amet, consectetur adipiscing elit. Ut ultricies augue nulla, non venenatis diam interdum id. Orci varius natoque penatibus et magnis dis parturient montes, nascetur ridiculus mus. In sit amet erat viverra, posuere. ', 'available', 0, 15, '2021-04-29'),
(27, 'Fruit Slicer Apple Pear Cutter Stainless Steel Knife Corers Remover Vegetable Melon Chopper Peerler Divided Kitchen Tools', 1, 7, 3, '750.00', '0.00', '1.00', '4.00', '', 'no', '<div id=\"lipsum\">\r\n<p>&nbsp;Lorem ipsum dolor sit amet, consectetur adipiscing elit. Praesent faucibus erat id orci suscipit, ut lacinia nunc venenatis. Proin pharetra ac nunc sit amet sollicitudin. Maecenas accumsan vulputate turpis sodales suscipit. Phasellus laoreet posuere tempus. Sed eget est quis arcu elementum lobortis. Ut non egestas arcu. Nunc vitae arcu eget risus semper faucibus. Praesent sed massa volutpat quam imperdiet ultrices at quis lacus. Orci varius natoque penatibus et magnis dis parturient montes, nascetur ridiculus mus. Donec quis cursus libero. Aliquam erat volutpat. Curabitur vel lorem non magna hendrerit pretium et non lorem. Integer ut odio purus. Sed non mi tincidunt, porta nulla volutpat, malesuada erat.</p>\r\n<p>Fusce consectetur imperdiet risus nec auctor. Donec iaculis diam non laoreet elementum. Ut elementum, nibh vel ultricies hendrerit, sapien libero feugiat velit, ac consectetur eros tellus a massa. Nullam sed sem at urna pretium blandit in imperdiet leo. Sed in ligula tristique, accumsan orci in, sodales massa. Integer nec hendrerit felis. Phasellus tortor mauris, fringilla ac dolor lacinia, accumsan malesuada quam. Donec sed libero interdum, ullamcorper urna eget, cursus lorem. Nulla pretium, nibh at ornare iaculis, justo ipsum porta magna, a sodales enim massa dignissim sem. Phasellus ipsum nulla, consectetur sed ante et, suscipit gravida magna. Donec ac ante tempus, aliquet libero ut, gravida ligula. Phasellus sed quam varius, scelerisque mi et, imperdiet mauris. Vivamus a mattis massa, bibendum suscipit ligula. Phasellus placerat sapien vitae orci tristique iaculis. Sed varius turpis ut porttitor hendrerit. Nunc non varius enim.</p>\r\n<p>Donec non arcu nec nisl consequat convallis. Nam libero lectus, consequat at sem eu, vehicula rhoncus odio. Phasellus dolor dolor, convallis eu dictum sed, sodales id orci. Vestibulum quis lorem auctor, porta libero in, suscipit erat. Etiam sollicitudin, dui non consectetur pellentesque, tortor metus venenatis leo, id varius eros lorem ac arcu. Nam mollis placerat odio eget scelerisque. Quisque ac tristique elit.&nbsp;</p>\r\n</div>', 'Lorem ipsum dolor sit amet, consectetur adipiscing elit. Ut ultricies augue nulla, non venenatis diam interdum id. Orci varius natoque penatibus et magnis dis parturient montes, nascetur ridiculus mus. In sit amet erat viverra, posuere. ', 'available', 0, 1, '2021-04-29'),
(28, 'Joypuri Unstitched Skin Print Ari Work Cotton Three Piece Fashionable, Stylish and Comfortable, Salwar Kameez For/ Women', 1, 6, 0, '2500.00', '0.00', '1.00', '18.00', '', 'no', '<div id=\"lipsum\">\r\n<p>&nbsp;Lorem ipsum dolor sit amet, consectetur adipiscing elit. Praesent faucibus erat id orci suscipit, ut lacinia nunc venenatis. Proin pharetra ac nunc sit amet sollicitudin. Maecenas accumsan vulputate turpis sodales suscipit. Phasellus laoreet posuere tempus. Sed eget est quis arcu elementum lobortis. Ut non egestas arcu. Nunc vitae arcu eget risus semper faucibus. Praesent sed massa volutpat quam imperdiet ultrices at quis lacus. Orci varius natoque penatibus et magnis dis parturient montes, nascetur ridiculus mus. Donec quis cursus libero. Aliquam erat volutpat. Curabitur vel lorem non magna hendrerit pretium et non lorem. Integer ut odio purus. Sed non mi tincidunt, porta nulla volutpat, malesuada erat.</p>\r\n<p>Fusce consectetur imperdiet risus nec auctor. Donec iaculis diam non laoreet elementum. Ut elementum, nibh vel ultricies hendrerit, sapien libero feugiat velit, ac consectetur eros tellus a massa. Nullam sed sem at urna pretium blandit in imperdiet leo. Sed in ligula tristique, accumsan orci in, sodales massa. Integer nec hendrerit felis. Phasellus tortor mauris, fringilla ac dolor lacinia, accumsan malesuada quam. Donec sed libero interdum, ullamcorper urna eget, cursus lorem. Nulla pretium, nibh at ornare iaculis, justo ipsum porta magna, a sodales enim massa dignissim sem. Phasellus ipsum nulla, consectetur sed ante et, suscipit gravida magna. Donec ac ante tempus, aliquet libero ut, gravida ligula. Phasellus sed quam varius, scelerisque mi et, imperdiet mauris. Vivamus a mattis massa, bibendum suscipit ligula. Phasellus placerat sapien vitae orci tristique iaculis. Sed varius turpis ut porttitor hendrerit. Nunc non varius enim.</p>\r\n<p>Donec non arcu nec nisl consequat convallis. Nam libero lectus, consequat at sem eu, vehicula rhoncus odio. Phasellus dolor dolor, convallis eu dictum sed, sodales id orci. Vestibulum quis lorem auctor, porta libero in, suscipit erat. Etiam sollicitudin, dui non consectetur pellentesque, tortor metus venenatis leo, id varius eros lorem ac arcu. Nam mollis placerat odio eget scelerisque. Quisque ac tristique elit.&nbsp;</p>\r\n</div>', 'Lorem ipsum dolor sit amet, consectetur adipiscing elit. Ut ultricies augue nulla, non venenatis diam interdum id. Orci varius natoque penatibus et magnis dis parturient montes, nascetur ridiculus mus. In sit amet erat viverra, posuere. ', 'available', 0, 0, '2021-04-29'),
(29, 'Toshor Silk block print Sharee with blouj piece and high Quality Rich Fabrics,Exclusive Fashionable, Stylish Comfortable white colour sharee for Women.', 1, 6, 0, '4500.00', '0.00', '1.00', '30.00', '', 'no', '<div id=\"lipsum\">\r\n<p>&nbsp;Lorem ipsum dolor sit amet, consectetur adipiscing elit. Praesent faucibus erat id orci suscipit, ut lacinia nunc venenatis. Proin pharetra ac nunc sit amet sollicitudin. Maecenas accumsan vulputate turpis sodales suscipit. Phasellus laoreet posuere tempus. Sed eget est quis arcu elementum lobortis. Ut non egestas arcu. Nunc vitae arcu eget risus semper faucibus. Praesent sed massa volutpat quam imperdiet ultrices at quis lacus. Orci varius natoque penatibus et magnis dis parturient montes, nascetur ridiculus mus. Donec quis cursus libero. Aliquam erat volutpat. Curabitur vel lorem non magna hendrerit pretium et non lorem. Integer ut odio purus. Sed non mi tincidunt, porta nulla volutpat, malesuada erat.</p>\r\n<p>Fusce consectetur imperdiet risus nec auctor. Donec iaculis diam non laoreet elementum. Ut elementum, nibh vel ultricies hendrerit, sapien libero feugiat velit, ac consectetur eros tellus a massa. Nullam sed sem at urna pretium blandit in imperdiet leo. Sed in ligula tristique, accumsan orci in, sodales massa. Integer nec hendrerit felis. Phasellus tortor mauris, fringilla ac dolor lacinia, accumsan malesuada quam. Donec sed libero interdum, ullamcorper urna eget, cursus lorem. Nulla pretium, nibh at ornare iaculis, justo ipsum porta magna, a sodales enim massa dignissim sem. Phasellus ipsum nulla, consectetur sed ante et, suscipit gravida magna. Donec ac ante tempus, aliquet libero ut, gravida ligula. Phasellus sed quam varius, scelerisque mi et, imperdiet mauris. Vivamus a mattis massa, bibendum suscipit ligula. Phasellus placerat sapien vitae orci tristique iaculis. Sed varius turpis ut porttitor hendrerit. Nunc non varius enim.</p>\r\n<p>Donec non arcu nec nisl consequat convallis. Nam libero lectus, consequat at sem eu, vehicula rhoncus odio. Phasellus dolor dolor, convallis eu dictum sed, sodales id orci. Vestibulum quis lorem auctor, porta libero in, suscipit erat. Etiam sollicitudin, dui non consectetur pellentesque, tortor metus venenatis leo, id varius eros lorem ac arcu. Nam mollis placerat odio eget scelerisque. Quisque ac tristique elit.&nbsp;</p>\r\n</div>', 'Lorem ipsum dolor sit amet, consectetur adipiscing elit. Ut ultricies augue nulla, non venenatis diam interdum id. Orci varius natoque penatibus et magnis dis parturient montes, nascetur ridiculus mus. In sit amet erat viverra, posuere. ', 'available', 0, 0, '2021-04-29'),
(30, 'Nussan Juke 2015', 1, 5, 0, '2.00', '0.00', '1.00', '1.00', '', 'no', '<div id=\"lipsum\">\r\n<p>&nbsp;Lorem ipsum dolor sit amet, consectetur adipiscing elit. Praesent faucibus erat id orci suscipit, ut lacinia nunc venenatis. Proin pharetra ac nunc sit amet sollicitudin. Maecenas accumsan vulputate turpis sodales suscipit. Phasellus laoreet posuere tempus. Sed eget est quis arcu elementum lobortis. Ut non egestas arcu. Nunc vitae arcu eget risus semper faucibus. Praesent sed massa volutpat quam imperdiet ultrices at quis lacus. Orci varius natoque penatibus et magnis dis parturient montes, nascetur ridiculus mus. Donec quis cursus libero. Aliquam erat volutpat. Curabitur vel lorem non magna hendrerit pretium et non lorem. Integer ut odio purus. Sed non mi tincidunt, porta nulla volutpat, malesuada erat.</p>\r\n<p>Fusce consectetur imperdiet risus nec auctor. Donec iaculis diam non laoreet elementum. Ut elementum, nibh vel ultricies hendrerit, sapien libero feugiat velit, ac consectetur eros tellus a massa. Nullam sed sem at urna pretium blandit in imperdiet leo. Sed in ligula tristique, accumsan orci in, sodales massa. Integer nec hendrerit felis. Phasellus tortor mauris, fringilla ac dolor lacinia, accumsan malesuada quam. Donec sed libero interdum, ullamcorper urna eget, cursus lorem. Nulla pretium, nibh at ornare iaculis, justo ipsum porta magna, a sodales enim massa dignissim sem. Phasellus ipsum nulla, consectetur sed ante et, suscipit gravida magna. Donec ac ante tempus, aliquet libero ut, gravida ligula. Phasellus sed quam varius, scelerisque mi et, imperdiet mauris. Vivamus a mattis massa, bibendum suscipit ligula. Phasellus placerat sapien vitae orci tristique iaculis. Sed varius turpis ut porttitor hendrerit. Nunc non varius enim.</p>\r\n<p>Donec non arcu nec nisl consequat convallis. Nam libero lectus, consequat at sem eu, vehicula rhoncus odio. Phasellus dolor dolor, convallis eu dictum sed, sodales id orci. Vestibulum quis lorem auctor, porta libero in, suscipit erat. Etiam sollicitudin, dui non consectetur pellentesque, tortor metus venenatis leo, id varius eros lorem ac arcu. Nam mollis placerat odio eget scelerisque. Quisque ac tristique elit.&nbsp;</p>\r\n</div>', 'Lorem ipsum dolor sit amet, consectetur adipiscing elit. Ut ultricies augue nulla, non venenatis diam interdum id. Orci varius natoque penatibus et magnis dis parturient montes, nascetur ridiculus mus. In sit amet erat viverra, posuere. ', 'available', 0, 2, '2021-04-29'),
(31, 'Nussan Juke 2015', 1, 5, 0, '2.00', '0.00', '1.00', '1.00', '', 'no', 'Product details of Nussan Juke 2015\r\nBrand: Nissan\r\nModel: Juke\r\nYear: 2015\r\nColor: Wine red\r\nSpecifications of Nussan Juke 2015\r\nBrandNissanSKU171244245_BD-1107158282', NULL, 'available', 1, 0, '2021-04-27'),
(32, 'Nussan Juke 2015', 1, 5, 0, '2.00', '0.00', '1.00', '1.00', '', 'no', 'Product details of Nussan Juke 2015\r\nBrand: Nissan\r\nModel: Juke\r\nYear: 2015\r\nColor: Wine red\r\nSpecifications of Nussan Juke 2015\r\nBrandNissanSKU171244245_BD-1107158282', NULL, 'available', 1, 0, '2021-04-27'),
(33, 'Toyota Aqua 2014 (TRD Body Kit)', 1, 5, 0, '1.00', '0.00', '1.00', '0.00', '', 'no', '<div id=\"lipsum\">\r\n<p>&nbsp;Lorem ipsum dolor sit amet, consectetur adipiscing elit. Praesent faucibus erat id orci suscipit, ut lacinia nunc venenatis. Proin pharetra ac nunc sit amet sollicitudin. Maecenas accumsan vulputate turpis sodales suscipit. Phasellus laoreet posuere tempus. Sed eget est quis arcu elementum lobortis. Ut non egestas arcu. Nunc vitae arcu eget risus semper faucibus. Praesent sed massa volutpat quam imperdiet ultrices at quis lacus. Orci varius natoque penatibus et magnis dis parturient montes, nascetur ridiculus mus. Donec quis cursus libero. Aliquam erat volutpat. Curabitur vel lorem non magna hendrerit pretium et non lorem. Integer ut odio purus. Sed non mi tincidunt, porta nulla volutpat, malesuada erat.</p>\r\n<p>Fusce consectetur imperdiet risus nec auctor. Donec iaculis diam non laoreet elementum. Ut elementum, nibh vel ultricies hendrerit, sapien libero feugiat velit, ac consectetur eros tellus a massa. Nullam sed sem at urna pretium blandit in imperdiet leo. Sed in ligula tristique, accumsan orci in, sodales massa. Integer nec hendrerit felis. Phasellus tortor mauris, fringilla ac dolor lacinia, accumsan malesuada quam. Donec sed libero interdum, ullamcorper urna eget, cursus lorem. Nulla pretium, nibh at ornare iaculis, justo ipsum porta magna, a sodales enim massa dignissim sem. Phasellus ipsum nulla, consectetur sed ante et, suscipit gravida magna. Donec ac ante tempus, aliquet libero ut, gravida ligula. Phasellus sed quam varius, scelerisque mi et, imperdiet mauris. Vivamus a mattis massa, bibendum suscipit ligula. Phasellus placerat sapien vitae orci tristique iaculis. Sed varius turpis ut porttitor hendrerit. Nunc non varius enim.</p>\r\n<p>Donec non arcu nec nisl consequat convallis. Nam libero lectus, consequat at sem eu, vehicula rhoncus odio. Phasellus dolor dolor, convallis eu dictum sed, sodales id orci. Vestibulum quis lorem auctor, porta libero in, suscipit erat. Etiam sollicitudin, dui non consectetur pellentesque, tortor metus venenatis leo, id varius eros lorem ac arcu. Nam mollis placerat odio eget scelerisque. Quisque ac tristique elit.&nbsp;</p>\r\n</div>', 'Lorem ipsum dolor sit amet, consectetur adipiscing elit. Ut ultricies augue nulla, non venenatis diam interdum id. Orci varius natoque penatibus et magnis dis parturient montes, nascetur ridiculus mus. In sit amet erat viverra, posuere. ', 'available', 0, 0, '2021-04-29'),
(34, 'Walton Laptop Tamarind ZX3701A, 7th Gen Intel Core i3-7020U 2.30GHz, 512GB SATAIII M.2 2280 SSD , 4GB DDR4 RAM, 14 inch HD Display.', 1, 4, 0, '38000.00', '0.00', '1.00', '8.00', '', 'no', '<div id=\"lipsum\">\r\n<p>&nbsp;Lorem ipsum dolor sit amet, consectetur adipiscing elit. Praesent faucibus erat id orci suscipit, ut lacinia nunc venenatis. Proin pharetra ac nunc sit amet sollicitudin. Maecenas accumsan vulputate turpis sodales suscipit. Phasellus laoreet posuere tempus. Sed eget est quis arcu elementum lobortis. Ut non egestas arcu. Nunc vitae arcu eget risus semper faucibus. Praesent sed massa volutpat quam imperdiet ultrices at quis lacus. Orci varius natoque penatibus et magnis dis parturient montes, nascetur ridiculus mus. Donec quis cursus libero. Aliquam erat volutpat. Curabitur vel lorem non magna hendrerit pretium et non lorem. Integer ut odio purus. Sed non mi tincidunt, porta nulla volutpat, malesuada erat.</p>\r\n<p>Fusce consectetur imperdiet risus nec auctor. Donec iaculis diam non laoreet elementum. Ut elementum, nibh vel ultricies hendrerit, sapien libero feugiat velit, ac consectetur eros tellus a massa. Nullam sed sem at urna pretium blandit in imperdiet leo. Sed in ligula tristique, accumsan orci in, sodales massa. Integer nec hendrerit felis. Phasellus tortor mauris, fringilla ac dolor lacinia, accumsan malesuada quam. Donec sed libero interdum, ullamcorper urna eget, cursus lorem. Nulla pretium, nibh at ornare iaculis, justo ipsum porta magna, a sodales enim massa dignissim sem. Phasellus ipsum nulla, consectetur sed ante et, suscipit gravida magna. Donec ac ante tempus, aliquet libero ut, gravida ligula. Phasellus sed quam varius, scelerisque mi et, imperdiet mauris. Vivamus a mattis massa, bibendum suscipit ligula. Phasellus placerat sapien vitae orci tristique iaculis. Sed varius turpis ut porttitor hendrerit. Nunc non varius enim.</p>\r\n<p>Donec non arcu nec nisl consequat convallis. Nam libero lectus, consequat at sem eu, vehicula rhoncus odio. Phasellus dolor dolor, convallis eu dictum sed, sodales id orci. Vestibulum quis lorem auctor, porta libero in, suscipit erat. Etiam sollicitudin, dui non consectetur pellentesque, tortor metus venenatis leo, id varius eros lorem ac arcu. Nam mollis placerat odio eget scelerisque. Quisque ac tristique elit.&nbsp;</p>\r\n</div>', 'Lorem ipsum dolor sit amet, consectetur adipiscing elit. Ut ultricies augue nulla, non venenatis diam interdum id. Orci varius natoque penatibus et magnis dis parturient montes, nascetur ridiculus mus. In sit amet erat viverra, posuere. ', 'available', 0, 0, '2021-04-29'),
(35, 'Walton Walpad 10.5\'\' IPS Display, 4GB LPDDR4 RAM, 7000mah Battery with Flip Cover', 1, 4, 0, '28000.00', '0.00', '1.00', '0.00', '', 'no', '<div id=\"lipsum\">\r\n<p>&nbsp;Lorem ipsum dolor sit amet, consectetur adipiscing elit. Praesent faucibus erat id orci suscipit, ut lacinia nunc venenatis. Proin pharetra ac nunc sit amet sollicitudin. Maecenas accumsan vulputate turpis sodales suscipit. Phasellus laoreet posuere tempus. Sed eget est quis arcu elementum lobortis. Ut non egestas arcu. Nunc vitae arcu eget risus semper faucibus. Praesent sed massa volutpat quam imperdiet ultrices at quis lacus. Orci varius natoque penatibus et magnis dis parturient montes, nascetur ridiculus mus. Donec quis cursus libero. Aliquam erat volutpat. Curabitur vel lorem non magna hendrerit pretium et non lorem. Integer ut odio purus. Sed non mi tincidunt, porta nulla volutpat, malesuada erat.</p>\r\n<p>Fusce consectetur imperdiet risus nec auctor. Donec iaculis diam non laoreet elementum. Ut elementum, nibh vel ultricies hendrerit, sapien libero feugiat velit, ac consectetur eros tellus a massa. Nullam sed sem at urna pretium blandit in imperdiet leo. Sed in ligula tristique, accumsan orci in, sodales massa. Integer nec hendrerit felis. Phasellus tortor mauris, fringilla ac dolor lacinia, accumsan malesuada quam. Donec sed libero interdum, ullamcorper urna eget, cursus lorem. Nulla pretium, nibh at ornare iaculis, justo ipsum porta magna, a sodales enim massa dignissim sem. Phasellus ipsum nulla, consectetur sed ante et, suscipit gravida magna. Donec ac ante tempus, aliquet libero ut, gravida ligula. Phasellus sed quam varius, scelerisque mi et, imperdiet mauris. Vivamus a mattis massa, bibendum suscipit ligula. Phasellus placerat sapien vitae orci tristique iaculis. Sed varius turpis ut porttitor hendrerit. Nunc non varius enim.</p>\r\n<p>Donec non arcu nec nisl consequat convallis. Nam libero lectus, consequat at sem eu, vehicula rhoncus odio. Phasellus dolor dolor, convallis eu dictum sed, sodales id orci. Vestibulum quis lorem auctor, porta libero in, suscipit erat. Etiam sollicitudin, dui non consectetur pellentesque, tortor metus venenatis leo, id varius eros lorem ac arcu. Nam mollis placerat odio eget scelerisque. Quisque ac tristique elit.&nbsp;</p>\r\n</div>', 'Lorem ipsum dolor sit amet, consectetur adipiscing elit. Ut ultricies augue nulla, non venenatis diam interdum id. Orci varius natoque penatibus et magnis dis parturient montes, nascetur ridiculus mus. In sit amet erat viverra, posuere. ', 'available', 0, 0, '2021-04-29'),
(36, 'Walton Ultra Slim Border Less WD238V02 23.8 Full HD 1920x1080 at 75HZ Desktop Monitor with Built in Speaker.', 1, 4, 0, '12.00', '0.00', '1.00', '1.00', '', 'no', '<div id=\"lipsum\">\r\n<p>&nbsp;Lorem ipsum dolor sit amet, consectetur adipiscing elit. Praesent faucibus erat id orci suscipit, ut lacinia nunc venenatis. Proin pharetra ac nunc sit amet sollicitudin. Maecenas accumsan vulputate turpis sodales suscipit. Phasellus laoreet posuere tempus. Sed eget est quis arcu elementum lobortis. Ut non egestas arcu. Nunc vitae arcu eget risus semper faucibus. Praesent sed massa volutpat quam imperdiet ultrices at quis lacus. Orci varius natoque penatibus et magnis dis parturient montes, nascetur ridiculus mus. Donec quis cursus libero. Aliquam erat volutpat. Curabitur vel lorem non magna hendrerit pretium et non lorem. Integer ut odio purus. Sed non mi tincidunt, porta nulla volutpat, malesuada erat.</p>\r\n<p>Fusce consectetur imperdiet risus nec auctor. Donec iaculis diam non laoreet elementum. Ut elementum, nibh vel ultricies hendrerit, sapien libero feugiat velit, ac consectetur eros tellus a massa. Nullam sed sem at urna pretium blandit in imperdiet leo. Sed in ligula tristique, accumsan orci in, sodales massa. Integer nec hendrerit felis. Phasellus tortor mauris, fringilla ac dolor lacinia, accumsan malesuada quam. Donec sed libero interdum, ullamcorper urna eget, cursus lorem. Nulla pretium, nibh at ornare iaculis, justo ipsum porta magna, a sodales enim massa dignissim sem. Phasellus ipsum nulla, consectetur sed ante et, suscipit gravida magna. Donec ac ante tempus, aliquet libero ut, gravida ligula. Phasellus sed quam varius, scelerisque mi et, imperdiet mauris. Vivamus a mattis massa, bibendum suscipit ligula. Phasellus placerat sapien vitae orci tristique iaculis. Sed varius turpis ut porttitor hendrerit. Nunc non varius enim.</p>\r\n<p>Donec non arcu nec nisl consequat convallis. Nam libero lectus, consequat at sem eu, vehicula rhoncus odio. Phasellus dolor dolor, convallis eu dictum sed, sodales id orci. Vestibulum quis lorem auctor, porta libero in, suscipit erat. Etiam sollicitudin, dui non consectetur pellentesque, tortor metus venenatis leo, id varius eros lorem ac arcu. Nam mollis placerat odio eget scelerisque. Quisque ac tristique elit.&nbsp;</p>\r\n</div>', 'Lorem ipsum dolor sit amet, consectetur adipiscing elit. Ut ultricies augue nulla, non venenatis diam interdum id. Orci varius natoque penatibus et magnis dis parturient montes, nascetur ridiculus mus. In sit amet erat viverra, posuere. ', 'available', 0, 0, '2021-04-29'),
(37, 'HP 22fw 21.5 IPS Full HD LED Monitor (White)', 1, 4, 0, '1400.00', '0.00', '1.00', '4.00', '', 'no', '<div id=\"lipsum\">\r\n<p>&nbsp;Lorem ipsum dolor sit amet, consectetur adipiscing elit. Praesent faucibus erat id orci suscipit, ut lacinia nunc venenatis. Proin pharetra ac nunc sit amet sollicitudin. Maecenas accumsan vulputate turpis sodales suscipit. Phasellus laoreet posuere tempus. Sed eget est quis arcu elementum lobortis. Ut non egestas arcu. Nunc vitae arcu eget risus semper faucibus. Praesent sed massa volutpat quam imperdiet ultrices at quis lacus. Orci varius natoque penatibus et magnis dis parturient montes, nascetur ridiculus mus. Donec quis cursus libero. Aliquam erat volutpat. Curabitur vel lorem non magna hendrerit pretium et non lorem. Integer ut odio purus. Sed non mi tincidunt, porta nulla volutpat, malesuada erat.</p>\r\n<p>Fusce consectetur imperdiet risus nec auctor. Donec iaculis diam non laoreet elementum. Ut elementum, nibh vel ultricies hendrerit, sapien libero feugiat velit, ac consectetur eros tellus a massa. Nullam sed sem at urna pretium blandit in imperdiet leo. Sed in ligula tristique, accumsan orci in, sodales massa. Integer nec hendrerit felis. Phasellus tortor mauris, fringilla ac dolor lacinia, accumsan malesuada quam. Donec sed libero interdum, ullamcorper urna eget, cursus lorem. Nulla pretium, nibh at ornare iaculis, justo ipsum porta magna, a sodales enim massa dignissim sem. Phasellus ipsum nulla, consectetur sed ante et, suscipit gravida magna. Donec ac ante tempus, aliquet libero ut, gravida ligula. Phasellus sed quam varius, scelerisque mi et, imperdiet mauris. Vivamus a mattis massa, bibendum suscipit ligula. Phasellus placerat sapien vitae orci tristique iaculis. Sed varius turpis ut porttitor hendrerit. Nunc non varius enim.</p>\r\n<p>Donec non arcu nec nisl consequat convallis. Nam libero lectus, consequat at sem eu, vehicula rhoncus odio. Phasellus dolor dolor, convallis eu dictum sed, sodales id orci. Vestibulum quis lorem auctor, porta libero in, suscipit erat. Etiam sollicitudin, dui non consectetur pellentesque, tortor metus venenatis leo, id varius eros lorem ac arcu. Nam mollis placerat odio eget scelerisque. Quisque ac tristique elit.&nbsp;</p>\r\n</div>', 'Lorem ipsum dolor sit amet, consectetur adipiscing elit. Ut ultricies augue nulla, non venenatis diam interdum id. Orci varius natoque penatibus et magnis dis parturient montes, nascetur ridiculus mus. In sit amet erat viverra, posuere. ', 'available', 0, 0, '2021-04-29'),
(38, 'Gigabyte Aorus 5 Mb I7-10750H 2.6 To 5.0Ghz (6C, 12T) 10Th Gen, 16Gb Ram, 512Gb Pcie, 4Gb Ddr6 1650Ti Graphics, 15.6 Fhd 144Hz Gaming Laptop', 1, 4, 0, '126.00', '0.00', '1.00', '2.00', '', 'no', '<div id=\"lipsum\">\r\n<p>&nbsp;Lorem ipsum dolor sit amet, consectetur adipiscing elit. Praesent faucibus erat id orci suscipit, ut lacinia nunc venenatis. Proin pharetra ac nunc sit amet sollicitudin. Maecenas accumsan vulputate turpis sodales suscipit. Phasellus laoreet posuere tempus. Sed eget est quis arcu elementum lobortis. Ut non egestas arcu. Nunc vitae arcu eget risus semper faucibus. Praesent sed massa volutpat quam imperdiet ultrices at quis lacus. Orci varius natoque penatibus et magnis dis parturient montes, nascetur ridiculus mus. Donec quis cursus libero. Aliquam erat volutpat. Curabitur vel lorem non magna hendrerit pretium et non lorem. Integer ut odio purus. Sed non mi tincidunt, porta nulla volutpat, malesuada erat.</p>\r\n<p>Fusce consectetur imperdiet risus nec auctor. Donec iaculis diam non laoreet elementum. Ut elementum, nibh vel ultricies hendrerit, sapien libero feugiat velit, ac consectetur eros tellus a massa. Nullam sed sem at urna pretium blandit in imperdiet leo. Sed in ligula tristique, accumsan orci in, sodales massa. Integer nec hendrerit felis. Phasellus tortor mauris, fringilla ac dolor lacinia, accumsan malesuada quam. Donec sed libero interdum, ullamcorper urna eget, cursus lorem. Nulla pretium, nibh at ornare iaculis, justo ipsum porta magna, a sodales enim massa dignissim sem. Phasellus ipsum nulla, consectetur sed ante et, suscipit gravida magna. Donec ac ante tempus, aliquet libero ut, gravida ligula. Phasellus sed quam varius, scelerisque mi et, imperdiet mauris. Vivamus a mattis massa, bibendum suscipit ligula. Phasellus placerat sapien vitae orci tristique iaculis. Sed varius turpis ut porttitor hendrerit. Nunc non varius enim.</p>\r\n<p>Donec non arcu nec nisl consequat convallis. Nam libero lectus, consequat at sem eu, vehicula rhoncus odio. Phasellus dolor dolor, convallis eu dictum sed, sodales id orci. Vestibulum quis lorem auctor, porta libero in, suscipit erat. Etiam sollicitudin, dui non consectetur pellentesque, tortor metus venenatis leo, id varius eros lorem ac arcu. Nam mollis placerat odio eget scelerisque. Quisque ac tristique elit.&nbsp;</p>\r\n</div>', 'Lorem ipsum dolor sit amet, consectetur adipiscing elit. Ut ultricies augue nulla, non venenatis diam interdum id. Orci varius natoque penatibus et magnis dis parturient montes, nascetur ridiculus mus. In sit amet erat viverra, posuere. ', 'available', 0, 0, '2021-04-29'),
(39, 'Samsung Galaxy A20S Tempered Glass Protector 6D/9D/11D Black-Transparent', 1, 3, 0, '16000.00', '0.00', '1.00', '2.00', '', 'no', '<div id=\"lipsum\">\r\n<p>&nbsp;Lorem ipsum dolor sit amet, consectetur adipiscing elit. Praesent faucibus erat id orci suscipit, ut lacinia nunc venenatis. Proin pharetra ac nunc sit amet sollicitudin. Maecenas accumsan vulputate turpis sodales suscipit. Phasellus laoreet posuere tempus. Sed eget est quis arcu elementum lobortis. Ut non egestas arcu. Nunc vitae arcu eget risus semper faucibus. Praesent sed massa volutpat quam imperdiet ultrices at quis lacus. Orci varius natoque penatibus et magnis dis parturient montes, nascetur ridiculus mus. Donec quis cursus libero. Aliquam erat volutpat. Curabitur vel lorem non magna hendrerit pretium et non lorem. Integer ut odio purus. Sed non mi tincidunt, porta nulla volutpat, malesuada erat.</p>\r\n<p>Fusce consectetur imperdiet risus nec auctor. Donec iaculis diam non laoreet elementum. Ut elementum, nibh vel ultricies hendrerit, sapien libero feugiat velit, ac consectetur eros tellus a massa. Nullam sed sem at urna pretium blandit in imperdiet leo. Sed in ligula tristique, accumsan orci in, sodales massa. Integer nec hendrerit felis. Phasellus tortor mauris, fringilla ac dolor lacinia, accumsan malesuada quam. Donec sed libero interdum, ullamcorper urna eget, cursus lorem. Nulla pretium, nibh at ornare iaculis, justo ipsum porta magna, a sodales enim massa dignissim sem. Phasellus ipsum nulla, consectetur sed ante et, suscipit gravida magna. Donec ac ante tempus, aliquet libero ut, gravida ligula. Phasellus sed quam varius, scelerisque mi et, imperdiet mauris. Vivamus a mattis massa, bibendum suscipit ligula. Phasellus placerat sapien vitae orci tristique iaculis. Sed varius turpis ut porttitor hendrerit. Nunc non varius enim.</p>\r\n<p>Donec non arcu nec nisl consequat convallis. Nam libero lectus, consequat at sem eu, vehicula rhoncus odio. Phasellus dolor dolor, convallis eu dictum sed, sodales id orci. Vestibulum quis lorem auctor, porta libero in, suscipit erat. Etiam sollicitudin, dui non consectetur pellentesque, tortor metus venenatis leo, id varius eros lorem ac arcu. Nam mollis placerat odio eget scelerisque. Quisque ac tristique elit.&nbsp;</p>\r\n</div>', 'Lorem ipsum dolor sit amet, consectetur adipiscing elit. Ut ultricies augue nulla, non venenatis diam interdum id. Orci varius natoque penatibus et magnis dis parturient montes, nascetur ridiculus mus. In sit amet erat viverra, posuere. ', 'available', 0, 2, '2021-04-29'),
(40, 'Usb Type C Cable 1 Pack (3Ft) Nylon Braided Usb A To Usb C Charger Cable Fast Charg Cord For Samsung Galaxy 8 S8 Plus, Lg G5 G6 V30, Htc 10, Nexus 5X/6P-Blue', 1, 3, 0, '450.00', '0.00', '1.00', '6.00', '', 'yes', '<div id=\"lipsum\">\r\n<p>&nbsp;Lorem ipsum dolor sit amet, consectetur adipiscing elit. Praesent faucibus erat id orci suscipit, ut lacinia nunc venenatis. Proin pharetra ac nunc sit amet sollicitudin. Maecenas accumsan vulputate turpis sodales suscipit. Phasellus laoreet posuere tempus. Sed eget est quis arcu elementum lobortis. Ut non egestas arcu. Nunc vitae arcu eget risus semper faucibus. Praesent sed massa volutpat quam imperdiet ultrices at quis lacus. Orci varius natoque penatibus et magnis dis parturient montes, nascetur ridiculus mus. Donec quis cursus libero. Aliquam erat volutpat. Curabitur vel lorem non magna hendrerit pretium et non lorem. Integer ut odio purus. Sed non mi tincidunt, porta nulla volutpat, malesuada erat.</p>\r\n<p>Fusce consectetur imperdiet risus nec auctor. Donec iaculis diam non laoreet elementum. Ut elementum, nibh vel ultricies hendrerit, sapien libero feugiat velit, ac consectetur eros tellus a massa. Nullam sed sem at urna pretium blandit in imperdiet leo. Sed in ligula tristique, accumsan orci in, sodales massa. Integer nec hendrerit felis. Phasellus tortor mauris, fringilla ac dolor lacinia, accumsan malesuada quam. Donec sed libero interdum, ullamcorper urna eget, cursus lorem. Nulla pretium, nibh at ornare iaculis, justo ipsum porta magna, a sodales enim massa dignissim sem. Phasellus ipsum nulla, consectetur sed ante et, suscipit gravida magna. Donec ac ante tempus, aliquet libero ut, gravida ligula. Phasellus sed quam varius, scelerisque mi et, imperdiet mauris. Vivamus a mattis massa, bibendum suscipit ligula. Phasellus placerat sapien vitae orci tristique iaculis. Sed varius turpis ut porttitor hendrerit. Nunc non varius enim.</p>\r\n<p>Donec non arcu nec nisl consequat convallis. Nam libero lectus, consequat at sem eu, vehicula rhoncus odio. Phasellus dolor dolor, convallis eu dictum sed, sodales id orci. Vestibulum quis lorem auctor, porta libero in, suscipit erat. Etiam sollicitudin, dui non consectetur pellentesque, tortor metus venenatis leo, id varius eros lorem ac arcu. Nam mollis placerat odio eget scelerisque. Quisque ac tristique elit.&nbsp;</p>\r\n</div>', 'Lorem ipsum dolor sit amet, consectetur adipiscing elit. Ut ultricies augue nulla, non venenatis diam interdum id. Orci varius natoque penatibus et magnis dis parturient montes, nascetur ridiculus mus. In sit amet erat viverra, posuere. ', 'available', 0, 3, '2021-04-29'),
(41, 'Tempered Glass for Sony Xperia XZS Gorilla 2.5D-Transparent', 1, 3, 0, '26500.00', '0.00', '1.00', '4.00', '', 'no', '<p>Product details of Tempered Glass for Sony Xperia XZS Gorilla 2.5D-Transparent High-quality material,Touch Sensitive Lightweight And Ultra-thinEasy To Carry Protection: The Screen Of Cellphone 100%Brand New Ultra-thin&amp; Rounded Edges 1.Glass ONLY, Other Accessories not included. 2.The real color of the item may be slightly different from the pictures shown on website caused by many factors such as brightness of your monitor and light brightness. SpLorem ipsum dolor sit amet, consectetur adipiscing elit. Praesent faucibus erat id orci suscipit, ut lacinia nunc venenatis. Proin pharetra ac nunc sit amet sollicitudin. Maecenas accumsan vulputate turpis sodales suscipit. Phasellus laoreet posuere tempus. Sed eget est quis arcu elementum lobortis. Ut non egestas arcu. Nunc vitae arcu eget risus semper faucibus. Praesent sed massa volutpat quam imperdiet ultrices at quis lacus. Orci varius natoque penatibus et magnis dis parturient montes, nascetur ridiculus mus. Donec quis cursus libero. Aliquam erat volutpat. Curabitur vel lorem non magna hendrerit pretium et non lorem. Integer ut odio purus. Sed non mi tincidunt, porta nulla volutpat, malesuada erat.</p>\r\n<div id=\"lipsum\">\r\n<p>Fusce consectetur imperdiet risus nec auctor. Donec iaculis diam non laoreet elementum. Ut elementum, nibh vel ultricies hendrerit, sapien libero feugiat velit, ac consectetur eros tellus a massa. Nullam sed sem at urna pretium blandit in imperdiet leo. Sed in ligula tristique, accumsan orci in, sodales massa. Integer nec hendrerit felis. Phasellus tortor mauris, fringilla ac dolor lacinia, accumsan malesuada quam. Donec sed libero interdum, ullamcorper urna eget, cursus lorem. Nulla pretium, nibh at ornare iaculis, justo ipsum porta magna, a sodales enim massa dignissim sem. Phasellus ipsum nulla, consectetur sed ante et, suscipit gravida magna. Donec ac ante tempus, aliquet libero ut, gravida ligula. Phasellus sed quam varius, scelerisque mi et, imperdiet mauris. Vivamus a mattis massa, bibendum suscipit ligula. Phasellus placerat sapien vitae orci tristique iaculis. Sed varius turpis ut porttitor hendrerit. Nunc non varius enim.</p>\r\n</div>\r\n<p>Donec non arcu nec nisl consequat convallis. Nam libero lectus, consequat at sem eu, vehicula rhoncus odio. Phasellus dolor dolor, convallis eu dictum sed, sodales id orci. Vestibulum quis lorem auctor, porta libero in, suscipit erat. Etiam sollicitudin, dui non consectetur pellentesque, tortor metus venenatis leo, id varius eros lorem ac arcu. Nam mollis placerat odio eget scelerisque. Quisque ac tristique elit.ecifications of Tempered Glass for Sony Xperia XZS Gorilla 2.5D-Transparent</p>', 'Lorem ipsum dolor sit amet, consectetur adipiscing elit. Ut ultricies augue nulla, non venenatis diam interdum id. Orci varius natoque penatibus et magnis dis parturient montes, nascetur ridiculus mus. In sit amet erat viverra, posuere. ', 'available', 0, 0, '2021-04-29');
INSERT INTO `products` (`id`, `title`, `brand_id`, `cat_id`, `sub_cat_id`, `price`, `purchase_price`, `min_qty`, `discount`, `warranty`, `feature_product`, `description`, `short_description`, `status`, `trash`, `total_visit`, `date`) VALUES
(42, 'Liquid Silicone Phone Case For New Apple iPhone 7/8 Apple iPhone 7/8 Soft Mobile Back Cover', 1, 3, 0, '48000.00', '0.00', '1.00', '2.00', '', 'no', '<p>Product details of Liquid Silicone Phone Case For New Apple iPhone 7/8 Apple iPhone 7/8 Soft Mobile Back Cover Vibrant Color Border for naturally enhanced personalized appearance Made of Nano chemical materials Environmentally friendly material Ultra-thin and easy for operation High-precision machine molding Explosion-proof and shock-proof Pressure-resistant and anti-scratch function Protects your device perfectly 0.3mm, precious cuts for your screen, speakers, sensors and other ports Tough and scratch-resistant yet flexible HD ultra-clear with high sensitivity and comfortable touch feeling Specifications of Liquid Silicone Phone Case For New Apple iPhone 7/8 Apple iPhone 7/8 Soft Mobile Back Cover BrandClick GadgetsLorem ipsum dolor sit amet, consectetur adipiscing elit. Praesent faucibus erat id orci suscipit, ut lacinia nunc venenatis. Proin pharetra ac nunc sit amet sollicitudin. Maecenas accumsan vulputate turpis sodales suscipit. Phasellus laoreet posuere tempus. Sed eget est quis arcu elementum lobortis. Ut non egestas arcu. Nunc vitae arcu eget risus semper faucibus. Praesent sed massa volutpat quam imperdiet ultrices at quis lacus. Orci varius natoque penatibus et magnis dis parturient montes, nascetur ridiculus mus. Donec quis cursus libero. Aliquam erat volutpat. Curabitur vel lorem non magna hendrerit pretium et non lorem. Integer ut odio purus. Sed non mi tincidunt, porta nulla volutpat, malesuada erat.</p>\r\n<div id=\"lipsum\">\r\n<p>Fusce consectetur imperdiet risus nec auctor. Donec iaculis diam non laoreet elementum. Ut elementum, nibh vel ultricies hendrerit, sapien libero feugiat velit, ac consectetur eros tellus a massa. Nullam sed sem at urna pretium blandit in imperdiet leo. Sed in ligula tristique, accumsan orci in, sodales massa. Integer nec hendrerit felis. Phasellus tortor mauris, fringilla ac dolor lacinia, accumsan malesuada quam. Donec sed libero interdum, ullamcorper urna eget, cursus lorem. Nulla pretium, nibh at ornare iaculis, justo ipsum porta magna, a sodales enim massa dignissim sem. Phasellus ipsum nulla, consectetur sed ante et, suscipit gravida magna. Donec ac ante tempus, aliquet libero ut, gravida ligula. Phasellus sed quam varius, scelerisque mi et, imperdiet mauris. Vivamus a mattis massa, bibendum suscipit ligula. Phasellus placerat sapien vitae orci tristique iaculis. Sed varius turpis ut porttitor hendrerit. Nunc non varius enim.</p>\r\n<p>Donec non arcu nec nisl consequat convallis. Nam libero lectus, consequat at sem eu, vehicula rhoncus odio. Phasellus dolor dolor, convallis eu dictum sed, sodales id orci. Vestibulum quis lorem auctor, porta libero in, suscipit erat. Etiam sollicitudin, dui non consectetur pellentesque, tortor metus venenatis leo, id varius eros lorem ac arcu. Nam mollis placerat odio eget scelerisque. Quisque ac tristique elit.&nbsp;</p>\r\n</div>', 'Lorem ipsum dolor sit amet, consectetur adipiscing elit. Ut ultricies augue nulla, non venenatis diam interdum id. Orci varius natoque penatibus et magnis dis parturient montes, nascetur ridiculus mus. In sit amet erat viverra, posuere. ', 'available', 0, 0, '2021-04-29'),
(43, 'Space Full Clear Shockproof Acrylic Case For iPhone 12 11 Pro XS Max Mini XR X 6 6S 7 8 Plus SE 2020 Transparent Anti-Knock', 1, 3, 0, '120000.00', '0.00', '1.00', '3.00', '', 'no', '<p>Product details of Space Full Clear Shockproof Acrylic Case For iPhone 12 11 Pro XS Max Mini XR X 6 6S 7 8 Plus SE 2020 Transparent Anti-Knock Space Full Clear Shockproof Acrylic Case For iPhone 12 11 Pro XS Max Mini XR X 6 6S 7 8 Plus SE 2020 Transparent Anti-KnockLorem ipsum dolor sit amet, consectetur adipiscing elit. Praesent faucibus erat id orci suscipit, ut lacinia nunc venenatis. Proin pharetra ac nunc sit amet sollicitudin. Maecenas accumsan vulputate turpis sodales suscipit. Phasellus laoreet posuere tempus. Sed eget est quis arcu elementum lobortis. Ut non egestas arcu. Nunc vitae arcu eget risus semper faucibus. Praesent sed massa volutpat quam imperdiet ultrices at quis lacus. Orci varius natoque penatibus et magnis dis parturient montes, nascetur ridiculus mus. Donec quis cursus libero. Aliquam erat volutpat. Curabitur vel lorem non magna hendrerit pretium et non lorem. Integer ut odio purus. Sed non mi tincidunt, porta nulla volutpat, malesuada erat.</p>\r\n<div id=\"lipsum\">\r\n<p>Fusce consectetur imperdiet risus nec auctor. Donec iaculis diam non laoreet elementum. Ut elementum, nibh vel ultricies hendrerit, sapien libero feugiat velit, ac consectetur eros tellus a massa. Nullam sed sem at urna pretium blandit in imperdiet leo. Sed in ligula tristique, accumsan orci in, sodales massa. Integer nec hendrerit felis. Phasellus tortor mauris, fringilla ac dolor lacinia, accumsan malesuada quam. Donec sed libero interdum, ullamcorper urna eget, cursus lorem. Nulla pretium, nibh at ornare iaculis, justo ipsum porta magna, a sodales enim massa dignissim sem. Phasellus ipsum nulla, consectetur sed ante et, suscipit gravida magna. Donec ac ante tempus, aliquet libero ut, gravida ligula. Phasellus sed quam varius, scelerisque mi et, imperdiet mauris. Vivamus a mattis massa, bibendum suscipit ligula. Phasellus placerat sapien vitae orci tristique iaculis. Sed varius turpis ut porttitor hendrerit. Nunc non varius enim.</p>\r\n<p>Donec non arcu nec nisl consequat convallis. Nam libero lectus, consequat at sem eu, vehicula rhoncus odio. Phasellus dolor dolor, convallis eu dictum sed, sodales id orci. Vestibulum quis lorem auctor, porta libero in, suscipit erat. Etiam sollicitudin, dui non consectetur pellentesque, tortor metus venenatis leo, id varius eros lorem ac arcu. Nam mollis placerat odio eget scelerisque. Quisque ac tristique elit.&nbsp;</p>\r\n</div>', 'Lorem ipsum dolor sit amet, consectetur adipiscing elit. Ut ultricies augue nulla, non venenatis diam interdum id. Orci varius natoque penatibus et magnis dis parturient montes, nascetur ridiculus mus. In sit amet erat viverra, posuere. ', 'available', 0, 69, '2021-04-29'),
(44, 'Luxury Brand Clear Case For Apple iPhone 11 Pro Max 12 Mini XR iPhone11 Transparent Shockproof Hybrid Cover Accessories', 1, 3, 0, '95000.00', '0.00', '1.00', '1.00', '', 'no', '<p>Product details of Luxury Brand Clear Case For Apple iPhone 11 Pro Max 12 Mini XR iPhone11 Transparent Shockproof Hybrid Cover Accessories Original Luxury Brand Clear Case For Apple iPhone 11 Pro Max 12 Mini XR iPhone11 Transparent Shockproof Hybrid Cover Accessories Original Luxury Brand Clear Case For Apple iPhone 11 Pro Max 12 Mini XR iPhone11 Transparent Shockproof Hybrid Cover Accessories For iPhone 11 Pro Max: Perfect Compatible with iPhone 11 Pro Max case For iPhone 11 Pro Max slim cases: Made of premium soft tpu bumper+ hard pc back material offer fingerprints and extra protection from sudden dropping and scratch resistant . For iPhone 11 Pro Max cases: Easy access to all buttons, controls and ports without having to remove your phone.Fits snugly over the buttons, curves of your device. For iPhone 11 Pro Max case: Crystal clear case reveals and enhances the original phone design and colors. For 11 Pro Max case: Raised edges ensure protection for the screen and camera.Lorem ipsum dolor sit amet, consectetur adipiscing elit. Praesent faucibus erat id orci suscipit, ut lacinia nunc venenatis. Proin pharetra ac nunc sit amet sollicitudin. Maecenas accumsan vulputate turpis sodales suscipit. Phasellus laoreet posuere tempus. Sed eget est quis arcu elementum lobortis. Ut non egestas arcu. Nunc vitae arcu eget risus semper faucibus. Praesent sed massa volutpat quam imperdiet ultrices at quis lacus. Orci varius natoque penatibus et magnis dis parturient montes, nascetur ridiculus mus. Donec quis cursus libero. Aliquam erat volutpat. Curabitur vel lorem non magna hendrerit pretium et non lorem. Integer ut odio purus. Sed non mi tincidunt, porta nulla volutpat, malesuada erat.</p>\r\n<div id=\"lipsum\">\r\n<p>Fusce consectetur imperdiet risus nec auctor. Donec iaculis diam non laoreet elementum. Ut elementum, nibh vel ultricies hendrerit, sapien libero feugiat velit, ac consectetur eros tellus a massa. Nullam sed sem at urna pretium blandit in imperdiet leo. Sed in ligula tristique, accumsan orci in, sodales massa. Integer nec hendrerit felis. Phasellus tortor mauris, fringilla ac dolor lacinia, accumsan malesuada quam. Donec sed libero interdum, ullamcorper urna eget, cursus lorem. Nulla pretium, nibh at ornare iaculis, justo ipsum porta magna, a sodales enim massa dignissim sem. Phasellus ipsum nulla, consectetur sed ante et, suscipit gravida magna. Donec ac ante tempus, aliquet libero ut, gravida ligula. Phasellus sed quam varius, scelerisque mi et, imperdiet mauris. Vivamus a mattis massa, bibendum suscipit ligula. Phasellus placerat sapien vitae orci tristique iaculis. Sed varius turpis ut porttitor hendrerit. Nunc non varius enim.</p>\r\n<p>Donec non arcu nec nisl consequat convallis. Nam libero lectus, consequat at sem eu, vehicula rhoncus odio. Phasellus dolor dolor, convallis eu dictum sed, sodales id orci. Vestibulum quis lorem auctor, porta libero in, suscipit erat. Etiam sollicitudin, dui non consectetur pellentesque, tortor metus venenatis leo, id varius eros lorem ac arcu. Nam mollis placerat odio eget scelerisque. Quisque ac tristique elit.&nbsp;</p>\r\n</div>', 'Lorem ipsum dolor sit amet, consectetur adipiscing elit. Ut ultricies augue nulla, non venenatis diam interdum id. Orci varius natoque penatibus et magnis dis parturient montes, nascetur ridiculus mus. In sit amet erat viverra, posuere. ', 'available', 0, 0, '2021-04-29'),
(45, 'BlackBerry phones', 1, 3, 0, '94000.00', '0.00', '1.00', '2.00', '', 'yes', '<p>My old BlackBerry 6220, complete with a track wheel and dorky holster, was built like a tank. I dropped it. I flung it in anger. When I was bored, I tried juggling it (and I\'m a terrible juggler). It still kept tickingLorem ipsum dolor sit amet, consectetur adipiscing elit. Praesent faucibus erat id orci suscipit, ut lacinia nunc venenatis. Proin pharetra ac nunc sit amet sollicitudin. Maecenas accumsan vulputate turpis sodales suscipit. Phasellus laoreet posuere tempus. Sed eget est quis arcu elementum lobortis. Ut non egestas arcu. Nunc vitae arcu eget risus semper faucibus. Praesent sed massa volutpat quam imperdiet ultrices at quis lacus. Orci varius natoque penatibus et magnis dis parturient montes, nascetur ridiculus mus. Donec quis cursus libero. Aliquam erat volutpat. Curabitur vel lorem non magna hendrerit pretium et non lorem. Integer ut odio purus. Sed non mi tincidunt, porta nulla volutpat, malesuada erat.</p>\r\n<div id=\"lipsum\">\r\n<p>Fusce consectetur imperdiet risus nec auctor. Donec iaculis diam non laoreet elementum. Ut elementum, nibh vel ultricies hendrerit, sapien libero feugiat velit, ac consectetur eros tellus a massa. Nullam sed sem at urna pretium blandit in imperdiet leo. Sed in ligula tristique, accumsan orci in, sodales massa. Integer nec hendrerit felis. Phasellus tortor mauris, fringilla ac dolor lacinia, accumsan malesuada quam. Donec sed libero interdum, ullamcorper urna eget, cursus lorem. Nulla pretium, nibh at ornare iaculis, justo ipsum porta magna, a sodales enim massa dignissim sem. Phasellus ipsum nulla, consectetur sed ante et, suscipit gravida magna. Donec ac ante tempus, aliquet libero ut, gravida ligula. Phasellus sed quam varius, scelerisque mi et, imperdiet mauris. Vivamus a mattis massa, bibendum suscipit ligula. Phasellus placerat sapien vitae orci tristique iaculis. Sed varius turpis ut porttitor hendrerit. Nunc non varius enim.</p>\r\n<p>Donec non arcu nec nisl consequat convallis. Nam libero lectus, consequat at sem eu, vehicula rhoncus odio. Phasellus dolor dolor, convallis eu dictum sed, sodales id orci. Vestibulum quis lorem auctor, porta libero in, suscipit erat. Etiam sollicitudin, dui non consectetur pellentesque, tortor metus venenatis leo, id varius eros lorem ac arcu. Nam mollis placerat odio eget scelerisque. Quisque ac tristique elit.&nbsp;</p>\r\n</div>', 'Lorem ipsum dolor sit amet, consectetur adipiscing elit. Ut ultricies augue nulla, non venenatis diam interdum id. Orci varius natoque penatibus et magnis dis parturient montes, nascetur ridiculus mus. In sit amet erat viverra, posuere. ', 'available', 0, 0, '2021-04-29'),
(46, 'Pizza Cutter - Silver - Big Size', 1, 2, 0, '230.00', '0.00', '1.00', '4.00', '', 'no', '<p>Product details of Pizza Cutter - Silver - Big Size Product Type: PiLorem ipsum dolor sit amet, consectetur adipiscing elit. Praesent faucibus erat id orci suscipit, ut lacinia nunc venenatis. Proin pharetra ac nunc sit amet sollicitudin. Maecenas accumsan vulputate turpis sodales suscipit. Phasellus laoreet posuere tempus. Sed eget est quis arcu elementum lobortis. Ut non egestas arcu. Nunc vitae arcu eget risus semper faucibus. Praesent sed massa volutpat quam imperdiet ultrices at quis lacus. Orci varius natoque penatibus et magnis dis parturient montes, nascetur ridiculus mus. Donec quis cursus libero. Aliquam erat volutpat. Curabitur vel lorem non magna hendrerit pretium et non lorem. Integer ut odio purus. Sed non mi tincidunt, porta nulla volutpat, malesuada erat.</p>\r\n<div id=\"lipsum\">\r\n<p>Fusce consectetur imperdiet risus nec auctor. Donec iaculis diam non laoreet elementum. Ut elementum, nibh vel ultricies hendrerit, sapien libero feugiat velit, ac consectetur eros tellus a massa. Nullam sed sem at urna pretium blandit in imperdiet leo. Sed in ligula tristique, accumsan orci in, sodales massa. Integer nec hendrerit felis. Phasellus tortor mauris, fringilla ac dolor lacinia, accumsan malesuada quam. Donec sed libero interdum, ullamcorper urna eget, cursus lorem. Nulla pretium, nibh at ornare iaculis, justo ipsum porta magna, a sodales enim massa dignissim sem. Phasellus ipsum nulla, consectetur sed ante et, suscipit gravida magna. Donec ac ante tempus, aliquet libero ut, gravida ligula. Phasellus sed quam varius, scelerisque mi et, imperdiet mauris. Vivamus a mattis massa, bibendum suscipit ligula. Phasellus placerat sapien vitae orci tristique iaculis. Sed varius turpis ut porttitor hendrerit. Nunc non varius enim.</p>\r\n</div>\r\n<p>Donec non arcu nec nisl consequat convallis. Nam libero lectus, consequat at sem eu, vehicula rhoncus odio. Phasellus dolor dolor, convallis eu dictum sed, sodales id orci. Vestibulum quis lorem auctor, porta libero in, suscipit erat. Etiam sollicitudin, dui non consectetur pellentesque, tortor metus venenatis leo, id varius eros lorem ac arcu. Nam mollis placerat odio eget scelerisque. Quisque ac tristique elit.zza Cutter Color: Silver Main Material: Stainless Steel Good quality product Easy to use Easy to carry</p>', 'Lorem ipsum dolor sit amet, consectetur adipiscing elit. Ut ultricies augue nulla, non venenatis diam interdum id. Orci varius natoque penatibus et magnis dis parturient montes, nascetur ridiculus mus. In sit amet erat viverra, posuere. ', 'available', 0, 0, '2021-04-29'),
(47, 'Cookie Cutter 12 Pieces', 1, 2, 0, '120.00', '0.00', '1.00', '3.00', '', 'no', 'Product details of Cookie Cutter 12 Pieces\r\nMade in China\r\nProduct Type: Cookie Cutter\r\nColor: Silver\r\nMain Material: Stainless Steel\r\nMetal cutters for cookies, biscuits or any type of sugar craft\r\nCould be used as drawing templates\r\nIdeal for making cakes, biscuit, cookies, chocolate, jelly, pie, etc\r\nThese patterns can arouse your childrens appetite easily\r\nUse and clean easily', NULL, 'available', 0, 0, '2021-04-27'),
(48, 'Ramadan Quarter Chicken Fries', 1, 2, 0, '399.00', '0.00', '1.00', '4.00', '', 'no', '<p>Get a Perfect Solo meal for iftar. Pair up your Rizo Rice (with gravy) with a juicy Quarter ChickLorem ipsum dolor sit amet, consectetur adipiscing elit. Praesent faucibus erat id orci suscipit, ut lacinia nunc venenatis. Proin pharetra ac nunc sit amet sollicitudin. Maecenas accumsan vulputate turpis sodales suscipit. Phasellus laoreet posuere tempus. Sed eget est quis arcu elementum lobortis. Ut non egestas arcu. Nunc vitae arcu eget risus semper faucibus. Praesent sed massa volutpat quam imperdiet ultrices at quis lacus. Orci varius natoque penatibus et magnis dis parturient montes, nascetur ridiculus mus. Donec quis cursus libero. Aliquam erat volutpat. Curabitur vel lorem non magna hendrerit pretium et non lorem. Integer ut odio purus. Sed non mi tincidunt, porta nulla volutpat, malesuada erat.</p>\r\n<div id=\"lipsum\">\r\n<p>Fusce consectetur imperdiet risus nec auctor. Donec iaculis diam non laoreet elementum. Ut elementum, nibh vel ultricies hendrerit, sapien libero feugiat velit, ac consectetur eros tellus a massa. Nullam sed sem at urna pretium blandit in imperdiet leo. Sed in ligula tristique, accumsan orci in, sodales massa. Integer nec hendrerit felis. Phasellus tortor mauris, fringilla ac dolor lacinia, accumsan malesuada quam. Donec sed libero interdum, ullamcorper urna eget, cursus lorem. Nulla pretium, nibh at ornare iaculis, justo ipsum porta magna, a sodales enim massa dignissim sem. Phasellus ipsum nulla, consectetur sed ante et, suscipit gravida magna. Donec ac ante tempus, aliquet libero ut, gravida ligula. Phasellus sed quam varius, scelerisque mi et, imperdiet mauris. Vivamus a mattis massa, bibendum suscipit ligula. Phasellus placerat sapien vitae orci tristique iaculis. Sed varius turpis ut porttitor hendrerit. Nunc non varius enim.</p>\r\n</div>\r\n<p>Donec non arcu nec nisl consequat convallis. Nam libero lectus, consequat at sem eu, vehicula rhoncus odio. Phasellus dolor dolor, convallis eu dictum sed, sodales id orci. Vestibulum quis lorem auctor, porta libero in, suscipit erat. Etiam sollicitudin, dui non consectetur pellentesque, tortor metus venenatis leo, id varius eros lorem ac arcu. Nam mollis placerat odio eget scelerisque. Quisque ac tristique elit.en, regular Fries &amp; 200ML bottle of Slice</p>', 'Lorem ipsum dolor sit amet, consectetur adipiscing elit. Ut ultricies augue nulla, non venenatis diam interdum id. Orci varius natoque penatibus et magnis dis parturient montes, nascetur ridiculus mus. In sit amet erat viverra, posuere. ', 'available', 0, 0, '2021-04-29'),
(49, 'Ramadan Family Meal', 1, 2, 0, '1299.00', '0.00', '1.00', '3.00', '', 'no', '<p>A meal for your whole family. Enjoy 8pcs Hot &amp; Crispy, 8pcs Hot Wings, 1 Large Fries &amp; 4Lorem ipsum dolor sit amet, consectetur adipiscing elit. Praesent faucibus erat id orci suscipit, ut lacinia nunc venenatis. Proin pharetra ac nunc sit amet sollicitudin. Maecenas accumsan vulputate turpis sodales suscipit. Phasellus laoreet posuere tempus. Sed eget est quis arcu elementum lobortis. Ut non egestas arcu. Nunc vitae arcu eget risus semper faucibus. Praesent sed massa volutpat quam imperdiet ultrices at quis lacus. Orci varius natoque penatibus et magnis dis parturient montes, nascetur ridiculus mus. Donec quis cursus libero. Aliquam erat volutpat. Curabitur vel lorem non magna hendrerit pretium et non lorem. Integer ut odio purus. Sed non mi tincidunt, porta nulla volutpat, malesuada erat.</p>\r\n<div id=\"lipsum\">\r\n<p>Fusce consectetur imperdiet risus nec auctor. Donec iaculis diam non laoreet elementum. Ut elementum, nibh vel ultricies hendrerit, sapien libero feugiat velit, ac consectetur eros tellus a massa. Nullam sed sem at urna pretium blandit in imperdiet leo. Sed in ligula tristique, accumsan orci in, sodales massa. Integer nec hendrerit felis. Phasellus tortor mauris, fringilla ac dolor lacinia, accumsan malesuada quam. Donec sed libero interdum, ullamcorper urna eget, cursus lorem. Nulla pretium, nibh at ornare iaculis, justo ipsum porta magna, a sodales enim massa dignissim sem. Phasellus ipsum nulla, consectetur sed ante et, suscipit gravida magna. Donec ac ante tempus, aliquet libero ut, gravida ligula. Phasellus sed quam varius, scelerisque mi et, imperdiet mauris. Vivamus a mattis massa, bibendum suscipit ligula. Phasellus placerat sapien vitae orci tristique iaculis. Sed varius turpis ut porttitor hendrerit. Nunc non varius enim.</p>\r\n</div>\r\n<p>Donec non arcu nec nisl consequat convallis. Nam libero lectus, consequat at sem eu, vehicula rhoncus odio. Phasellus dolor dolor, convallis eu dictum sed, sodales id orci. Vestibulum quis lorem auctor, porta libero in, suscipit erat. Etiam sollicitudin, dui non consectetur pellentesque, tortor metus venenatis leo, id varius eros lorem ac arcu. Nam mollis placerat odio eget scelerisque. Quisque ac tristique elit. 200ML Slice only @Tk.1299</p>', 'Lorem ipsum dolor sit amet, consectetur adipiscing elit. Ut ultricies augue nulla, non venenatis diam interdum id. Orci varius natoque penatibus et magnis dis parturient montes, nascetur ridiculus mus. In sit amet erat viverra, posuere. ', 'available', 0, 1, '2021-04-29'),
(50, 'Ramadan Zinger Meal', 1, 2, 0, '429.00', '0.00', '1.00', '2.00', '', 'no', '<p>Break your fast with a classic Zinger, 1 Hot &amp; Crispy Chicken, 2 Hot Wings &amp; a 200ML Bottle of SlicLorem ipsum dolor sit amet, consectetur adipiscing elit. Praesent faucibus erat id orci suscipit, ut lacinia nunc venenatis. Proin pharetra ac nunc sit amet sollicitudin. Maecenas accumsan vulputate turpis sodales suscipit. Phasellus laoreet posuere tempus. Sed eget est quis arcu elementum lobortis. Ut non egestas arcu. Nunc vitae arcu eget risus semper faucibus. Praesent sed massa volutpat quam imperdiet ultrices at quis lacus. Orci varius natoque penatibus et magnis dis parturient montes, nascetur ridiculus mus. Donec quis cursus libero. Aliquam erat volutpat. Curabitur vel lorem non magna hendrerit pretium et non lorem. Integer ut odio purus. Sed non mi tincidunt, porta nulla volutpat, malesuada erat.</p>\r\n<div id=\"lipsum\">\r\n<p>Fusce consectetur imperdiet risus nec auctor. Donec iaculis diam non laoreet elementum. Ut elementum, nibh vel ultricies hendrerit, sapien libero feugiat velit, ac consectetur eros tellus a massa. Nullam sed sem at urna pretium blandit in imperdiet leo. Sed in ligula tristique, accumsan orci in, sodales massa. Integer nec hendrerit felis. Phasellus tortor mauris, fringilla ac dolor lacinia, accumsan malesuada quam. Donec sed libero interdum, ullamcorper urna eget, cursus lorem. Nulla pretium, nibh at ornare iaculis, justo ipsum porta magna, a sodales enim massa dignissim sem. Phasellus ipsum nulla, consectetur sed ante et, suscipit gravida magna. Donec ac ante tempus, aliquet libero ut, gravida ligula. Phasellus sed quam varius, scelerisque mi et, imperdiet mauris. Vivamus a mattis massa, bibendum suscipit ligula. Phasellus placerat sapien vitae orci tristique iaculis. Sed varius turpis ut porttitor hendrerit. Nunc non varius enim.</p>\r\n</div>\r\n<p>Donec non arcu nec nisl consequat convallis. Nam libero lectus, consequat at sem eu, vehicula rhoncus odio. Phasellus dolor dolor, convallis eu dictum sed, sodales id orci. Vestibulum quis lorem auctor, porta libero in, suscipit erat. Etiam sollicitudin, dui non consectetur pellentesque, tortor metus venenatis leo, id varius eros lorem ac arcu. Nam mollis placerat odio eget scelerisque. Quisque ac tristique elit.e.</p>', 'Lorem ipsum dolor sit amet, consectetur adipiscing elit. Ut ultricies augue nulla, non venenatis diam interdum id. Orci varius natoque penatibus et magnis dis parturient montes, nascetur ridiculus mus. In sit amet erat viverra, posuere. ', 'available', 0, 0, '2021-04-29'),
(51, 'Smoky Red Rice Bowl', 1, 2, 0, '289.00', '0.00', '1.00', '1.00', '', 'no', '<p>It&rsquo;s sweet &amp; spice, with everything nice! Rice &amp; gravy with a side of our special <strong>Smoky</strong> Red.<strong></strong>Lorem ipsum dolor sit amet, consectetur adipiscing elit. Praesent faucibus erat id orci suscipit, ut lacinia nunc venenatis. Proin pharetra ac nunc sit amet sollicitudin. Maecenas accumsan vulputate turpis sodales suscipit. Phasellus laoreet posuere tempus. Sed eget est quis arcu elementum lobortis. Ut non egestas arcu. Nunc vitae arcu eget risus semper faucibus. Praesent sed massa volutpat quam imperdiet ultrices at quis lacus. Orci varius natoque penatibus et magnis dis parturient montes, nascetur ridiculus mus. Donec quis cursus libero. Aliquam erat volutpat. Curabitur vel lorem non magna hendrerit pretium et non lorem. Integer ut odio purus. Sed non mi tincidunt, porta nulla volutpat, malesuada erat.</p>\r\n<div id=\"lipsum\">\r\n<p>Fusce consectetur imperdiet risus nec auctor. Donec iaculis diam non laoreet elementum. Ut elementum, nibh vel ultricies hendrerit, sapien libero feugiat velit, ac consectetur eros tellus a massa. Nullam sed sem at urna pretium blandit in imperdiet leo. Sed in ligula tristique, accumsan orci in, sodales massa. Integer nec hendrerit felis. Phasellus tortor mauris, fringilla ac dolor lacinia, accumsan malesuada quam. Donec sed libero interdum, ullamcorper urna eget, cursus lorem. Nulla pretium, nibh at ornare iaculis, justo ipsum porta magna, a sodales enim massa dignissim sem. Phasellus ipsum nulla, consectetur sed ante et, suscipit gravida magna. Donec ac ante tempus, aliquet libero ut, gravida ligula. Phasellus sed quam varius, scelerisque mi et, imperdiet mauris. Vivamus a mattis massa, bibendum suscipit ligula. Phasellus placerat sapien vitae orci tristique iaculis. Sed varius turpis ut porttitor hendrerit. Nunc non varius enim.</p>\r\n<p>Donec non arcu nec nisl consequat convallis. Nam libero lectus, consequat at sem eu, vehicula rhoncus odio. Phasellus dolor dolor, convallis eu dictum sed, sodales id orci. Vestibulum quis lorem auctor, porta libero in, suscipit erat. Etiam sollicitudin, dui non consectetur pellentesque, tortor metus venenatis leo, id varius eros lorem ac arcu. Nam mollis placerat odio eget scelerisque. Quisque ac tristique elit.&nbsp;</p>\r\n</div>', 'Lorem ipsum dolor sit amet, consectetur adipiscing elit. Ut ultricies augue nulla, non venenatis diam interdum id. Orci varius natoque penatibus et magnis dis parturient montes, nascetur ridiculus mus. In sit amet erat viverra, posuere. ', 'available', 0, 0, '2021-04-29'),
(52, 'Rizo Rice', 1, 2, 0, '99.00', '0.00', '1.00', '1.00', '', 'no', '<p>Perfectly cooked KFC signature rice to fill your hunger !<strong></strong>Lorem ipsum dolor sit amet, consectetur adipiscing elit. Praesent faucibus erat id orci suscipit, ut lacinia nunc venenatis. Proin pharetra ac nunc sit amet sollicitudin. Maecenas accumsan vulputate turpis sodales suscipit. Phasellus laoreet posuere tempus. Sed eget est quis arcu elementum lobortis. Ut non egestas arcu. Nunc vitae arcu eget risus semper faucibus. Praesent sed massa volutpat quam imperdiet ultrices at quis lacus. Orci varius natoque penatibus et magnis dis parturient montes, nascetur ridiculus mus. Donec quis cursus libero. Aliquam erat volutpat. Curabitur vel lorem non magna hendrerit pretium et non lorem. Integer ut odio purus. Sed non mi tincidunt, porta nulla volutpat, malesuada erat.</p>\r\n<div id=\"lipsum\">\r\n<p>Fusce consectetur imperdiet risus nec auctor. Donec iaculis diam non laoreet elementum. Ut elementum, nibh vel ultricies hendrerit, sapien libero feugiat velit, ac consectetur eros tellus a massa. Nullam sed sem at urna pretium blandit in imperdiet leo. Sed in ligula tristique, accumsan orci in, sodales massa. Integer nec hendrerit felis. Phasellus tortor mauris, fringilla ac dolor lacinia, accumsan malesuada quam. Donec sed libero interdum, ullamcorper urna eget, cursus lorem. Nulla pretium, nibh at ornare iaculis, justo ipsum porta magna, a sodales enim massa dignissim sem. Phasellus ipsum nulla, consectetur sed ante et, suscipit gravida magna. Donec ac ante tempus, aliquet libero ut, gravida ligula. Phasellus sed quam varius, scelerisque mi et, imperdiet mauris. Vivamus a mattis massa, bibendum suscipit ligula. Phasellus placerat sapien vitae orci tristique iaculis. Sed varius turpis ut porttitor hendrerit. Nunc non varius enim.</p>\r\n<p>Donec non arcu nec nisl consequat convallis. Nam libero lectus, consequat at sem eu, vehicula rhoncus odio. Phasellus dolor dolor, convallis eu dictum sed, sodales id orci. Vestibulum quis lorem auctor, porta libero in, suscipit erat. Etiam sollicitudin, dui non consectetur pellentesque, tortor metus venenatis leo, id varius eros lorem ac arcu. Nam mollis placerat odio eget scelerisque. Quisque ac tristique elit.&nbsp;</p>\r\n</div>', 'Lorem ipsum dolor sit amet, consectetur adipiscing elit. Ut ultricies augue nulla, non venenatis diam interdum id. Orci varius natoque penatibus et magnis dis parturient montes, nascetur ridiculus mus. In sit amet erat viverra, posuere. ', 'available', 0, 0, '2021-04-29'),
(53, 'Product Title Four', 1, 2, 0, '40.00', '0.00', '1.00', '1.00', '', 'no', '<p>Make your meal more deliciouLorem ipsum dolor sit amet, consectetur adipiscing elit. Praesent faucibus erat id orci suscipit, ut lacinia nunc venenatis. Proin pharetra ac nunc sit amet sollicitudin. Maecenas accumsan vulputate turpis sodales suscipit. Phasellus laoreet posuere tempus. Sed eget est quis arcu elementum lobortis. Ut non egestas arcu. Nunc vitae arcu eget risus semper faucibus. Praesent sed massa volutpat quam imperdiet ultrices at quis lacus. Orci varius natoque penatibus et magnis dis parturient montes, nascetur ridiculus mus. Donec quis cursus libero. Aliquam erat volutpat. Curabitur vel lorem non magna hendrerit pretium et non lorem. Integer ut odio purus. Sed non mi tincidunt, porta nulla volutpat, malesuada erat.</p>\r\n<div id=\"lipsum\">\r\n<p>Fusce consectetur imperdiet risus nec auctor. Donec iaculis diam non laoreet elementum. Ut elementum, nibh vel ultricies hendrerit, sapien libero feugiat velit, ac consectetur eros tellus a massa. Nullam sed sem at urna pretium blandit in imperdiet leo. Sed in ligula tristique, accumsan orci in, sodales massa. Integer nec hendrerit felis. Phasellus tortor mauris, fringilla ac dolor lacinia, accumsan malesuada quam. Donec sed libero interdum, ullamcorper urna eget, cursus lorem. Nulla pretium, nibh at ornare iaculis, justo ipsum porta magna, a sodales enim massa dignissim sem. Phasellus ipsum nulla, consectetur sed ante et, suscipit gravida magna. Donec ac ante tempus, aliquet libero ut, gravida ligula. Phasellus sed quam varius, scelerisque mi et, imperdiet mauris. Vivamus a mattis massa, bibendum suscipit ligula. Phasellus placerat sapien vitae orci tristique iaculis. Sed varius turpis ut porttitor hendrerit. Nunc non varius enim.</p>\r\n</div>\r\n<p>Donec non arcu nec nisl consequat convallis. Nam libero lectus, consequat at sem eu, vehicula rhoncus odio. Phasellus dolor dolor, convallis eu dictum sed, sodales id orci. Vestibulum quis lorem auctor, porta libero in, suscipit erat. Etiam sollicitudin, dui non consectetur pellentesque, tortor metus venenatis leo, id varius eros lorem ac arcu. Nam mollis placerat odio eget scelerisque. Quisque ac tristique elit.s by adding some gravy!</p>', '<p>Lorem ipsum dolor sit amet, consectetur adipiscing elit. Ut ultricies augue nulla, non venenatis diam interdum id. Orci varius natoque penatibus et magnis dis parturient montes, nascetur ridiculus mus. In sit amet erat viverra, posuere.</p>', 'available', 0, 1, '2021-05-23'),
(54, 'Product Title Two', 1, 7, 3, '600.00', '500.00', '2.00', '0.00', '', 'yes', '<p><span style=\"box-sizing: border-box; margin: 0px; padding: 0px; background-color: #f3f3f3; color: #313131; font-family: \'PT Sans\', sans-serif; font-size: 15px;\">Lorem ipsum dolor sit amet, consectetur adipiscing elit. Ut ultricies augue nulla, non venenatis diam interdum id. Orci varius natoque penatibus et magnis dis parturient montes, nascetur ridiculus mus. In sit amet erat viverra, posuere.</span><span style=\"box-sizing: border-box; margin: 0px; padding: 0px; background-color: #f3f3f3; color: #313131; font-family: \'PT Sans\', sans-serif; font-size: 15px;\">Lorem ipsum dolor sit amet, consectetur adipiscing elit. Ut ultricies augue nulla, non venenatis diam interdum id. Orci varius natoque penatibus et magnis dis parturient montes, nascetur ridiculus mus. In sit amet erat viverra, posuere.</span><span style=\"box-sizing: border-box; margin: 0px; padding: 0px; background-color: #f3f3f3; color: #313131; font-family: \'PT Sans\', sans-serif; font-size: 15px;\">Lorem ipsum dolor sit amet, consectetur adipiscing elit. Ut ultricies augue nulla, non venenatis diam interdum id. Orci varius natoque penatibus et magnis dis parturient montes, nascetur ridiculus mus. In sit amet erat viverra, posuere.</span><span style=\"box-sizing: border-box; margin: 0px; padding: 0px; background-color: #f3f3f3; color: #313131; font-family: \'PT Sans\', sans-serif; font-size: 15px;\">Lorem ipsum dolor sit amet, consectetur adipiscing elit. Ut ultricies augue nulla, non venenatis diam interdum id. Orci varius natoque penatibus et magnis dis parturient montes, nascetur ridiculus mus. In sit amet erat viverra, posuere.</span><span style=\"box-sizing: border-box; margin: 0px; padding: 0px; background-color: #f3f3f3; color: #313131; font-family: \'PT Sans\', sans-serif; font-size: 15px;\">Lorem ipsum dolor sit amet, consectetur adipiscing elit. Ut ultricies augue nulla, non venenatis diam interdum id. Orci varius natoque penatibus et magnis dis parturient montes, nascetur ridiculus mus. In sit amet erat viverra, posuere.</span></p>', '<p><span style=\"box-sizing: border-box; margin: 0px; padding: 0px; background-color: #f3f3f3; color: #313131; font-family: \'PT Sans\', sans-serif; font-size: 15px;\">Lorem ipsum dolor sit amet, consectetur adipiscing elit. Ut ultricies augue nulla, non venenatis diam interdum id. Orci varius natoque penatibus et magnis dis parturient montes, nascetur ridiculus mus. In sit amet erat viverra, posuere.</span><span style=\"box-sizing: border-box; margin: 0px; padding: 0px; background-color: #f3f3f3; color: #313131; font-family: \'PT Sans\', sans-serif; font-size: 15px;\">Lorem ipsum dolor sit amet, consectetur adipiscing elit. Ut ultricies augue nulla, non venenatis diam interdum id. Orci varius natoque penatibus et magnis dis parturient montes, nascetur ridiculus mus. In sit amet erat viverra, posuere.</span><span style=\"box-sizing: border-box; margin: 0px; padding: 0px; background-color: #f3f3f3; color: #313131; font-family: \'PT Sans\', sans-serif; font-size: 15px;\">Lorem ipsum dolor sit amet, consectetur adipiscing elit. Ut ultricies augue nulla, non venenatis diam interdum id. Orci varius natoque penatibus et magnis dis parturient montes, nascetur ridiculus mus. In sit amet erat viverra, posuere.</span><span style=\"box-sizing: border-box; margin: 0px; padding: 0px; background-color: #f3f3f3; color: #313131; font-family: \'PT Sans\', sans-serif; font-size: 15px;\">Lorem ipsum dolor sit amet, consectetur adipiscing elit. Ut ultricies augue nulla, non venenatis diam interdum id. Orci varius natoque penatibus et magnis dis parturient montes, nascetur ridiculus mus. In sit amet erat viverra, posuere.</span><span style=\"box-sizing: border-box; margin: 0px; padding: 0px; background-color: #f3f3f3; color: #313131; font-family: \'PT Sans\', sans-serif; font-size: 15px;\">Lorem ipsum dolor sit amet, consectetur adipiscing elit. Ut ultricies augue nulla, non venenatis diam interdum id. Orci varius natoque penatibus et magnis dis parturient montes, nascetur ridiculus mus. In sit amet erat viverra, posuere.</span></p>', 'available', 0, 0, '2021-05-23'),
(55, 'Product Title Three', 1, 7, 3, '600.00', '500.00', '1.00', '0.00', 'qwdqdsasd', 'yes', '<p><span style=\"color: #313131; font-family: \'PT Sans\', sans-serif; font-size: 15px;\">Lorem ipsum dolor sit amet, consectetur adipiscing elit. Ut ultricies augue nulla, non venenatis diam interdum id. Orci varius natoque penatibus et magnis dis parturient montes, nascetur ridiculus mus. In sit amet erat viverra, posuere.</span><span style=\"color: #313131; font-family: \'PT Sans\', sans-serif; font-size: 15px;\">Lorem ipsum dolor sit amet, consectetur adipiscing elit. Ut ultricies augue nulla, non venenatis diam interdum id. Orci varius natoque penatibus et magnis dis parturient montes, nascetur ridiculus mus. In sit amet erat viverra, posuere.</span><span style=\"color: #313131; font-family: \'PT Sans\', sans-serif; font-size: 15px;\">Lorem ipsum dolor sit amet, consectetur adipiscing elit. Ut ultricies augue nulla, non venenatis diam interdum id. Orci varius natoque penatibus et magnis dis parturient montes, nascetur ridiculus mus. In sit amet erat viverra, posuere.</span><span style=\"color: #313131; font-family: \'PT Sans\', sans-serif; font-size: 15px;\">Lorem ipsum dolor sit amet, consectetur adipiscing elit. Ut ultricies augue nulla, non venenatis diam interdum id. Orci varius natoque penatibus et magnis dis parturient montes, nascetur ridiculus mus. In sit amet erat viverra, posuere.</span><span style=\"color: #313131; font-family: \'PT Sans\', sans-serif; font-size: 15px;\">Lorem ipsum dolor sit amet, consectetur adipiscing elit. Ut ultricies augue nulla, non venenatis diam interdum id. Orci varius natoque penatibus et magnis dis parturient montes, nascetur ridiculus mus. In sit amet erat viverra, posuere.</span></p>', '<p><span style=\"color: #313131; font-family: \'PT Sans\', sans-serif; font-size: 15px;\">Lorem ipsum dolor sit amet, consectetur adipiscing elit. Ut ultricies augue nulla, non venenatis diam interdum id. Orci varius natoque penatibus et magnis dis parturient montes, nascetur ridiculus mus. In sit amet erat viverra, posuere.</span></p>\r\n<div id=\"gtx-trans\" style=\"position: absolute; left: -102px; top: -17.0057px;\">&nbsp;</div>', 'available', 0, 0, '2021-05-23'),
(56, 'Sohel Test Product', 1, 2, 0, '150.00', '120.00', '1.00', '0.00', '1', 'yes', '<p>Short Description Will be place here. Short Description Will be place here. Short Description Will be place here. Short Description Will be place here. Description Will be place here. Short Description Will be place here. Short Description Will be place here. Short Description Will be place here. Short Description Will be place here. Short Description Will be place here. Short Description Will be place here. Short Description Will be place here. Description Will be place here. Short Description Will be place here. Short Description Will be place here. Short Description Will be place here. Short Description Will be place here. Short Description Will be place here. Short Description Will be place here. Short Description Will be place here. Description Will be place here. Short Description Will be place here. Short Description Will be place here. Short Description Will be place here. Short Description Will be place here. Short Description Will be place here. Short Description Will be place here. Short Description Will be place here. Description Will be place here. Short Description Will be place here. Short Description Will be place here. Short Description Will be place here.</p>\r\n<div id=\"_tcx-zpzpai1jvj\" class=\"_tc_offscreeneded\"></div>', '<p>Short Description Will be place here. Short Description Will be place here. Short Description Will be place here. Short Description Will be place here. Description Will be place here. Short Description Will be place here. Short Description Will be place here. Short Description Will be place here.</p>\r\n<div id=\"_tcx-t3d5ypl2sdl\" class=\"_tc_offscreeneded\"></div>', 'available', 0, 0, '2021-05-24'),
(57, 'Lifetime Members', 1, 7, 0, '600.00', '500.00', '1.00', '0.00', '1', 'no', '<p>hlkjhjkjklhjkhjklhk</p>', '<p>khjkhkkj</p>', 'available', 1, 0, '2021-05-24'),
(58, 'Lifetime Members', 2, 8, 0, '320.00', '120.00', '1.00', '0.00', '1', 'yes', '<p>ghj</p>', '<p>ikhjk</p>', 'available', 1, 0, '2021-05-24');

-- --------------------------------------------------------

--
-- Table structure for table `product_colors`
--

CREATE TABLE `product_colors` (
  `id` int(11) NOT NULL,
  `product_id` int(11) NOT NULL,
  `color_id` int(11) NOT NULL
) ENGINE=InnoDB DEFAULT CHARSET=utf8mb4 COLLATE=utf8mb4_unicode_ci;

--
-- Dumping data for table `product_colors`
--

INSERT INTO `product_colors` (`id`, `product_id`, `color_id`) VALUES
(71, 11, 3),
(93, 31, 2),
(94, 32, 2),
(102, 2, 3),
(103, 3, 4),
(104, 3, 3),
(105, 3, 2),
(106, 4, 4),
(107, 4, 3),
(108, 4, 2),
(109, 5, 4),
(110, 5, 3),
(111, 5, 2),
(115, 7, 4),
(116, 17, 2),
(117, 14, 4),
(118, 14, 3),
(119, 14, 2),
(120, 13, 4),
(121, 13, 3),
(122, 13, 2),
(123, 10, 2),
(124, 9, 4),
(125, 9, 3),
(126, 9, 2),
(127, 8, 4),
(128, 28, 4),
(129, 28, 3),
(130, 28, 2),
(131, 24, 4),
(132, 23, 3),
(133, 20, 2),
(134, 19, 2),
(135, 39, 4),
(136, 39, 3),
(137, 30, 2),
(159, 6, 4),
(160, 6, 3),
(161, 6, 2),
(166, 1, 4),
(167, 1, 3),
(168, 1, 2),
(171, 54, 3),
(172, 55, 4),
(173, 56, 5),
(174, 57, 4),
(175, 58, 5);

-- --------------------------------------------------------

--
-- Table structure for table `product_images`
--

CREATE TABLE `product_images` (
  `id` int(11) NOT NULL,
  `product_id` int(11) NOT NULL,
  `large` text COLLATE utf8mb4_unicode_ci NOT NULL,
  `medium` text COLLATE utf8mb4_unicode_ci NOT NULL,
  `small` text COLLATE utf8mb4_unicode_ci NOT NULL,
  `type` varchar(191) COLLATE utf8mb4_unicode_ci NOT NULL
) ENGINE=InnoDB DEFAULT CHARSET=utf8mb4 COLLATE=utf8mb4_unicode_ci;

--
-- Dumping data for table `product_images`
--

INSERT INTO `product_images` (`id`, `product_id`, `large`, `medium`, `small`, `type`) VALUES
(20, 4, 'public/images/product/large/1619078815.webp', 'public/images/product/medium/1619078815.webp', 'public/images/product/small/1619078815.webp', 'feature_photo'),
(22, 5, 'public/images/product/large/1619078849.webp', 'public/images/product/medium/1619078850.webp', 'public/images/product/small/1619078850.webp', 'feature_photo'),
(23, 5, 'public/images/product/large/1619078850.webp', 'public/images/product/medium/1619078850.webp', 'public/images/product/small/1619078850.webp', 'general_photo'),
(24, 6, 'public/images/product/large/1619078984.webp', 'public/images/product/medium/1619078984.webp', 'public/images/product/small/1619078984.webp', 'feature_photo'),
(33, 4, 'public/images/product/large/1619082985.webp', 'public/images/product/medium/1619082985.webp', 'public/images/product/small/1619082985.webp', 'general_photo'),
(47, 2, 'public/images/product/large/1619331387.webp', 'public/images/product/medium/1619331387.webp', 'public/images/product/small/1619331387.webp', 'feature_photo'),
(48, 2, 'public/images/product/large/1619331387.webp', 'public/images/product/medium/1619331387.webp', 'public/images/product/small/1619331387.webp', 'general_photo'),
(51, 3, 'public/images/product/large/1619331453.webp', 'public/images/product/medium/1619331453.webp', 'public/images/product/small/1619331453.webp', 'feature_photo'),
(52, 3, 'public/images/product/large/1619331453.webp', 'public/images/product/medium/1619331454.webp', 'public/images/product/small/1619331454.webp', 'general_photo'),
(53, 7, 'public/images/product/large/1619432283.webp', 'public/images/product/medium/1619432283.webp', 'public/images/product/small/1619432283.webp', 'feature_photo'),
(54, 7, 'public/images/product/large/1619432284.webp', 'public/images/product/medium/1619432285.webp', 'public/images/product/small/1619432285.webp', 'general_photo'),
(55, 8, 'public/images/product/large/1619432435.webp', 'public/images/product/medium/1619432435.webp', 'public/images/product/small/1619432435.webp', 'feature_photo'),
(56, 8, 'public/images/product/large/1619432437.webp', 'public/images/product/medium/1619432437.webp', 'public/images/product/small/1619432437.webp', 'general_photo'),
(57, 9, 'public/images/product/large/1619432657.webp', 'public/images/product/medium/1619432657.webp', 'public/images/product/small/1619432657.webp', 'feature_photo'),
(58, 9, 'public/images/product/large/1619432658.webp', 'public/images/product/medium/1619432658.webp', 'public/images/product/small/1619432658.webp', 'general_photo'),
(59, 10, 'public/images/product/large/1619432690.webp', 'public/images/product/medium/1619432690.webp', 'public/images/product/small/1619432690.webp', 'feature_photo'),
(60, 10, 'public/images/product/large/1619432691.webp', 'public/images/product/medium/1619432691.webp', 'public/images/product/small/1619432691.webp', 'general_photo'),
(61, 11, 'public/images/product/large/1619432774.webp', 'public/images/product/medium/1619432774.webp', 'public/images/product/small/1619432774.webp', 'feature_photo'),
(62, 11, 'public/images/product/large/1619432775.webp', 'public/images/product/medium/1619432775.webp', 'public/images/product/small/1619432775.webp', 'general_photo'),
(63, 12, 'public/images/product/large/1619432855.webp', 'public/images/product/medium/1619432855.webp', 'public/images/product/small/1619432855.webp', 'feature_photo'),
(64, 12, 'public/images/product/large/1619432856.webp', 'public/images/product/medium/1619432856.webp', 'public/images/product/small/1619432856.webp', 'general_photo'),
(65, 13, 'public/images/product/large/1619495038.webp', 'public/images/product/medium/1619495038.webp', 'public/images/product/small/1619495038.webp', 'feature_photo'),
(66, 13, 'public/images/product/large/1619495039.webp', 'public/images/product/medium/1619495039.webp', 'public/images/product/small/1619495039.webp', 'general_photo'),
(67, 14, 'public/images/product/large/1619495135.webp', 'public/images/product/medium/1619495135.webp', 'public/images/product/small/1619495135.webp', 'feature_photo'),
(68, 14, 'public/images/product/large/1619495136.webp', 'public/images/product/medium/1619495136.webp', 'public/images/product/small/1619495136.webp', 'general_photo'),
(69, 15, 'public/images/product/large/1619495271.webp', 'public/images/product/medium/1619495271.webp', 'public/images/product/small/1619495271.webp', 'feature_photo'),
(70, 15, 'public/images/product/large/1619495272.webp', 'public/images/product/medium/1619495272.webp', 'public/images/product/small/1619495272.webp', 'general_photo'),
(71, 16, 'public/images/product/large/1619495351.webp', 'public/images/product/medium/1619495351.webp', 'public/images/product/small/1619495351.webp', 'feature_photo'),
(72, 16, 'public/images/product/large/1619495352.webp', 'public/images/product/medium/1619495352.webp', 'public/images/product/small/1619495352.webp', 'general_photo'),
(73, 17, 'public/images/product/large/1619495634.webp', 'public/images/product/medium/1619495634.webp', 'public/images/product/small/1619495634.webp', 'feature_photo'),
(74, 17, 'public/images/product/large/1619495635.webp', 'public/images/product/medium/1619495635.webp', 'public/images/product/small/1619495636.webp', 'general_photo'),
(75, 18, 'public/images/product/large/1619495689.webp', 'public/images/product/medium/1619495689.webp', 'public/images/product/small/1619495689.webp', 'feature_photo'),
(76, 18, 'public/images/product/large/1619495690.webp', 'public/images/product/medium/1619495690.webp', 'public/images/product/small/1619495690.webp', 'general_photo'),
(77, 19, 'public/images/product/large/1619495811.webp', 'public/images/product/medium/1619495811.webp', 'public/images/product/small/1619495811.webp', 'feature_photo'),
(78, 19, 'public/images/product/large/1619495812.webp', 'public/images/product/medium/1619495812.webp', 'public/images/product/small/1619495812.webp', 'general_photo'),
(79, 20, 'public/images/product/large/1619495864.webp', 'public/images/product/medium/1619495864.webp', 'public/images/product/small/1619495864.webp', 'feature_photo'),
(80, 20, 'public/images/product/large/1619495865.webp', 'public/images/product/medium/1619495865.webp', 'public/images/product/small/1619495865.webp', 'general_photo'),
(81, 21, 'public/images/product/large/1619496408.webp', 'public/images/product/medium/1619496408.webp', 'public/images/product/small/1619496408.webp', 'feature_photo'),
(82, 21, 'public/images/product/large/1619496409.webp', 'public/images/product/medium/1619496409.webp', 'public/images/product/small/1619496409.webp', 'general_photo'),
(83, 22, 'public/images/product/large/1619496534.webp', 'public/images/product/medium/1619496534.webp', 'public/images/product/small/1619496534.webp', 'feature_photo'),
(84, 22, 'public/images/product/large/1619496535.webp', 'public/images/product/medium/1619496536.webp', 'public/images/product/small/1619496536.webp', 'general_photo'),
(85, 23, 'public/images/product/large/1619496614.webp', 'public/images/product/medium/1619496614.webp', 'public/images/product/small/1619496614.webp', 'feature_photo'),
(86, 23, 'public/images/product/large/1619496615.webp', 'public/images/product/medium/1619496615.webp', 'public/images/product/small/1619496615.webp', 'general_photo'),
(87, 24, 'public/images/product/large/1619496759.webp', 'public/images/product/medium/1619496760.webp', 'public/images/product/small/1619496760.webp', 'feature_photo'),
(88, 24, 'public/images/product/large/1619496761.webp', 'public/images/product/medium/1619496761.webp', 'public/images/product/small/1619496761.webp', 'general_photo'),
(89, 25, 'public/images/product/large/1619496820.webp', 'public/images/product/medium/1619496820.webp', 'public/images/product/small/1619496820.webp', 'feature_photo'),
(90, 25, 'public/images/product/large/1619496821.webp', 'public/images/product/medium/1619496822.webp', 'public/images/product/small/1619496822.webp', 'general_photo'),
(91, 26, 'public/images/product/large/1619497074.webp', 'public/images/product/medium/1619497074.webp', 'public/images/product/small/1619497074.webp', 'feature_photo'),
(92, 26, 'public/images/product/large/1619497075.webp', 'public/images/product/medium/1619497075.webp', 'public/images/product/small/1619497075.webp', 'general_photo'),
(93, 27, 'public/images/product/large/1619497126.webp', 'public/images/product/medium/1619497126.webp', 'public/images/product/small/1619497126.webp', 'feature_photo'),
(94, 27, 'public/images/product/large/1619497127.webp', 'public/images/product/medium/1619497127.webp', 'public/images/product/small/1619497127.webp', 'general_photo'),
(95, 28, 'public/images/product/large/1619497201.webp', 'public/images/product/medium/1619497201.webp', 'public/images/product/small/1619497201.webp', 'feature_photo'),
(96, 28, 'public/images/product/large/1619497202.webp', 'public/images/product/medium/1619497202.webp', 'public/images/product/small/1619497202.webp', 'general_photo'),
(97, 29, 'public/images/product/large/1619497268.webp', 'public/images/product/medium/1619497268.webp', 'public/images/product/small/1619497268.webp', 'feature_photo'),
(98, 29, 'public/images/product/large/1619497269.webp', 'public/images/product/medium/1619497269.webp', 'public/images/product/small/1619497269.webp', 'general_photo'),
(99, 30, 'public/images/product/large/1619497364.webp', 'public/images/product/medium/1619497365.webp', 'public/images/product/small/1619497365.webp', 'feature_photo'),
(100, 31, 'public/images/product/large/1619497419.webp', 'public/images/product/medium/1619497420.webp', 'public/images/product/small/1619497420.webp', 'feature_photo'),
(101, 32, 'public/images/product/large/1619497539.webp', 'public/images/product/medium/1619497539.webp', 'public/images/product/small/1619497539.webp', 'feature_photo'),
(102, 33, 'public/images/product/large/1619497825.webp', 'public/images/product/medium/1619497825.webp', 'public/images/product/small/1619497825.webp', 'feature_photo'),
(103, 33, 'public/images/product/large/1619497826.webp', 'public/images/product/medium/1619497826.webp', 'public/images/product/small/1619497826.webp', 'general_photo'),
(104, 34, 'public/images/product/large/1619498324.webp', 'public/images/product/medium/1619498324.webp', 'public/images/product/small/1619498325.webp', 'feature_photo'),
(105, 34, 'public/images/product/large/1619498326.webp', 'public/images/product/medium/1619498326.webp', 'public/images/product/small/1619498326.webp', 'general_photo'),
(106, 35, 'public/images/product/large/1619498395.webp', 'public/images/product/medium/1619498395.webp', 'public/images/product/small/1619498396.webp', 'feature_photo'),
(107, 35, 'public/images/product/large/1619498397.webp', 'public/images/product/medium/1619498397.webp', 'public/images/product/small/1619498397.webp', 'general_photo'),
(108, 36, 'public/images/product/large/1619498874.webp', 'public/images/product/medium/1619498875.webp', 'public/images/product/small/1619498875.webp', 'feature_photo'),
(109, 36, 'public/images/product/large/1619498876.webp', 'public/images/product/medium/1619498876.webp', 'public/images/product/small/1619498876.webp', 'general_photo'),
(110, 37, 'public/images/product/large/1619499010.webp', 'public/images/product/medium/1619499010.webp', 'public/images/product/small/1619499010.webp', 'feature_photo'),
(111, 37, 'public/images/product/large/1619499011.webp', 'public/images/product/medium/1619499011.webp', 'public/images/product/small/1619499012.webp', 'general_photo'),
(112, 38, 'public/images/product/large/1619499117.webp', 'public/images/product/medium/1619499117.webp', 'public/images/product/small/1619499117.webp', 'feature_photo'),
(113, 38, 'public/images/product/large/1619499118.webp', 'public/images/product/medium/1619499118.webp', 'public/images/product/small/1619499118.webp', 'general_photo'),
(114, 39, 'public/images/product/large/1619499316.webp', 'public/images/product/medium/1619499316.webp', 'public/images/product/small/1619499317.webp', 'feature_photo'),
(115, 39, 'public/images/product/large/1619499318.webp', 'public/images/product/medium/1619499318.webp', 'public/images/product/small/1619499318.webp', 'general_photo'),
(116, 40, 'public/images/product/large/1619499443.webp', 'public/images/product/medium/1619499443.webp', 'public/images/product/small/1619499443.webp', 'feature_photo'),
(117, 40, 'public/images/product/large/1619499444.webp', 'public/images/product/medium/1619499444.webp', 'public/images/product/small/1619499444.webp', 'general_photo'),
(118, 41, 'public/images/product/large/1619499521.webp', 'public/images/product/medium/1619499521.webp', 'public/images/product/small/1619499521.webp', 'feature_photo'),
(119, 41, 'public/images/product/large/1619499522.webp', 'public/images/product/medium/1619499522.webp', 'public/images/product/small/1619499522.webp', 'general_photo'),
(120, 42, 'public/images/product/large/1619499602.webp', 'public/images/product/medium/1619499603.webp', 'public/images/product/small/1619499603.webp', 'feature_photo'),
(121, 42, 'public/images/product/large/1619499604.webp', 'public/images/product/medium/1619499604.webp', 'public/images/product/small/1619499604.webp', 'general_photo'),
(122, 43, 'public/images/product/large/1619499682.webp', 'public/images/product/medium/1619499682.webp', 'public/images/product/small/1619499682.webp', 'feature_photo'),
(123, 43, 'public/images/product/large/1619499683.webp', 'public/images/product/medium/1619499684.webp', 'public/images/product/small/1619499684.webp', 'general_photo'),
(124, 44, 'public/images/product/large/1619499738.webp', 'public/images/product/medium/1619499739.webp', 'public/images/product/small/1619499739.webp', 'feature_photo'),
(125, 44, 'public/images/product/large/1619499740.webp', 'public/images/product/medium/1619499740.webp', 'public/images/product/small/1619499740.webp', 'general_photo'),
(126, 45, 'public/images/product/large/1619499905.webp', 'public/images/product/medium/1619499905.webp', 'public/images/product/small/1619499905.webp', 'feature_photo'),
(127, 45, 'public/images/product/large/1619499906.webp', 'public/images/product/medium/1619499906.webp', 'public/images/product/small/1619499906.webp', 'general_photo'),
(128, 46, 'public/images/product/large/1619499994.webp', 'public/images/product/medium/1619499994.webp', 'public/images/product/small/1619499994.webp', 'feature_photo'),
(129, 46, 'public/images/product/large/1619499995.webp', 'public/images/product/medium/1619499995.webp', 'public/images/product/small/1619499995.webp', 'general_photo'),
(130, 47, 'public/images/product/large/1619500028.webp', 'public/images/product/medium/1619500028.webp', 'public/images/product/small/1619500028.webp', 'feature_photo'),
(131, 47, 'public/images/product/large/1619500029.webp', 'public/images/product/medium/1619500030.webp', 'public/images/product/small/1619500030.webp', 'general_photo'),
(132, 48, 'public/images/product/large/1619500399.webp', 'public/images/product/medium/1619500399.webp', 'public/images/product/small/1619500399.webp', 'feature_photo'),
(133, 48, 'public/images/product/large/1619500400.webp', 'public/images/product/medium/1619500400.webp', 'public/images/product/small/1619500400.webp', 'general_photo'),
(134, 49, 'public/images/product/large/1619500442.webp', 'public/images/product/medium/1619500442.webp', 'public/images/product/small/1619500442.webp', 'feature_photo'),
(135, 49, 'public/images/product/large/1619500443.webp', 'public/images/product/medium/1619500443.webp', 'public/images/product/small/1619500443.webp', 'general_photo'),
(136, 50, 'public/images/product/large/1619500492.webp', 'public/images/product/medium/1619500492.webp', 'public/images/product/small/1619500492.webp', 'feature_photo'),
(137, 50, 'public/images/product/large/1619500493.webp', 'public/images/product/medium/1619500493.webp', 'public/images/product/small/1619500493.webp', 'general_photo'),
(138, 51, 'public/images/product/large/1619500565.webp', 'public/images/product/medium/1619500565.webp', 'public/images/product/small/1619500565.webp', 'feature_photo'),
(139, 51, 'public/images/product/large/1619500566.webp', 'public/images/product/medium/1619500566.webp', 'public/images/product/small/1619500566.webp', 'general_photo'),
(140, 52, 'public/images/product/large/1619500606.webp', 'public/images/product/medium/1619500606.webp', 'public/images/product/small/1619500606.webp', 'feature_photo'),
(141, 52, 'public/images/product/large/1619500607.webp', 'public/images/product/medium/1619500607.webp', 'public/images/product/small/1619500607.webp', 'general_photo'),
(142, 53, 'public/images/product/large/1619500647.webp', 'public/images/product/medium/1619500647.webp', 'public/images/product/small/1619500647.webp', 'feature_photo'),
(143, 53, 'public/images/product/large/1619500648.webp', 'public/images/product/medium/1619500648.webp', 'public/images/product/small/1619500648.webp', 'general_photo'),
(150, 1, 'public/images/product/large/1620461876.webp', 'public/images/product/medium/1620461876.webp', 'public/images/product/small/1620461876.webp', 'general_photo'),
(153, 1, 'public/images/product/large/1620461925.webp', 'public/images/product/medium/1620461925.webp', 'public/images/product/small/1620461925.webp', 'general_photo'),
(154, 1, 'public/images/product/large/1620461926.webp', 'public/images/product/medium/1620461926.webp', 'public/images/product/small/1620461926.webp', 'general_photo'),
(155, 1, 'public/images/product/large/1620461927.webp', 'public/images/product/medium/1620461927.webp', 'public/images/product/small/1620461927.webp', 'general_photo'),
(156, 1, 'public/images/product/large/1620461928.webp', 'public/images/product/medium/1620461928.webp', 'public/images/product/small/1620461928.webp', 'general_photo'),
(157, 1, 'public/images/product/large/1620461969.webp', 'public/images/product/medium/1620461969.webp', 'public/images/product/small/1620461969.webp', 'feature_photo'),
(158, 54, 'public/images/product/large/1621768570.webp', 'public/images/product/medium/1621768570.webp', 'public/images/product/small/1621768570.webp', 'feature_photo'),
(159, 54, 'public/images/product/large/1621768571.webp', 'public/images/product/medium/1621768571.webp', 'public/images/product/small/1621768571.webp', 'general_photo'),
(160, 55, 'public/images/product/large/1621769367.webp', 'public/images/product/medium/1621769367.webp', 'public/images/product/small/1621769367.webp', 'feature_photo'),
(161, 55, 'public/images/product/large/1621769368.webp', 'public/images/product/medium/1621769369.webp', 'public/images/product/small/1621769369.webp', 'general_photo'),
(162, 56, 'public/images/product/large/1621835535.webp', 'public/images/product/medium/1621835535.webp', 'public/images/product/small/1621835535.webp', 'feature_photo'),
(163, 56, 'public/images/product/large/1621835536.webp', 'public/images/product/medium/1621835536.webp', 'public/images/product/small/1621835536.webp', 'general_photo'),
(165, 57, 'public/images/product/large/1621837566.webp', 'public/images/product/medium/1621837567.webp', 'public/images/product/small/1621837567.webp', 'feature_photo'),
(166, 57, 'public/images/product/large/1621837568.webp', 'public/images/product/medium/1621837568.webp', 'public/images/product/small/1621837568.webp', 'general_photo'),
(167, 58, 'public/images/product/large/1621837760.webp', 'public/images/product/medium/1621837760.webp', 'public/images/product/small/1621837760.webp', 'feature_photo'),
(168, 58, 'public/images/product/large/1621837761.webp', 'public/images/product/medium/1621837761.webp', 'public/images/product/small/1621837761.webp', 'general_photo');

-- --------------------------------------------------------

--
-- Table structure for table `product_ratings`
--

CREATE TABLE `product_ratings` (
  `id` int(11) NOT NULL,
  `product_id` int(11) NOT NULL,
  `user_id` int(11) NOT NULL,
  `rate` int(11) NOT NULL
) ENGINE=InnoDB DEFAULT CHARSET=utf8mb4 COLLATE=utf8mb4_unicode_ci;

--
-- Dumping data for table `product_ratings`
--

INSERT INTO `product_ratings` (`id`, `product_id`, `user_id`, `rate`) VALUES
(1, 23, 1, 2),
(2, 7, 1, 5),
(3, 10, 1, 3),
(4, 13, 1, 5),
(5, 13, 2, 5),
(6, 27, 2, 5);

-- --------------------------------------------------------

--
-- Table structure for table `product_sizes`
--

CREATE TABLE `product_sizes` (
  `id` int(11) NOT NULL,
  `product_id` int(11) NOT NULL,
  `size_id` int(11) NOT NULL
) ENGINE=InnoDB DEFAULT CHARSET=utf8mb4 COLLATE=utf8mb4_unicode_ci;

--
-- Dumping data for table `product_sizes`
--

INSERT INTO `product_sizes` (`id`, `product_id`, `size_id`) VALUES
(69, 11, 3),
(91, 2, 2),
(92, 3, 4),
(93, 3, 3),
(94, 3, 2),
(95, 4, 4),
(96, 4, 3),
(97, 4, 2),
(98, 5, 4),
(99, 5, 3),
(100, 5, 2),
(104, 7, 4),
(105, 14, 4),
(106, 14, 3),
(107, 14, 2),
(108, 13, 4),
(109, 13, 3),
(110, 13, 2),
(111, 10, 3),
(112, 9, 2),
(113, 8, 3),
(114, 28, 4),
(115, 28, 3),
(116, 28, 2),
(117, 24, 2),
(125, 6, 4),
(126, 6, 3),
(127, 6, 2),
(130, 1, 4),
(133, 54, 4),
(134, 55, 4),
(135, 56, 4),
(136, 57, 3),
(137, 58, 4);

-- --------------------------------------------------------

--
-- Table structure for table `profiles`
--

CREATE TABLE `profiles` (
  `id` int(11) NOT NULL,
  `name` varchar(100) COLLATE utf8mb4_unicode_ci NOT NULL,
  `description` mediumtext COLLATE utf8mb4_unicode_ci NOT NULL,
  `path` varchar(100) COLLATE utf8mb4_unicode_ci NOT NULL,
  `trash` varchar(100) COLLATE utf8mb4_unicode_ci NOT NULL
) ENGINE=InnoDB DEFAULT CHARSET=utf8mb4 COLLATE=utf8mb4_unicode_ci;

--
-- Dumping data for table `profiles`
--

INSERT INTO `profiles` (`id`, `name`, `description`, `path`, `trash`) VALUES
(4, 'service', 'video link video link video link video link video link video link video link video link video link video link video link video link video link video link video link video link video link video link vi', 'backend/images/profile/gallery15775515640.jpg', ''),
(5, 'service', 'video link video link video link video link video link video link video link video link video link video link video link video link video link video link video link video link video link video link vi', 'backend/images/profile/gallery15775512050.png', ''),
(7, 'freelance it lab', 'ipsum is simply text of the stry simply dummy text of the printing and typesetting industry. lorem ipsum is simply text of the. lorem ipsum is simply text of the stry simply dummy text of the printing and text of the stry simply dummy text of the printing and typesetting industry.', 'backend/images/profile/gallery15775158600.png', ''),
(8, 'asad', 'video link video link video link video link video link video link video link video link video link video link video link video link video link video link video link video link video link video link video link video link video link video link video link video link video link video link video link video link video link video link video link video link', 'backend/images/profile/gallery15775509970.jpg', ''),
(9, 'service', 'video link video link video link video link video link video link video link video link video link video link video link video link video link video link video link video link video link video link vi', 'backend/images/profile/gallery15775515040.png', '');

-- --------------------------------------------------------

--
-- Table structure for table `sap_items`
--

CREATE TABLE `sap_items` (
  `id` int(11) NOT NULL,
  `product_id` int(11) NOT NULL,
  `purchase_price` decimal(10,2) NOT NULL,
  `sale_price` decimal(10,2) NOT NULL,
  `quantity` decimal(10,2) NOT NULL,
  `total` decimal(10,2) NOT NULL,
  `sap_record_id` int(11) NOT NULL,
  `date` date NOT NULL DEFAULT current_timestamp()
) ENGINE=InnoDB DEFAULT CHARSET=utf8mb4 COLLATE=utf8mb4_unicode_ci;

--
-- Dumping data for table `sap_items`
--

INSERT INTO `sap_items` (`id`, `product_id`, `purchase_price`, `sale_price`, `quantity`, `total`, `sap_record_id`, `date`) VALUES
(1, 1, '1230.00', '1230.00', '2.00', '2460.00', 1, '2021-04-22'),
(2, 3, '3256.00', '3256.00', '1.00', '3256.00', 2, '2021-04-24'),
(3, 3, '3256.00', '3256.00', '1.00', '3256.00', 3, '2021-04-24'),
(4, 3, '3256.00', '3256.00', '1.00', '3256.00', 4, '2021-04-24'),
(5, 23, '3600.00', '4000.00', '10.00', '40000.00', 5, '2021-04-27'),
(6, 1, '1230.00', '1230.00', '100.00', '123000.00', 6, '2021-05-05');

-- --------------------------------------------------------

--
-- Table structure for table `sap_record`
--

CREATE TABLE `sap_record` (
  `id` int(11) NOT NULL,
  `supplier_id` int(11) NOT NULL,
  `supplier_name` varchar(255) COLLATE utf8mb4_unicode_ci DEFAULT NULL,
  `discount` decimal(10,2) NOT NULL,
  `paid` decimal(10,2) NOT NULL,
  `sub_total` decimal(10,2) NOT NULL DEFAULT 0.00,
  `grand_total` decimal(10,2) NOT NULL,
  `total_qty` decimal(10,2) NOT NULL DEFAULT 0.00,
  `date` date NOT NULL DEFAULT current_timestamp(),
  `trash` int(1) NOT NULL DEFAULT 0
) ENGINE=InnoDB DEFAULT CHARSET=utf8mb4 COLLATE=utf8mb4_unicode_ci;

--
-- Dumping data for table `sap_record`
--

INSERT INTO `sap_record` (`id`, `supplier_id`, `supplier_name`, `discount`, `paid`, `sub_total`, `grand_total`, `total_qty`, `date`, `trash`) VALUES
(1, 0, 'Developer', '0.00', '2460.00', '2460.00', '2460.00', '2.00', '2021-04-22', 0),
(2, 0, 'Developer', '0.00', '3256.00', '3256.00', '3256.00', '1.00', '2021-04-24', 0),
(3, 0, 'Developer', '0.00', '3256.00', '3256.00', '3256.00', '1.00', '2021-04-24', 0),
(4, 0, 'Developer', '0.00', '3256.00', '3256.00', '3256.00', '1.00', '2021-04-24', 0),
(5, 0, 'Abdullah al Hasan', '0.00', '40000.00', '40000.00', '40000.00', '10.00', '2021-04-27', 0),
(6, 0, 'Aminur Islam', '0.00', '123000.00', '123000.00', '123000.00', '100.00', '2021-05-05', 0);

-- --------------------------------------------------------

--
-- Table structure for table `sessions`
--

CREATE TABLE `sessions` (
  `session_id` varchar(40) COLLATE utf8mb4_unicode_ci NOT NULL DEFAULT '0',
  `ip_address` varchar(45) COLLATE utf8mb4_unicode_ci NOT NULL DEFAULT '0',
  `user_agent` varchar(120) COLLATE utf8mb4_unicode_ci NOT NULL,
  `last_activity` int(10) UNSIGNED NOT NULL DEFAULT 0,
  `user_data` longtext COLLATE utf8mb4_unicode_ci NOT NULL
) ENGINE=InnoDB DEFAULT CHARSET=utf8mb4 COLLATE=utf8mb4_unicode_ci;

--
-- Dumping data for table `sessions`
--

INSERT INTO `sessions` (`session_id`, `ip_address`, `user_agent`, `last_activity`, `user_data`) VALUES
('04ffa9c0e1b62dd6746791ff1a3c28e8', '::1', 'Mozilla/5.0 (Windows NT 10.0; Win64; x64) AppleWebKit/537.36 (KHTML, like Gecko) Chrome/71.0.3578.98 Safari/537.36', 1546320141, 'a:12:{s:9:\"user_data\";s:0:\"\";s:7:\"user_id\";s:1:\"1\";s:12:\"login_period\";s:22:\"2019-01-01 11:05:27 am\";s:4:\"name\";s:23:\"Roja Knit Composite Ltd\";s:5:\"email\";s:24:\"freelanceitlab@gmail.com\";s:8:\"username\";s:10:\"superadmin\";s:6:\"mobile\";s:11:\"01762688999\";s:9:\"privilege\";s:5:\"super\";s:5:\"image\";s:30:\"public/profiles/superadmin.png\";s:6:\"branch\";s:1:\"0\";s:6:\"holder\";s:5:\"super\";s:8:\"loggedin\";b:1;}'),
('8d4169e617ef4bf6025b2644ae61178d', '::1', 'Mozilla/5.0 (Windows NT 10.0; Win64; x64) AppleWebKit/537.36 (KHTML, like Gecko) Chrome/76.0.3809.100 Safari/537.36', 1566881423, 'a:12:{s:9:\"user_data\";s:0:\"\";s:7:\"user_id\";s:1:\"1\";s:12:\"login_period\";s:22:\"2019-08-27 10:50:26 am\";s:4:\"name\";s:23:\"Roja Knit Composite Ltd\";s:5:\"email\";s:24:\"freelanceitlab@gmail.com\";s:8:\"username\";s:10:\"superadmin\";s:6:\"mobile\";s:11:\"01762688999\";s:9:\"privilege\";s:5:\"super\";s:5:\"image\";s:30:\"public/profiles/superadmin.png\";s:6:\"branch\";s:1:\"0\";s:6:\"holder\";s:5:\"super\";s:8:\"loggedin\";b:1;}'),
('ed0930ba7d39d6a0be6a700b0b7cc541', '::1', 'Mozilla/5.0 (Windows NT 10.0; Win64; x64) AppleWebKit/537.36 (KHTML, like Gecko) Chrome/71.0.3578.98 Safari/537.36', 1545564053, 'a:12:{s:9:\"user_data\";s:0:\"\";s:7:\"user_id\";s:1:\"1\";s:12:\"login_period\";s:22:\"2018-12-23 14:17:57 pm\";s:4:\"name\";s:23:\"Roja Knit Composite Ltd\";s:5:\"email\";s:24:\"freelanceitlab@gmail.com\";s:8:\"username\";s:10:\"superadmin\";s:6:\"mobile\";s:11:\"01762688999\";s:9:\"privilege\";s:5:\"super\";s:5:\"image\";s:30:\"public/profiles/superadmin.png\";s:6:\"branch\";s:1:\"0\";s:6:\"holder\";s:5:\"super\";s:8:\"loggedin\";b:1;}');

-- --------------------------------------------------------

--
-- Table structure for table `settings`
--

CREATE TABLE `settings` (
  `id` int(11) NOT NULL,
  `site_name` varchar(255) COLLATE utf8mb4_unicode_ci NOT NULL,
  `header_text` longtext COLLATE utf8mb4_unicode_ci NOT NULL,
  `footer_text` longtext COLLATE utf8mb4_unicode_ci NOT NULL,
  `banner_path` varchar(255) COLLATE utf8mb4_unicode_ci NOT NULL,
  `header_logo_path` varchar(255) COLLATE utf8mb4_unicode_ci NOT NULL,
  `footer_logo_path` varchar(255) COLLATE utf8mb4_unicode_ci NOT NULL,
  `favicon` varchar(255) COLLATE utf8mb4_unicode_ci NOT NULL,
  `currency` varchar(200) COLLATE utf8mb4_unicode_ci NOT NULL DEFAULT 'Tk',
  `address` varchar(255) COLLATE utf8mb4_unicode_ci NOT NULL,
  `phone` varchar(255) COLLATE utf8mb4_unicode_ci NOT NULL,
  `email` varchar(255) COLLATE utf8mb4_unicode_ci NOT NULL,
  `social_media` longtext COLLATE utf8mb4_unicode_ci NOT NULL,
  `ref_commission` varchar(100) COLLATE utf8mb4_unicode_ci NOT NULL,
  `language` varchar(255) COLLATE utf8mb4_unicode_ci NOT NULL DEFAULT 'en'
) ENGINE=InnoDB DEFAULT CHARSET=utf8mb4 COLLATE=utf8mb4_unicode_ci;

--
-- Dumping data for table `settings`
--

INSERT INTO `settings` (`id`, `site_name`, `header_text`, `footer_text`, `banner_path`, `header_logo_path`, `footer_logo_path`, `favicon`, `currency`, `address`, `phone`, `email`, `social_media`, `ref_commission`, `language`) VALUES
(1, 'What is Lorem Ipsum?', 'Classified Ads', 'Lorem Ipsum is simply dummy text of the printing and typesetting industry.', 'backend/images/settings/banner_15335224650.jpg', 'backend/images/settings/header_logo_15696489070.png', 'backend/images/settings/footer_logo_15696497010.png', 'backend/images/settings/favicon_15696489600.png', '', 'Bangladesh', '01xxx-xxxxxx', 'support@demo.com', '{\"facebook\":\"www.facebook.com\\/nandail2018\",\"google-plus\":\"google.com\",\"twitter\":\"twitter.com\"}', '', 'en');

-- --------------------------------------------------------

--
-- Table structure for table `site_meta`
--

CREATE TABLE `site_meta` (
  `id` int(10) UNSIGNED NOT NULL,
  `meta_key` varchar(255) COLLATE utf8mb4_unicode_ci NOT NULL,
  `meta_value` mediumtext COLLATE utf8mb4_unicode_ci NOT NULL
) ENGINE=InnoDB DEFAULT CHARSET=utf8mb4 COLLATE=utf8mb4_unicode_ci;

--
-- Dumping data for table `site_meta`
--

INSERT INTO `site_meta` (`id`, `meta_key`, `meta_value`) VALUES
(1, 'theme_color', '#262079'),
(2, 'background_pattern', 'public/img/background13536.png'),
(3, 'logo', '{\"logo\":\"public\\/img\\/logo_695475.jpg\",\"faveicon\":\"public\\/img\\/favicon_455783.png\"}'),
(4, 'menu_icon', '{\"aside_menu\":\"fa fa-share\",\"footer_menu\":\"fa fa-check-square\"}'),
(5, 'language', 'en'),
(6, 'header', '{\"site_name\":\"Grand Bazar\",\"place_name\":\"Mymensingh\"}'),
(7, 'footer', '{\"l_footer_text\":\"Lorem Ipsum is simply dummy text of the printing and typesetting industry. \",\"header_txt\":\"Eagle\",\"addr_moblile\":\"017111111111\",\"addr_moblile2\":\"01700000000\",\"addr_email\":\"eagle@gmail.com\",\"addr_address\":\"Mymensingh, Dhaka Bangladesh\",\"footer_img\":\"\\r\\n<div style=\"}'),
(9, 'social_icon', '{\"s_facebook\":\"http:\\/\\/facebook.com\\/#\",\"s_twitter\":\"https:\\/\\/twitter.com\\/#\",\"s_gplus\":\"http:\\/\\/plus.google.com\\/#\",\"s_pinterest\":\"https:\\/\\/www.pinterest.com\\/#\"}'),
(10, 'login_background', 'private/images/background9481.jpg'),
(11, 'google_map', '<iframe src=\"https://www.google.com/maps/embed?pb=!1m18!1m12!1m3!1d8370.258317077365!2d90.48247136589679!3d24.782360372571908!2m3!1f0!2f0!3f0!3m2!1i1024!2i768!4f13.1!3m3!1m2!1s0x0%3A0x1c9dfb8b569aec25!2z4KaX4Ka-4Kab4Kak4Kay4Ka-IOCmrOCmvuCmnOCmvuCmsA!5e0!3m2!1sbn!2sbd!4v1491652658795\" width=\"600\" height=\"450\" frameborder=\"0\" style=\"border:0\" allowfullscreen></iframe>'),
(12, 'update_date', '2017-10-14 18:02:24 pm'),
(13, 'theme', 'default');

-- --------------------------------------------------------

--
-- Table structure for table `sizes`
--

CREATE TABLE `sizes` (
  `id` int(11) NOT NULL,
  `size` varchar(255) COLLATE utf8mb4_unicode_ci NOT NULL,
  `trash` int(1) NOT NULL DEFAULT 0
) ENGINE=InnoDB DEFAULT CHARSET=utf8mb4 COLLATE=utf8mb4_unicode_ci;

--
-- Dumping data for table `sizes`
--

INSERT INTO `sizes` (`id`, `size`, `trash`) VALUES
(1, 'Test Size', 1),
(2, 'L', 0),
(3, 'M', 0),
(4, 'XL', 0);

-- --------------------------------------------------------

--
-- Table structure for table `sliders`
--

CREATE TABLE `sliders` (
  `id` int(11) NOT NULL,
  `name` longtext COLLATE utf8mb4_unicode_ci NOT NULL,
  `path` longtext COLLATE utf8mb4_unicode_ci NOT NULL,
  `position` int(11) NOT NULL DEFAULT 0,
  `is_offer` int(1) NOT NULL DEFAULT 0,
  `status` tinyint(4) NOT NULL DEFAULT 1
) ENGINE=MyISAM DEFAULT CHARSET=utf8mb4 COLLATE=utf8mb4_unicode_ci;

--
-- Dumping data for table `sliders`
--

INSERT INTO `sliders` (`id`, `name`, `path`, `position`, `is_offer`, `status`) VALUES
(17, 'welcome to akash electronics', 'backend/images/slider/gallery16171648680.jpg', 0, 0, 0),
(20, 'welcome to akash electronics', 'backend/images/slider/gallery16171648970.jpg', 0, 1, 0),
(21, 'mobile-phone', 'backend/images/slider/gallery16181983910.jpg', 0, 0, 1),
(22, 'beautiful women', 'backend/images/slider/gallery16181984170.jpg', 0, 0, 1),
(23, 'beautiful women', 'backend/images/slider/gallery16181984240.jpg', 0, 0, 1),
(25, 'offer', 'public/images/slider/gallery16182031100.jpg', 0, 1, 1),
(26, 'offer', 'public/images/slider/gallery16182031240.jpg', 0, 1, 1),
(27, 'offerr', 'public/images/slider/gallery16182031330.jpg', 0, 1, 1);

-- --------------------------------------------------------

--
-- Table structure for table `sms_record`
--

CREATE TABLE `sms_record` (
  `id` int(11) UNSIGNED NOT NULL,
  `delivery_date` date NOT NULL,
  `delivery_time` time NOT NULL,
  `mobile` varchar(20) COLLATE utf8_unicode_ci NOT NULL,
  `message` mediumtext COLLATE utf8_unicode_ci NOT NULL,
  `total_characters` varchar(4) COLLATE utf8_unicode_ci NOT NULL,
  `total_messages` varchar(2) COLLATE utf8_unicode_ci NOT NULL,
  `delivery_report` mediumtext COLLATE utf8_unicode_ci NOT NULL
) ENGINE=MyISAM DEFAULT CHARSET=utf8 COLLATE=utf8_unicode_ci;

--
-- Dumping data for table `sms_record`
--

INSERT INTO `sms_record` (`id`, `delivery_date`, `delivery_time`, `mobile`, `message`, `total_characters`, `total_messages`, `delivery_report`) VALUES
(1, '2020-11-21', '22:33:12', '01937476716', 'Hello its a test message.', '25', '1', '1'),
(2, '2020-11-22', '03:10:49', '01983667657', 'dsfsdfsdf', '9', '1', '1'),
(3, '2020-11-22', '03:11:54', '01983667657', 'sdfsdfsdfsdf   ', '60', '1', '1'),
(4, '2020-11-22', '03:35:15', '01912226436', ' :000003, : Anika Hammond,  : 103.69,  : 1.06,  : 5,  : 102.63,  : 17.00, :  ', '377', '3', '1'),
(5, '2020-12-21', '03:43:47', '', ' :000010, :   ,  : 23000,  : 500,  : 20,  : 22500.00,  : 20.00, :  ', '415', '3', '1'),
(6, '2020-12-21', '03:46:00', '', ' :000010, :   ,  : 22500,  : 500,  : 20,  : 22000.00,  : 40.00, :  ', '415', '3', '1'),
(7, '2020-12-21', '03:47:36', '', ' :000010, :   ,  : 22000,  : 500,  : 20,  : 21500.00,  : 60.00, :  ', '415', '3', '1'),
(8, '2020-12-22', '06:53:42', 'Ullam sit quis nulla', ' :000015, : Sydney Flowers,  : 77.05,  : 1.68,  : 90,  : 75.37,  : 90.00, :  ', '377', '3', '1'),
(9, '2020-12-22', '06:53:44', 'Deserunt ea consequu', ' :000018, : Phyllis Mayer,  : 0,  : 0,  : 100,  : 0.00,  : 100.00, :  ', '370', '3', '1'),
(10, '2020-12-23', '04:17:39', '', ' :000010, :   ,  : 21500,  : 500,  : 20,  : 21000.00,  : 80.00, :  ', '415', '3', '1'),
(11, '2020-12-23', '04:17:40', 'Ullam sit quis nulla', ' :000015, : Sydney Flowers,  : 75.37,  : 1.68,  : 90,  : 73.69,  : 180.00, :  ', '378', '3', '1'),
(12, '2020-12-23', '04:17:43', 'Deserunt ea consequu', ' :000018, : Phyllis Mayer,  : 11000,  : 239.13,  : 150,  : 10760.87,  : 250.00, :  ', '383', '3', '1'),
(13, '2020-12-23', '04:17:45', 'Quo voluptate impedi', ' :000020, : Carolyn Strickland,  : 0,  : 0,  : 50,  : 0.00,  : 50.00, :  ', '373', '3', '1'),
(14, '2020-12-23', '14:25:14', 'Ullam sit quis nulla', ' :000015, : Sydney Flowers,  : 73.69,  : 1.68,  : 90,  : 72.01,  : 270.00, :  ', '378', '3', '1'),
(15, '2020-12-24', '00:39:06', 'Ipsum nisi dolor cu', ' :000021, : Orlando Ferguson,  : 0,  : 0,  : 100,  : 0.00,  : 100.00, :  ', '373', '3', '1'),
(16, '2020-12-24', '01:56:42', 'Enim mollitia illum', ' :000008, : Quin Matthews,  : 9.2,  : 0.2,  : 32,  : 9.00,  : 32.00, :  ', '372', '3', '1'),
(17, '2020-12-24', '01:56:44', 'Et sapiente sint si', ' :000019, : Brody Richardson,  : 165000,  : 3586.96,  : 100,  : 161413.04,  : 100.00, :  ', '389', '3', '1'),
(18, '2020-12-24', '01:56:46', 'Et laudantium ut ea', ' :000023, : Rigel Mcgee,  : 11500,  : 250,  : 1000,  : 11250.00,  : 1000.00, :  ', '380', '3', '1');

-- --------------------------------------------------------

--
-- Table structure for table `stock`
--

CREATE TABLE `stock` (
  `id` int(11) NOT NULL,
  `product_id` int(11) NOT NULL,
  `sale_price` decimal(10,2) NOT NULL,
  `purchase_price` decimal(10,2) NOT NULL,
  `quantity` decimal(10,2) NOT NULL
) ENGINE=InnoDB DEFAULT CHARSET=utf8mb4 COLLATE=utf8mb4_unicode_ci;

--
-- Dumping data for table `stock`
--

INSERT INTO `stock` (`id`, `product_id`, `sale_price`, `purchase_price`, `quantity`) VALUES
(1, 1, '1230.00', '1230.00', '95.00'),
(2, 3, '3256.00', '3256.00', '-15.00'),
(3, 23, '4000.00', '3600.00', '10.00');

-- --------------------------------------------------------

--
-- Table structure for table `subcategories`
--

CREATE TABLE `subcategories` (
  `id` int(11) NOT NULL,
  `cat_id` int(11) NOT NULL,
  `subcategory` varchar(255) COLLATE utf8mb4_unicode_ci NOT NULL,
  `trash` int(1) NOT NULL DEFAULT 0
) ENGINE=InnoDB DEFAULT CHARSET=utf8mb4 COLLATE=utf8mb4_unicode_ci;

--
-- Dumping data for table `subcategories`
--

INSERT INTO `subcategories` (`id`, `cat_id`, `subcategory`, `trash`) VALUES
(1, 7, 'Test Sub-Category-', 1),
(2, 7, 'Test Sub-Category-', 1),
(3, 7, 'Carrots', 0),
(4, 7, 'Variant', 0);

-- --------------------------------------------------------

--
-- Table structure for table `subscriber`
--

CREATE TABLE `subscriber` (
  `id` int(11) NOT NULL,
  `email` text COLLATE utf8mb4_unicode_ci NOT NULL,
  `date` date NOT NULL DEFAULT current_timestamp()
) ENGINE=InnoDB DEFAULT CHARSET=utf8mb4 COLLATE=utf8mb4_unicode_ci;

--
-- Dumping data for table `subscriber`
--

INSERT INTO `subscriber` (`id`, `email`, `date`) VALUES
(4, 'mrskuet08@gmail.com', '2021-05-24');

-- --------------------------------------------------------

--
-- Table structure for table `subscribers`
--

CREATE TABLE `subscribers` (
  `id` int(11) UNSIGNED NOT NULL,
  `name` varchar(100) COLLATE utf8mb4_unicode_ci NOT NULL,
  `gender` varchar(10) COLLATE utf8mb4_unicode_ci DEFAULT NULL,
  `birthday` varchar(20) COLLATE utf8mb4_unicode_ci DEFAULT NULL,
  `about` mediumtext COLLATE utf8mb4_unicode_ci DEFAULT NULL,
  `website` varchar(100) COLLATE utf8mb4_unicode_ci DEFAULT NULL,
  `facecbook` varchar(100) COLLATE utf8mb4_unicode_ci DEFAULT NULL,
  `twitter` varchar(100) COLLATE utf8mb4_unicode_ci DEFAULT NULL,
  `email` varchar(100) COLLATE utf8mb4_unicode_ci DEFAULT NULL,
  `username` varchar(100) COLLATE utf8mb4_unicode_ci DEFAULT NULL,
  `password` varchar(128) COLLATE utf8mb4_unicode_ci NOT NULL,
  `image` varchar(100) COLLATE utf8mb4_unicode_ci DEFAULT NULL,
  `mobile` varchar(15) COLLATE utf8mb4_unicode_ci NOT NULL,
  `address` text COLLATE utf8mb4_unicode_ci DEFAULT NULL,
  `status` varchar(255) COLLATE utf8mb4_unicode_ci NOT NULL DEFAULT 'active',
  `verify_code` varchar(255) COLLATE utf8mb4_unicode_ci DEFAULT NULL,
  `is_use` int(1) NOT NULL DEFAULT 0
) ENGINE=InnoDB DEFAULT CHARSET=utf8mb4 COLLATE=utf8mb4_unicode_ci;

--
-- Dumping data for table `subscribers`
--

INSERT INTO `subscribers` (`id`, `name`, `gender`, `birthday`, `about`, `website`, `facecbook`, `twitter`, `email`, `username`, `password`, `image`, `mobile`, `address`, `status`, `verify_code`, `is_use`) VALUES
(1, 'Developer', NULL, NULL, NULL, NULL, NULL, NULL, 'developer@gmail.com', '01983667657', '6d9c29d93f59a451881750f35cb18dc1', NULL, '01983667657', 'Mymensingh, Sadar', 'deactive', '9869', 1),
(2, 'Aminur Islam', NULL, NULL, NULL, NULL, NULL, NULL, 'khetlal20land@gmail.com', '01910217482', '6d9c29d93f59a451881750f35cb18dc1', NULL, '01910217482', NULL, 'deactive', '5160', 1),
(4, 'Jolene Tate', NULL, NULL, NULL, NULL, NULL, NULL, NULL, '01969552552', '6d9c29d93f59a451881750f35cb18dc1', NULL, '01969552552', NULL, 'active', NULL, 0);

-- --------------------------------------------------------

--
-- Table structure for table `suppliers`
--

CREATE TABLE `suppliers` (
  `id` int(11) NOT NULL,
  `name` varchar(255) COLLATE utf8mb4_unicode_ci NOT NULL,
  `mobile` varchar(191) COLLATE utf8mb4_unicode_ci NOT NULL,
  `address` varchar(255) COLLATE utf8mb4_unicode_ci NOT NULL,
  `initial_balance` decimal(10,2) NOT NULL,
  `type` varchar(191) COLLATE utf8mb4_unicode_ci NOT NULL,
  `date` date NOT NULL DEFAULT current_timestamp(),
  `trash` int(1) NOT NULL DEFAULT 0
) ENGINE=InnoDB DEFAULT CHARSET=utf8mb4 COLLATE=utf8mb4_unicode_ci;

--
-- Dumping data for table `suppliers`
--

INSERT INTO `suppliers` (`id`, `name`, `mobile`, `address`, `initial_balance`, `type`, `date`, `trash`) VALUES
(1, 'Abdullah Al Hasan', '01983667657', 'sfsfsdfsdfsdfsdf', '-9000.00', 'receivable', '2021-04-17', 0);

-- --------------------------------------------------------

--
-- Table structure for table `supplier_transaction`
--

CREATE TABLE `supplier_transaction` (
  `id` int(11) NOT NULL,
  `supplier_id` int(11) DEFAULT NULL,
  `amount` decimal(10,2) NOT NULL,
  `trx_type` varchar(255) COLLATE utf8mb4_unicode_ci NOT NULL DEFAULT 'credit',
  `supplier_type` varchar(255) COLLATE utf8mb4_unicode_ci NOT NULL DEFAULT 'cash',
  `supplier_name` varchar(255) COLLATE utf8mb4_unicode_ci NOT NULL,
  `date` date NOT NULL DEFAULT current_timestamp(),
  `sap_record_id` int(11) NOT NULL,
  `trash` int(1) NOT NULL DEFAULT 0
) ENGINE=InnoDB DEFAULT CHARSET=utf8mb4 COLLATE=utf8mb4_unicode_ci;

--
-- Dumping data for table `supplier_transaction`
--

INSERT INTO `supplier_transaction` (`id`, `supplier_id`, `amount`, `trx_type`, `supplier_type`, `supplier_name`, `date`, `sap_record_id`, `trash`) VALUES
(1, 0, '1350.00', 'paid', 'cash', 'Developer', '2021-04-18', 1, 0),
(3, 1, '50.00', 'paid', 'party', '', '2021-04-19', 3, 1),
(7, 1, '50.00', 'paid', 'party', '', '2021-04-19', 2, 0),
(8, 0, '500.00', 'paid', 'cash', 'Developer', '2021-04-19', 4, 0),
(10, 0, '7082.00', 'paid', 'cash', 'Developer', '2021-04-19', 5, 0),
(11, 0, '2460.00', 'paid', 'cash', 'Developer', '2021-04-22', 1, 0),
(12, 0, '3256.00', 'paid', 'cash', 'Developer', '2021-04-24', 2, 0),
(13, 0, '3256.00', 'paid', 'cash', 'Developer', '2021-04-24', 3, 0),
(14, 0, '3256.00', 'paid', 'cash', 'Developer', '2021-04-24', 4, 0),
(15, 0, '40000.00', 'paid', 'cash', 'Abdullah al Hasan', '2021-04-27', 5, 0),
(16, 0, '123000.00', 'paid', 'cash', 'Aminur Islam', '2021-05-05', 6, 0);

-- --------------------------------------------------------

--
-- Table structure for table `system_action_menus`
--

CREATE TABLE `system_action_menus` (
  `id` int(11) NOT NULL,
  `parent_id` int(11) DEFAULT NULL COMMENT 'parent table = aside_menu',
  `dropdown_id` int(11) NOT NULL,
  `name` varchar(191) COLLATE utf8mb4_unicode_ci DEFAULT NULL,
  `type` varchar(191) COLLATE utf8mb4_unicode_ci DEFAULT NULL,
  `controller_path` varchar(191) COLLATE utf8mb4_unicode_ci DEFAULT NULL,
  `position` int(11) NOT NULL DEFAULT 0,
  `icon` varchar(191) COLLATE utf8mb4_unicode_ci NOT NULL,
  `status` tinyint(4) NOT NULL DEFAULT 1
) ENGINE=InnoDB DEFAULT CHARSET=utf8mb4 COLLATE=utf8mb4_unicode_ci;

--
-- Dumping data for table `system_action_menus`
--

INSERT INTO `system_action_menus` (`id`, `parent_id`, `dropdown_id`, `name`, `type`, `controller_path`, `position`, `icon`, `status`) VALUES
(53, 22, 54, 'Delete', 'danger', 'gallery/gallery_controller/delete', 1, 'fa fa-close', 1),
(54, 22, 54, 'Restore', 'success', 'gallery/gallery_controller/restore', 0, 'fa fa-undo', 1),
(55, 22, 53, 'Delete', 'danger', 'gallery/gallery_controller/trash', 3, 'fa fa-trash', 1),
(56, 22, 53, 'Edit', 'warning', 'gallery/gallery_controller/edit', 2, 'fa fa-pencil-square-o', 1),
(57, 21, 50, 'Edit', 'warning', 'slider/slider_controller/edit', 0, 'fa fa-pencil-square-o', 1),
(58, 21, 50, 'Delete', 'danger', 'slider/slider_controller/trash', 1, 'fa fa-trash', 1),
(59, 21, 49, 'Restore', 'success', 'slider/slider_controller/restore', 2, 'fa fa-undo', 1),
(60, 21, 49, 'Delete', 'danger', 'slider/slider_controller/delete', 3, 'fa fa-close', 1),
(92, 0, 0, 'Spa', 'success', 'spa/Spa', 0, 'fa fa-male', 1),
(97, 58, 112, 'Edit', 'warning', 'category/category/edit', 0, 'fa fa-pencil-square-o', 1),
(98, 58, 112, 'Delete', 'danger', 'category/category/trash', 0, 'fa fa-trash-o', 1),
(99, 59, 114, 'Edit', 'warning', 'brand/brand/edit', 0, 'fa fa-pencil-square-o', 1),
(100, 59, 114, 'Delete', 'danger', 'brand/brand/trash', 0, 'fa fa-trash-o', 1),
(101, 60, 116, 'Edit', 'warning', 'subcategory/subcategory/edit', 0, 'fa fa-pencil-square-o', 1),
(102, 60, 116, 'trash', 'danger', 'subcategory/subcategory/trash', 0, 'fa fa-trash-o', 1),
(103, 63, 122, 'Edit', 'warning', 'size/size/edit', 0, 'fa fa-pencil-square-o', 1),
(104, 63, 122, 'Delete', 'danger', 'size/size/trash', 0, 'fa fa-trash-o', 1),
(105, 62, 120, 'Edit', 'warning', 'color/color/edit', 0, 'fa fa-pencil-square-o', 1),
(106, 62, 120, 'Delete', 'danger', 'color/color/trash', 0, 'fa fa-trash-o', 1),
(107, 61, 118, 'View', 'info', 'product/product/view', 0, 'fa fa-eye', 1),
(108, 61, 118, 'Edit', 'warning', 'product/product/edit', 0, 'fa fa-pencil-square-o', 1),
(109, 61, 118, 'Delete', 'danger', 'product/product/trash', 0, 'fa fa-trash-o', 1),
(110, 64, 124, 'Edit', 'warning', 'supplier/supplier/edit', 0, 'fa fa-pencil-square-o', 1),
(111, 64, 124, 'Delete', 'danger', 'supplier/supplier/trash', 0, 'fa fa-trash-o', 1),
(112, 65, 126, 'View', 'info', 'purchase/purchase/view', 0, 'fa fa-eye', 1),
(113, 65, 126, 'Edit', 'warning', 'purchase/purchase/edit', 0, 'fa fa-pencil-square-o', 1),
(114, 65, 126, 'Delete', 'danger', 'purchase/purchase/delete', 0, 'fa fa-trash-o', 1),
(115, 68, 0, 'Deactive', 'danger', 'subscriber/user/deactive', 0, 'fa fa-minus-square-o', 1),
(116, 71, 133, 'edit', 'info', 'trx_method/TrxMethod/edit', 0, 'fa fa-pencil-square-o', 1),
(117, 71, 133, 'Delete', 'danger', 'trx_method/TrxMethod/delete', 0, 'fa fa-trash-o', 1),
(118, 70, 130, 'View', 'info', 'order/order/view', 0, 'fa fa-eye', 1),
(119, 70, 130, 'delete', 'danger', 'order/order/trash', 0, 'fa fa-trash-o', 1),
(120, 70, 131, 'View', 'info', 'order/order/view', 0, 'fa fa-eye', 1),
(121, 74, 0, 'Delete', 'danger', 'subscriber/Subscriber/delete', 0, 'fa fa-trash-o', 1);

-- --------------------------------------------------------

--
-- Table structure for table `system_aside_menus`
--

CREATE TABLE `system_aside_menus` (
  `id` int(11) NOT NULL,
  `name` varchar(191) COLLATE utf8mb4_unicode_ci DEFAULT NULL,
  `controller_path` mediumtext COLLATE utf8mb4_unicode_ci DEFAULT NULL,
  `selector` varchar(191) COLLATE utf8mb4_unicode_ci DEFAULT NULL,
  `icon` varchar(191) COLLATE utf8mb4_unicode_ci DEFAULT NULL,
  `has_sub_menu` tinyint(4) NOT NULL DEFAULT 0 COMMENT '0=not available, 1=available',
  `has_action_menu` tinyint(4) NOT NULL DEFAULT 0 COMMENT '0=not available, 1=available',
  `position` int(11) NOT NULL DEFAULT 0,
  `status` tinyint(4) NOT NULL DEFAULT 1
) ENGINE=InnoDB DEFAULT CHARSET=utf8mb4 COLLATE=utf8mb4_unicode_ci;

--
-- Dumping data for table `system_aside_menus`
--

INSERT INTO `system_aside_menus` (`id`, `name`, `controller_path`, `selector`, `icon`, `has_sub_menu`, `has_action_menu`, `position`, `status`) VALUES
(21, 'Slider', '', 'slider', 'fa fa-photo', 1, 1, 14, 1),
(22, 'Gallery', '', 'gallery', 'fa fa-image', 1, 1, 3, 0),
(26, 'About Us', 'about_us/About_controller/add', 'about_us', 'fa fa-question', 0, 1, 16, 1),
(34, 'Settings', '', 'setting', 'fa fa-cog', 1, 1, 20, 1),
(42, 'Privilege', 'system_privilege/privilegeController', 'privilege', 'fa fa-users', 0, 0, 17, 1),
(58, 'Category', '', 'category', 'fa fa-sitemap', 1, 1, 0, 1),
(59, 'Brand', '', 'brand', 'fa fa-file-text-o', 1, 1, 2, 1),
(60, 'Sub-Category', '', 'subcategory', 'fa fa-cubes', 1, 1, 1, 1),
(61, 'Product', '', 'product', 'fa fa-product-hunt', 1, 1, 3, 1),
(62, 'Color', '', 'color', 'fa fa-print', 1, 1, 6, 1),
(63, 'Size', '', 'size', 'fa fa-text-height', 1, 1, 7, 1),
(64, 'Supplier', '', 'supplier', 'fa fa-user', 1, 1, 18, 1),
(65, 'Purchase', '', 'purchase', 'fa fa-shopping-cart', 1, 1, 5, 1),
(66, 'SMS', '', 'sms', 'fa fa-paper-plane', 1, 1, 15, 1),
(67, 'Stock', 'stock/stock', 'stock', 'fa fa-archive', 0, 0, 8, 1),
(68, 'User', 'subscriber/user', 'user_menu', 'fa fa-users', 0, 0, 11, 1),
(69, 'Pages', 'pages/pages', 'pages', 'fa fa-file', 0, 0, 13, 1),
(70, 'Order', '', 'order', 'fa fa-th-list', 1, 1, 4, 1),
(71, 'Payment Method', '', 'payment_method', 'fa fa-money', 1, 0, 19, 1),
(72, 'District', 'district/District', 'district', 'fa fa-map-marker', 0, 1, 9, 1),
(73, 'Upazila', 'upazila/Upazila', 'upazila', 'fa fa-map-marker', 0, 1, 10, 1),
(74, 'Subscribers', 'subscriber/Subscriber', 'subscribers', 'fa fa-envelope', 0, 1, 12, 1);

-- --------------------------------------------------------

--
-- Table structure for table `system_aside_menu_dropdowns`
--

CREATE TABLE `system_aside_menu_dropdowns` (
  `id` int(11) NOT NULL,
  `parent_id` int(11) DEFAULT NULL COMMENT 'parent table = aside_menus',
  `name` varchar(191) COLLATE utf8mb4_unicode_ci DEFAULT NULL,
  `selector` varchar(191) COLLATE utf8mb4_unicode_ci DEFAULT NULL,
  `controller_path` mediumtext COLLATE utf8mb4_unicode_ci DEFAULT NULL,
  `icon` varchar(191) COLLATE utf8mb4_unicode_ci NOT NULL,
  `position` int(11) NOT NULL DEFAULT 0,
  `status` tinyint(4) NOT NULL DEFAULT 1
) ENGINE=InnoDB DEFAULT CHARSET=utf8mb4 COLLATE=utf8mb4_unicode_ci;

--
-- Dumping data for table `system_aside_menu_dropdowns`
--

INSERT INTO `system_aside_menu_dropdowns` (`id`, `parent_id`, `name`, `selector`, `controller_path`, `icon`, `position`, `status`) VALUES
(49, 21, 'Trash', 'slider_trash', 'slider/slider_controller/trash_list', 'fa fa-trash-o', 2, 1),
(50, 21, 'All Slider', 'slider_list', 'slider/slider_controller', 'fa fa-list-alt', 1, 1),
(51, 21, 'Add Slider', 'add_slider', 'slider/slider_controller/add', 'fa fa-plus-square-o', 0, 1),
(52, 22, 'Video Gallery', 'Video', 'gallery/gallery_controller/video', 'fa fa-video-camera', 0, 1),
(53, 22, 'Image Gallery', 'Image', 'gallery/gallery_controller/index', 'fa fa-picture-o', 1, 1),
(81, 34, 'Header', 'header', 'setting/setting/header', 'fa fa-angle-right', 1, 1),
(82, 34, 'Footer', 'setting', 'setting/setting/footer', 'fa fa-angle-right', 2, 1),
(111, 58, 'Add Category', 'add', 'category/category/add', 'fa fa-angle-right', 0, 1),
(112, 58, 'All Category', 'all', 'category/category', 'fa fa-angle-right', 1, 1),
(113, 59, 'Add Brand', 'add', 'brand/brand/add', 'fa fa-angle-right', 0, 1),
(114, 59, 'All Brand', 'all', 'brand/brand', 'fa fa-angle-right', 1, 1),
(115, 60, 'Add Sub-Category', 'add', 'subcategory/subcategory/add', 'fa fa-angle-right', 0, 1),
(116, 60, 'All Sub-Category', 'All', 'subcategory/subcategory', 'fa fa-angle-right', 1, 1),
(117, 61, 'Add Product', 'add', 'product/product/add', 'fa fa-angle-right', 0, 1),
(118, 61, 'All Products', 'all', 'product/product/', 'fa fa-angle-right', 1, 1),
(119, 62, 'Add Color', 'add', 'color/color/add', 'fa fa-angle-right', 0, 1),
(120, 62, 'All Color', 'all', 'color/color/', 'fa fa-angle-right', 1, 1),
(121, 63, 'Add Size', 'add', 'size/size/add', 'fa fa-angle-right', 0, 1),
(122, 63, 'All Size', 'all', 'size/size', 'fa fa-angle-right', 1, 1),
(123, 64, 'Add Supplier', 'add', 'supplier/supplier/add', 'fa fa-angle-right', 0, 1),
(124, 64, 'All Supplier', 'all', 'supplier/supplier', 'fa fa-angle-right', 1, 1),
(125, 65, 'Add Purchase', 'add', 'purchase/purchase/add', 'fa fa-angle-right', 0, 1),
(126, 65, 'All Purchase', 'all', 'purchase/purchase', 'fa fa-angle-right', 1, 1),
(127, 66, 'Send SMS', 'send_sms', 'sms/Sms/send_sms', 'fa fa-angle-right', 2, 1),
(128, 66, 'SMS Report', 'sms_report', 'sms/Sms/sms_report', 'fa fa-angle-right', 1, 1),
(129, 66, 'Custom SMS', 'custom_sms', 'sms/Sms/custom_sms', 'fa fa-angle-right', 0, 1),
(130, 70, 'All Order', 'all_order', 'order/order/all', 'fa fa-angle-right', 0, 1),
(131, 70, 'Complete Order', 'completed_order', 'order/order/complete', 'fa fa-angle-right', 1, 1),
(132, 71, 'Add Method', 'add_method', 'trx_method/TrxMethod', 'fa fa-angle-right', 0, 1),
(133, 71, 'All Method', 'all_method', 'trx_method/TrxMethod/all', 'fa fa-angle-right', 1, 1),
(134, 34, 'Theme Color', 'theme_color', 'setting/setting/theme_color', 'fa fa-angle-right', 0, 1);

-- --------------------------------------------------------

--
-- Table structure for table `system_privileges`
--

CREATE TABLE `system_privileges` (
  `id` int(11) NOT NULL,
  `admin_id` int(11) NOT NULL,
  `aside_menu_id` varchar(255) COLLATE utf8mb4_unicode_ci DEFAULT NULL,
  `aside_menu_dropdown_id` varchar(255) COLLATE utf8mb4_unicode_ci DEFAULT NULL,
  `action_menu_id` varchar(255) COLLATE utf8mb4_unicode_ci DEFAULT NULL
) ENGINE=InnoDB DEFAULT CHARSET=utf8mb4 COLLATE=utf8mb4_unicode_ci;

--
-- Dumping data for table `system_privileges`
--

INSERT INTO `system_privileges` (`id`, `admin_id`, `aside_menu_id`, `aside_menu_dropdown_id`, `action_menu_id`) VALUES
(13, 10, '[\"5\",\"4\",\"3\",\"1\"]', '[\"11\",\"10\",\"9\",\"8\",\"7\",\"6\",\"5\"]', '[\"6\",\"5\",\"4\",\"3\",\"2\",\"1\"]'),
(14, 12, '[\"7\",\"6\",\"2\"]', '[\"15\",\"14\",\"13\",\"12\",\"1\"]', '[\"11\",\"10\",\"9\",\"14\",\"13\"]'),
(15, 13, '[\"74\",\"73\",\"72\",\"71\",\"70\",\"69\",\"68\",\"67\",\"66\",\"65\",\"64\",\"63\",\"62\",\"61\",\"60\",\"59\",\"58\",\"42\",\"34\",\"26\",\"21\"]', '[\"133\",\"132\",\"131\",\"130\",\"129\",\"128\",\"127\",\"126\",\"125\",\"124\",\"123\",\"122\",\"121\",\"120\",\"119\",\"118\",\"117\",\"116\",\"115\",\"114\",\"113\",\"112\",\"111\",\"82\",\"81\",\"51\",\"50\",\"49\"]', '[\"121\",\"117\",\"116\",\"120\",\"119\",\"118\",\"115\",\"114\",\"113\",\"112\",\"111\",\"110\",\"104\",\"103\",\"106\",\"105\",\"109\",\"108\",\"107\",\"102\",\"101\",\"100\",\"99\",\"98\",\"97\",\"60\",\"59\",\"58\",\"57\"]');

-- --------------------------------------------------------

--
-- Table structure for table `upazillas`
--

CREATE TABLE `upazillas` (
  `id` int(10) UNSIGNED NOT NULL,
  `name` varchar(191) COLLATE utf8mb4_unicode_ci DEFAULT NULL,
  `country` varchar(191) COLLATE utf8mb4_unicode_ci DEFAULT NULL,
  `district_id` int(10) UNSIGNED DEFAULT NULL,
  `shipping_cost` double(8,2) DEFAULT NULL,
  `status` tinyint(3) UNSIGNED NOT NULL DEFAULT 1,
  `created_at` timestamp NULL DEFAULT NULL,
  `updated_at` timestamp NULL DEFAULT NULL
) ENGINE=InnoDB DEFAULT CHARSET=utf8mb4 COLLATE=utf8mb4_unicode_ci ROW_FORMAT=DYNAMIC;

--
-- Dumping data for table `upazillas`
--

INSERT INTO `upazillas` (`id`, `name`, `country`, `district_id`, `shipping_cost`, `status`, `created_at`, `updated_at`) VALUES
(1, 'Dhamrai', 'Bangladesh', 1, 75.00, 1, '2019-04-09 00:24:28', '2020-11-11 00:49:20'),
(2, 'Dohar', 'Bangladesh', 1, 75.00, 1, '2019-04-09 00:24:28', '2020-11-11 00:49:20'),
(3, 'Keraniganj', 'Bangladesh', 1, 75.00, 1, '2019-04-09 00:24:28', '2020-11-11 00:49:20'),
(4, 'Nawabganj ', 'Bangladesh', 1, 75.00, 0, '2019-04-09 00:24:28', '2020-11-11 00:49:20'),
(5, 'Savar ', 'Bangladesh', 1, 75.00, 1, '2019-04-09 00:24:28', '2020-11-11 00:49:20'),
(6, 'Faridpur Sodar ', 'Bangladesh', 2, 75.00, 1, '2019-04-09 00:24:29', '2020-11-11 00:49:20'),
(7, 'Boalmari ', 'Bangladesh', 2, 75.00, 1, '2019-04-09 00:24:29', '2020-11-11 00:49:20'),
(8, 'Alfadanga ', 'Bangladesh', 2, 75.00, 1, '2019-04-09 00:24:29', '2020-11-11 00:49:20'),
(9, 'Madhukhali ', 'Bangladesh', 2, 75.00, 1, '2019-04-09 00:24:29', '2020-11-11 00:49:20'),
(10, 'Bhanga ', 'Bangladesh', 2, 75.00, 1, '2019-04-09 00:24:29', '2020-11-11 00:49:20'),
(11, 'Nagarkanda ', 'Bangladesh', 2, 75.00, 1, '2019-04-09 00:24:29', '2020-11-11 00:49:20'),
(12, 'Charbhadrasan ', 'Bangladesh', 2, 75.00, 1, '2019-04-09 00:24:29', '2020-11-11 00:49:20'),
(13, 'Sodarpur ', 'Bangladesh', 2, 75.00, 1, '2019-04-09 00:24:29', '2020-11-11 00:49:20'),
(14, 'Shaltha ', 'Bangladesh', 2, 75.00, 1, '2019-04-09 00:24:29', '2020-11-11 00:49:20'),
(15, 'Gazipur Sodar-Joydebpur', 'Bangladesh', 3, 75.00, 1, '2019-04-09 00:24:29', '2020-11-11 00:49:20'),
(16, 'Kaliakior', 'Bangladesh', 3, 75.00, 1, '2019-04-09 00:24:29', '2020-11-11 00:49:20'),
(17, 'Kapasia', 'Bangladesh', 3, 75.00, 1, '2019-04-09 00:24:29', '2020-11-11 00:49:20'),
(18, 'Sripur', 'Bangladesh', 3, 75.00, 1, '2019-04-09 00:24:29', '2020-11-11 00:49:20'),
(19, 'Kaliganj', 'Bangladesh', 3, 75.00, 1, '2019-04-09 00:24:29', '2020-11-11 00:49:20'),
(20, 'Tongi', 'Bangladesh', 3, 75.00, 1, '2019-04-09 00:24:29', '2020-11-11 00:49:20'),
(21, 'Gopalganj Sodar ', 'Bangladesh', 4, 75.00, 1, '2019-04-09 00:24:29', '2020-11-11 00:49:20'),
(22, 'Kashiani ', 'Bangladesh', 4, 75.00, 1, '2019-04-09 00:24:29', '2020-11-11 00:49:20'),
(23, 'Kotalipara ', 'Bangladesh', 4, 75.00, 1, '2019-04-09 00:24:29', '2020-11-11 00:49:20'),
(24, 'Muksudpur ', 'Bangladesh', 4, 75.00, 1, '2019-04-09 00:24:29', '2020-11-11 00:49:20'),
(25, 'Tungipara ', 'Bangladesh', 4, 75.00, 1, '2019-04-09 00:24:29', '2020-11-11 00:49:20'),
(26, 'Dewanganj ', 'Bangladesh', 5, 75.00, 1, '2019-04-09 00:24:29', '2020-11-11 00:49:20'),
(27, 'Baksiganj ', 'Bangladesh', 5, 75.00, 1, '2019-04-09 00:24:29', '2020-11-11 00:49:20'),
(28, 'Islampur ', 'Bangladesh', 5, 75.00, 1, '2019-04-09 00:24:29', '2020-11-11 00:49:20'),
(29, 'Jamalpur Sodar ', 'Bangladesh', 5, 75.00, 1, '2019-04-09 00:24:29', '2020-11-11 00:49:20'),
(30, 'Madarganj ', 'Bangladesh', 5, 75.00, 1, '2019-04-09 00:24:29', '2020-11-11 00:49:20'),
(31, 'Melandaha ', 'Bangladesh', 5, 75.00, 1, '2019-04-09 00:24:29', '2020-11-11 00:49:20'),
(32, 'Sarishabari ', 'Bangladesh', 5, 75.00, 1, '2019-04-09 00:24:29', '2020-11-11 00:49:20'),
(33, 'Narundi Police I.C', 'Bangladesh', 5, 75.00, 1, '2019-04-09 00:24:30', '2020-11-11 00:49:20'),
(34, 'Astagram ', 'Bangladesh', 6, 75.00, 1, '2019-04-09 00:24:30', '2020-11-11 00:49:20'),
(35, 'Bajitpur ', 'Bangladesh', 6, 75.00, 1, '2019-04-09 00:24:30', '2020-11-11 00:49:20'),
(36, 'Bhairab ', 'Bangladesh', 6, 75.00, 1, '2019-04-09 00:24:30', '2020-11-11 00:49:20'),
(37, 'Hossainpur ', 'Bangladesh', 6, 75.00, 1, '2019-04-09 00:24:30', '2020-11-11 00:49:20'),
(38, 'Itna ', 'Bangladesh', 6, 75.00, 1, '2019-04-09 00:24:30', '2020-11-11 00:49:20'),
(39, 'Karimganj ', 'Bangladesh', 6, 75.00, 1, '2019-04-09 00:24:30', '2020-11-11 00:49:20'),
(40, 'Katiadi ', 'Bangladesh', 6, 75.00, 1, '2019-04-09 00:24:30', '2020-11-11 00:49:20'),
(41, 'Kishoreganj Sodar ', 'Bangladesh', 6, 75.00, 1, '2019-04-09 00:24:30', '2020-11-11 00:49:20'),
(42, 'Kuliarchar ', 'Bangladesh', 6, 75.00, 1, '2019-04-09 00:24:30', '2020-11-11 00:49:20'),
(43, 'Mithamain ', 'Bangladesh', 6, 75.00, 1, '2019-04-09 00:24:30', '2020-11-11 00:49:20'),
(44, 'Nikli ', 'Bangladesh', 6, 75.00, 1, '2019-04-09 00:24:30', '2020-11-11 00:49:20'),
(45, 'Pakundia ', 'Bangladesh', 6, 75.00, 1, '2019-04-09 00:24:30', '2020-11-11 00:49:20'),
(46, 'Tarail ', 'Bangladesh', 6, 75.00, 1, '2019-04-09 00:24:30', '2020-11-11 00:49:20'),
(47, 'Madaripur Sodar', 'Bangladesh', 7, 75.00, 1, '2019-04-09 00:24:30', '2020-11-11 00:49:20'),
(48, 'Kalkini', 'Bangladesh', 7, 75.00, 1, '2019-04-09 00:24:30', '2020-11-11 00:49:20'),
(49, 'Rajoir', 'Bangladesh', 7, 75.00, 1, '2019-04-09 00:24:30', '2020-11-11 00:49:20'),
(50, 'Shibchar', 'Bangladesh', 7, 75.00, 1, '2019-04-09 00:24:30', '2020-11-11 00:49:20'),
(51, 'Manikganj Sodar ', 'Bangladesh', 8, 75.00, 1, '2019-04-09 00:24:30', '2020-11-11 00:49:20'),
(52, 'Singair ', 'Bangladesh', 8, 75.00, 1, '2019-04-09 00:24:30', '2020-11-11 00:49:20'),
(53, 'Shibalaya ', 'Bangladesh', 8, 75.00, 1, '2019-04-09 00:24:30', '2020-11-11 00:49:20'),
(54, 'Saturia ', 'Bangladesh', 8, 75.00, 1, '2019-04-09 00:24:31', '2020-11-11 00:49:20'),
(55, 'Harirampur ', 'Bangladesh', 8, 75.00, 1, '2019-04-09 00:24:31', '2020-11-11 00:49:20'),
(56, 'Ghior ', 'Bangladesh', 8, 75.00, 1, '2019-04-09 00:24:31', '2020-11-11 00:49:20'),
(57, 'Daulatpur ', 'Bangladesh', 8, 75.00, 1, '2019-04-09 00:24:31', '2020-11-11 00:49:20'),
(58, 'Lohajang ', 'Bangladesh', 9, 75.00, 1, '2019-04-09 00:24:31', '2020-11-11 00:49:20'),
(59, 'Sreenagar ', 'Bangladesh', 9, 75.00, 1, '2019-04-09 00:24:31', '2020-11-11 00:49:20'),
(60, 'Munshiganj Sodar ', 'Bangladesh', 9, 75.00, 1, '2019-04-09 00:24:31', '2020-11-11 00:49:20'),
(61, 'Sirajdikhan ', 'Bangladesh', 9, 75.00, 1, '2019-04-09 00:24:31', '2020-11-11 00:49:20'),
(62, 'Tongibari ', 'Bangladesh', 9, 75.00, 1, '2019-04-09 00:24:31', '2020-11-11 00:49:20'),
(63, 'Gazaria ', 'Bangladesh', 9, 75.00, 1, '2019-04-09 00:24:31', '2020-11-11 00:49:20'),
(64, 'Bhaluka', 'Bangladesh', 10, 75.00, 1, '2019-04-09 00:24:31', '2020-11-11 00:49:20'),
(65, 'Trishal', 'Bangladesh', 10, 75.00, 1, '2019-04-09 00:24:31', '2020-11-11 00:49:20'),
(66, 'Tarakanda', 'Bangladesh', 10, 75.00, 1, '2019-04-09 00:24:31', '2020-11-11 00:49:20'),
(67, 'Haluaghat', 'Bangladesh', 10, 75.00, 1, '2019-04-09 00:24:31', '2020-11-11 00:49:20'),
(68, 'Muktagachha', 'Bangladesh', 10, 75.00, 1, '2019-04-09 00:24:31', '2020-11-11 00:49:20'),
(69, 'Dhobaura', 'Bangladesh', 10, 75.00, 1, '2019-04-09 00:24:31', '2020-11-11 00:49:20'),
(70, 'Fulbaria', 'Bangladesh', 10, 75.00, 1, '2019-04-09 00:24:31', '2020-11-11 00:49:20'),
(71, 'Gaffargaon', 'Bangladesh', 10, 75.00, 1, '2019-04-09 00:24:31', '2020-11-11 00:49:20'),
(72, 'Gauripur', 'Bangladesh', 10, 75.00, 1, '2019-04-09 00:24:31', '2020-11-11 00:49:20'),
(73, 'Ishwarganj', 'Bangladesh', 10, 75.00, 1, '2019-04-09 00:24:31', '2020-11-11 00:49:20'),
(74, 'Mymensingh Sodar', 'Bangladesh', 10, 75.00, 1, '2019-04-09 00:24:31', '2020-11-11 00:49:20'),
(75, 'Nandail', 'Bangladesh', 10, 75.00, 1, '2019-04-09 00:24:31', '2020-11-11 00:49:20'),
(76, 'Phulpur', 'Bangladesh', 10, 75.00, 1, '2019-04-09 00:24:31', '2020-11-11 00:49:20'),
(77, 'Araihazar ', 'Bangladesh', 11, 75.00, 1, '2019-04-09 00:24:31', '2020-11-11 00:49:20'),
(78, 'Sonargaon ', 'Bangladesh', 11, 75.00, 1, '2019-04-09 00:24:31', '2020-11-11 00:49:20'),
(79, 'Bandar', 'Bangladesh', 11, 75.00, 1, '2019-04-09 00:24:31', '2020-11-11 00:49:20'),
(80, 'Naryanganj Sodar ', 'Bangladesh', 11, 75.00, 1, '2019-04-09 00:24:31', '2020-11-11 00:49:20'),
(81, 'Rupganj ', 'Bangladesh', 11, 75.00, 1, '2019-04-09 00:24:32', '2020-11-11 00:49:20'),
(82, 'Siddirgonj ', 'Bangladesh', 11, 75.00, 1, '2019-04-09 00:24:32', '2020-11-11 00:49:20'),
(83, 'Belabo ', 'Bangladesh', 12, 75.00, 1, '2019-04-09 00:24:32', '2020-11-11 00:49:20'),
(84, 'Monohardi ', 'Bangladesh', 12, 75.00, 1, '2019-04-09 00:24:32', '2020-11-11 00:49:20'),
(85, 'Narsingdi Sodar ', 'Bangladesh', 12, 75.00, 1, '2019-04-09 00:24:32', '2020-11-11 00:49:20'),
(86, 'Palash ', 'Bangladesh', 12, 75.00, 1, '2019-04-09 00:24:32', '2020-11-11 00:49:20'),
(87, 'Raipura , Narsingdi', 'Bangladesh', 12, 75.00, 1, '2019-04-09 00:24:32', '2020-11-11 00:49:20'),
(88, 'Shibpur ', 'Bangladesh', 12, 75.00, 1, '2019-04-09 00:24:32', '2020-11-11 00:49:20'),
(89, 'Kendua', 'Bangladesh', 13, 75.00, 1, '2019-04-09 00:24:32', '2020-11-11 00:49:20'),
(90, 'Atpara', 'Bangladesh', 13, 75.00, 1, '2019-04-09 00:24:32', '2020-11-11 00:49:20'),
(91, 'Barhatta', 'Bangladesh', 13, 75.00, 1, '2019-04-09 00:24:32', '2020-11-11 00:49:20'),
(92, 'Durgapur', 'Bangladesh', 13, 75.00, 1, '2019-04-09 00:24:32', '2020-11-11 00:49:20'),
(93, 'Kalmakanda', 'Bangladesh', 13, 75.00, 1, '2019-04-09 00:24:32', '2020-11-11 00:49:20'),
(94, 'Madan', 'Bangladesh', 13, 75.00, 1, '2019-04-09 00:24:32', '2020-11-11 00:49:20'),
(95, 'Mohanganj', 'Bangladesh', 13, 75.00, 1, '2019-04-09 00:24:32', '2020-11-11 00:49:20'),
(96, 'Netrakona-S', 'Bangladesh', 13, 75.00, 1, '2019-04-09 00:24:32', '2020-11-11 00:49:20'),
(97, 'Purbadhala', 'Bangladesh', 13, 75.00, 1, '2019-04-09 00:24:32', '2020-11-11 00:49:20'),
(98, 'Khaliajuri', 'Bangladesh', 13, 75.00, 1, '2019-04-09 00:24:32', '2020-11-11 00:49:20'),
(99, 'Baliakandi ', 'Bangladesh', 14, 75.00, 1, '2019-04-09 00:24:32', '2020-11-11 00:49:20'),
(100, 'Goalandaghat ', 'Bangladesh', 14, 75.00, 1, '2019-04-09 00:24:32', '2020-11-11 00:49:20'),
(101, 'Pangsha ', 'Bangladesh', 14, 75.00, 1, '2019-04-09 00:24:32', '2020-11-11 00:49:20'),
(102, 'Kalukhali ', 'Bangladesh', 14, 75.00, 1, '2019-04-09 00:24:32', '2020-11-11 00:49:20'),
(103, 'Rajbari Sodar ', 'Bangladesh', 14, 75.00, 1, '2019-04-09 00:24:32', '2020-11-11 00:49:20'),
(104, 'Shariatpur Sodar -Palong', 'Bangladesh', 15, 75.00, 1, '2019-04-09 00:24:32', '2020-11-11 00:49:20'),
(105, 'Damudya ', 'Bangladesh', 15, 75.00, 1, '2019-04-09 00:24:32', '2020-11-11 00:49:20'),
(106, 'Naria ', 'Bangladesh', 15, 75.00, 1, '2019-04-09 00:24:32', '2020-11-11 00:49:20'),
(107, 'Jajira ', 'Bangladesh', 15, 75.00, 1, '2019-04-09 00:24:32', '2020-11-11 00:49:20'),
(108, 'Bhedarganj ', 'Bangladesh', 15, 75.00, 1, '2019-04-09 00:24:32', '2020-11-11 00:49:20'),
(109, 'Gosairhat ', 'Bangladesh', 15, 75.00, 1, '2019-04-09 00:24:32', '2020-11-11 00:49:20'),
(110, 'Jhenaigati ', 'Bangladesh', 16, 75.00, 1, '2019-04-09 00:24:32', '2020-11-11 00:49:20'),
(111, 'Nakla ', 'Bangladesh', 16, 75.00, 1, '2019-04-09 00:24:33', '2020-11-11 00:49:20'),
(112, 'Nalitabari ', 'Bangladesh', 16, 75.00, 1, '2019-04-09 00:24:33', '2020-11-11 00:49:20'),
(113, 'Sherpur Sodar ', 'Bangladesh', 16, 75.00, 1, '2019-04-09 00:24:33', '2020-11-11 00:49:20'),
(114, 'Sreebardi ', 'Bangladesh', 16, 75.00, 1, '2019-04-09 00:24:33', '2020-11-11 00:49:20'),
(115, 'Tangail Sodar ', 'Bangladesh', 17, 75.00, 1, '2019-04-09 00:24:33', '2020-11-11 00:49:20'),
(116, 'Sakhipur ', 'Bangladesh', 17, 75.00, 1, '2019-04-09 00:24:33', '2020-11-11 00:49:20'),
(117, 'Basail ', 'Bangladesh', 17, 75.00, 1, '2019-04-09 00:24:33', '2020-11-11 00:49:20'),
(118, 'Madhupur ', 'Bangladesh', 17, 75.00, 1, '2019-04-09 00:24:33', '2020-11-11 00:49:20'),
(119, 'Ghatail ', 'Bangladesh', 17, 75.00, 1, '2019-04-09 00:24:33', '2020-11-11 00:49:20'),
(120, 'Kalihati ', 'Bangladesh', 17, 75.00, 1, '2019-04-09 00:24:33', '2020-11-11 00:49:20'),
(121, 'Nagarpur ', 'Bangladesh', 17, 75.00, 1, '2019-04-09 00:24:33', '2020-11-11 00:49:20'),
(122, 'Mirzapur ', 'Bangladesh', 17, 75.00, 1, '2019-04-09 00:24:33', '2020-11-11 00:49:20'),
(123, 'Gopalpur ', 'Bangladesh', 17, 75.00, 1, '2019-04-09 00:24:33', '2020-11-11 00:49:20'),
(124, 'Delduar ', 'Bangladesh', 17, 75.00, 1, '2019-04-09 00:24:33', '2020-11-11 00:49:20'),
(125, 'Bhuapur ', 'Bangladesh', 17, 75.00, 1, '2019-04-09 00:24:33', '2020-11-11 00:49:20'),
(126, 'Dhanbari ', 'Bangladesh', 17, 75.00, 1, '2019-04-09 00:24:33', '2020-11-11 00:49:20'),
(127, 'Adamdighi', 'Bangladesh', 18, 75.00, 1, '2019-04-09 00:24:33', '2020-11-11 00:49:20'),
(128, 'Bogra Sodar', 'Bangladesh', 18, 75.00, 1, '2019-04-09 00:24:33', '2020-11-11 00:49:20'),
(129, 'Sherpur', 'Bangladesh', 18, 75.00, 1, '2019-04-09 00:24:33', '2020-11-11 00:49:20'),
(130, 'Dhunat', 'Bangladesh', 18, 75.00, 1, '2019-04-09 00:24:33', '2020-11-11 00:49:20'),
(131, 'Dhupchanchia', 'Bangladesh', 18, 75.00, 1, '2019-04-09 00:24:33', '2020-11-11 00:49:20'),
(132, 'Gabtali', 'Bangladesh', 18, 75.00, 1, '2019-04-09 00:24:33', '2020-11-11 00:49:20'),
(133, 'Kahaloo', 'Bangladesh', 18, 75.00, 1, '2019-04-09 00:24:33', '2020-11-11 00:49:20'),
(134, 'Nandigram', 'Bangladesh', 18, 75.00, 1, '2019-04-09 00:24:33', '2020-11-11 00:49:20'),
(135, 'Sahajanpur', 'Bangladesh', 18, 75.00, 1, '2019-04-09 00:24:33', '2020-11-11 00:49:20'),
(136, 'Sariakandi', 'Bangladesh', 18, 75.00, 1, '2019-04-09 00:24:33', '2020-11-11 00:49:20'),
(137, 'Shibganj', 'Bangladesh', 18, 75.00, 1, '2019-04-09 00:24:33', '2020-11-11 00:49:20'),
(138, 'Sonatala', 'Bangladesh', 18, 75.00, 1, '2019-04-09 00:24:33', '2020-11-11 00:49:20'),
(139, 'Joypurhat S', 'Bangladesh', 19, 75.00, 1, '2019-04-09 00:24:33', '2020-11-11 00:49:20'),
(140, 'Akkelpur', 'Bangladesh', 19, 75.00, 1, '2019-04-09 00:24:33', '2020-11-11 00:49:20'),
(141, 'Kalai', 'Bangladesh', 19, 75.00, 1, '2019-04-09 00:24:33', '2020-11-11 00:49:20'),
(142, 'Khetlal', 'Bangladesh', 19, 75.00, 1, '2019-04-09 00:24:33', '2020-11-11 00:49:20'),
(143, 'Panchbibi', 'Bangladesh', 19, 75.00, 1, '2019-04-09 00:24:33', '2020-11-11 00:49:20'),
(144, 'Naogaon Sodar ', 'Bangladesh', 20, 75.00, 1, '2019-04-09 00:24:33', '2020-11-11 00:49:20'),
(145, 'Mohadevpur ', 'Bangladesh', 20, 75.00, 1, '2019-04-09 00:24:33', '2020-11-11 00:49:20'),
(146, 'Manda ', 'Bangladesh', 20, 75.00, 1, '2019-04-09 00:24:33', '2020-11-11 00:49:20'),
(147, 'Niamatpur ', 'Bangladesh', 20, 75.00, 1, '2019-04-09 00:24:33', '2020-11-11 00:49:20'),
(148, 'Atrai ', 'Bangladesh', 20, 75.00, 1, '2019-04-09 00:24:34', '2020-11-11 00:49:20'),
(149, 'Raninagar ', 'Bangladesh', 20, 75.00, 1, '2019-04-09 00:24:34', '2020-11-11 00:49:20'),
(150, 'Patnitala ', 'Bangladesh', 20, 75.00, 1, '2019-04-09 00:24:34', '2020-11-11 00:49:20'),
(151, 'Dhamoirhat ', 'Bangladesh', 20, 75.00, 1, '2019-04-09 00:24:34', '2020-11-11 00:49:20'),
(152, 'Sapahar ', 'Bangladesh', 20, 75.00, 1, '2019-04-09 00:24:34', '2020-11-11 00:49:20'),
(153, 'Porsha ', 'Bangladesh', 20, 75.00, 1, '2019-04-09 00:24:34', '2020-11-11 00:49:20'),
(154, 'Badalgachhi ', 'Bangladesh', 20, 75.00, 1, '2019-04-09 00:24:34', '2020-11-11 00:49:20'),
(155, 'Natore Sodar ', 'Bangladesh', 21, 75.00, 1, '2019-04-09 00:24:34', '2020-11-11 00:49:20'),
(156, 'Baraigram ', 'Bangladesh', 21, 75.00, 1, '2019-04-09 00:24:34', '2020-11-11 00:49:20'),
(157, 'Bagatipara ', 'Bangladesh', 21, 75.00, 1, '2019-04-09 00:24:34', '2020-11-11 00:49:20'),
(158, 'Lalpur ', 'Bangladesh', 21, 75.00, 1, '2019-04-09 00:24:34', '2020-11-11 00:49:20'),
(159, 'Natore Sodar ', 'Bangladesh', 21, 75.00, 1, '2019-04-09 00:24:34', '2020-11-11 00:49:20'),
(160, 'Baraigram ', 'Bangladesh', 21, 75.00, 1, '2019-04-09 00:24:34', '2020-11-11 00:49:20'),
(161, 'Bholahat ', 'Bangladesh', 22, 75.00, 1, '2019-04-09 00:24:34', '2020-11-11 00:49:20'),
(162, 'Gomastapur ', 'Bangladesh', 22, 75.00, 1, '2019-04-09 00:24:34', '2020-11-11 00:49:20'),
(163, 'Nachole ', 'Bangladesh', 22, 75.00, 1, '2019-04-09 00:24:34', '2020-11-11 00:49:20'),
(164, 'Nawabganj Sodar ', 'Bangladesh', 22, 75.00, 1, '2019-04-09 00:24:34', '2020-11-11 00:49:20'),
(165, 'Shibganj ', 'Bangladesh', 22, 75.00, 1, '2019-04-09 00:24:34', '2020-11-11 00:49:20'),
(166, 'Atgharia ', 'Bangladesh', 23, 75.00, 1, '2019-04-09 00:24:34', '2020-11-11 00:49:20'),
(167, 'Bera ', 'Bangladesh', 23, 75.00, 1, '2019-04-09 00:24:35', '2020-11-11 00:49:20'),
(168, 'Bhangura ', 'Bangladesh', 23, 75.00, 1, '2019-04-09 00:24:35', '2020-11-11 00:49:20'),
(169, 'Chatmohar ', 'Bangladesh', 23, 75.00, 1, '2019-04-09 00:24:35', '2020-11-11 00:49:20'),
(170, 'Faridpur ', 'Bangladesh', 23, 75.00, 1, '2019-04-09 00:24:35', '2020-11-11 00:49:20'),
(171, 'Ishwardi ', 'Bangladesh', 23, 75.00, 1, '2019-04-09 00:24:35', '2020-11-11 00:49:20'),
(172, 'Pabna Sodar ', 'Bangladesh', 23, 75.00, 1, '2019-04-09 00:24:35', '2020-11-11 00:49:20'),
(173, 'Santhia ', 'Bangladesh', 23, 75.00, 1, '2019-04-09 00:24:35', '2020-11-11 00:49:20'),
(174, 'Sujanagar ', 'Bangladesh', 23, 75.00, 1, '2019-04-09 00:24:35', '2020-11-11 00:49:20'),
(175, 'Bagha', 'Bangladesh', 24, 75.00, 1, '2019-04-09 00:24:35', '2020-11-11 00:49:20'),
(176, 'Bagmara', 'Bangladesh', 24, 75.00, 1, '2019-04-09 00:24:35', '2020-11-11 00:49:20'),
(177, 'Charghat', 'Bangladesh', 24, 75.00, 1, '2019-04-09 00:24:35', '2020-11-11 00:49:20'),
(178, 'Durgapur', 'Bangladesh', 24, 75.00, 1, '2019-04-09 00:24:35', '2020-11-11 00:49:20'),
(179, 'Godagari', 'Bangladesh', 24, 75.00, 1, '2019-04-09 00:24:35', '2020-11-11 00:49:20'),
(180, 'Mohanpur', 'Bangladesh', 24, 75.00, 1, '2019-04-09 00:24:35', '2020-11-11 00:49:20'),
(181, 'Paba', 'Bangladesh', 24, 75.00, 1, '2019-04-09 00:24:35', '2020-11-11 00:49:20'),
(182, 'Puthia', 'Bangladesh', 24, 75.00, 1, '2019-04-09 00:24:35', '2020-11-11 00:49:20'),
(183, 'Tanore', 'Bangladesh', 24, 75.00, 1, '2019-04-09 00:24:35', '2020-11-11 00:49:20'),
(184, 'Sirajganj Sodar ', 'Bangladesh', 25, 75.00, 1, '2019-04-09 00:24:35', '2020-11-11 00:49:20'),
(185, 'Belkuchi ', 'Bangladesh', 25, 75.00, 1, '2019-04-09 00:24:35', '2020-11-11 00:49:20'),
(186, 'Chauhali ', 'Bangladesh', 25, 75.00, 1, '2019-04-09 00:24:35', '2020-11-11 00:49:20'),
(187, 'Kamarkhanda ', 'Bangladesh', 25, 75.00, 1, '2019-04-09 00:24:35', '2020-11-11 00:49:20'),
(188, 'Kazipur ', 'Bangladesh', 25, 75.00, 1, '2019-04-09 00:24:35', '2020-11-11 00:49:20'),
(189, 'Raiganj ', 'Bangladesh', 25, 75.00, 1, '2019-04-09 00:24:35', '2020-11-11 00:49:20'),
(190, 'Shahjadpur ', 'Bangladesh', 25, 75.00, 1, '2019-04-09 00:24:35', '2020-11-11 00:49:20'),
(191, 'Tarash ', 'Bangladesh', 25, 75.00, 1, '2019-04-09 00:24:35', '2020-11-11 00:49:20'),
(192, 'Ullahpara ', 'Bangladesh', 25, 75.00, 1, '2019-04-09 00:24:35', '2020-11-11 00:49:20'),
(193, 'Birampur ', 'Bangladesh', 26, 75.00, 1, '2019-04-09 00:24:36', '2020-11-11 00:49:20'),
(194, 'Birganj', 'Bangladesh', 26, 75.00, 1, '2019-04-09 00:24:36', '2020-11-11 00:49:20'),
(195, 'Biral ', 'Bangladesh', 26, 75.00, 1, '2019-04-09 00:24:36', '2020-11-11 00:49:20'),
(196, 'Bochaganj ', 'Bangladesh', 26, 75.00, 1, '2019-04-09 00:24:36', '2020-11-11 00:49:20'),
(197, 'Chirirbandar ', 'Bangladesh', 26, 75.00, 1, '2019-04-09 00:24:36', '2020-11-11 00:49:20'),
(198, 'Phulbari ', 'Bangladesh', 26, 75.00, 1, '2019-04-09 00:24:36', '2020-11-11 00:49:20'),
(199, 'Ghoraghat ', 'Bangladesh', 26, 75.00, 1, '2019-04-09 00:24:36', '2020-11-11 00:49:20'),
(200, 'Hakimpur ', 'Bangladesh', 26, 75.00, 1, '2019-04-09 00:24:36', '2020-11-11 00:49:20'),
(201, 'Kaharole ', 'Bangladesh', 26, 75.00, 1, '2019-04-09 00:24:36', '2020-11-11 00:49:20'),
(202, 'Khansama ', 'Bangladesh', 26, 75.00, 1, '2019-04-09 00:24:36', '2020-11-11 00:49:20'),
(203, 'Dinajpur Sodar ', 'Bangladesh', 26, 75.00, 1, '2019-04-09 00:24:36', '2020-11-11 00:49:20'),
(204, 'Nawabganj', 'Bangladesh', 26, 75.00, 1, '2019-04-09 00:24:36', '2020-11-11 00:49:20'),
(205, 'Parbatipur ', 'Bangladesh', 26, 75.00, 1, '2019-04-09 00:24:36', '2020-11-11 00:49:20'),
(206, 'Fulchhari', 'Bangladesh', 27, 75.00, 1, '2019-04-09 00:24:36', '2020-11-11 00:49:20'),
(207, 'Gaibandha Sodar', 'Bangladesh', 27, 75.00, 1, '2019-04-09 00:24:36', '2020-11-11 00:49:20'),
(208, 'Gobindaganj', 'Bangladesh', 27, 75.00, 1, '2019-04-09 00:24:36', '2020-11-11 00:49:20'),
(209, 'Palashbari', 'Bangladesh', 27, 75.00, 1, '2019-04-09 00:24:36', '2020-11-11 00:49:20'),
(210, 'Sadullapur', 'Bangladesh', 27, 75.00, 1, '2019-04-09 00:24:36', '2020-11-11 00:49:20'),
(211, 'Saghata', 'Bangladesh', 27, 75.00, 1, '2019-04-09 00:24:36', '2020-11-11 00:49:20'),
(212, 'Sundarganj', 'Bangladesh', 27, 75.00, 1, '2019-04-09 00:24:36', '2020-11-11 00:49:20'),
(213, 'Kurigram Sodar', 'Bangladesh', 28, 75.00, 1, '2019-04-09 00:24:36', '2020-11-11 00:49:20'),
(214, 'Nageshwari', 'Bangladesh', 28, 75.00, 1, '2019-04-09 00:24:36', '2020-11-11 00:49:20'),
(215, 'Bhurungamari', 'Bangladesh', 28, 75.00, 1, '2019-04-09 00:24:36', '2020-11-11 00:49:20'),
(216, 'Phulbari', 'Bangladesh', 28, 75.00, 1, '2019-04-09 00:24:36', '2020-11-11 00:49:20'),
(217, 'Rajarhat', 'Bangladesh', 28, 75.00, 1, '2019-04-09 00:24:36', '2020-11-11 00:49:20'),
(218, 'Ulipur', 'Bangladesh', 28, 75.00, 1, '2019-04-09 00:24:36', '2020-11-11 00:49:20'),
(219, 'Chilmari', 'Bangladesh', 28, 75.00, 1, '2019-04-09 00:24:36', '2020-11-11 00:49:20'),
(220, 'Rowmari', 'Bangladesh', 28, 75.00, 1, '2019-04-09 00:24:36', '2020-11-11 00:49:20'),
(221, 'Char Rajibpur', 'Bangladesh', 28, 75.00, 1, '2019-04-09 00:24:36', '2020-11-11 00:49:20'),
(222, 'Lalmanirhat Sodar', 'Bangladesh', 29, 75.00, 1, '2019-04-09 00:24:36', '2020-11-11 00:49:20'),
(223, 'Aditmari', 'Bangladesh', 29, 75.00, 1, '2019-04-09 00:24:36', '2020-11-11 00:49:20'),
(224, 'Kaliganj', 'Bangladesh', 29, 75.00, 1, '2019-04-09 00:24:36', '2020-11-11 00:49:20'),
(225, 'Hatibandha', 'Bangladesh', 29, 75.00, 1, '2019-04-09 00:24:37', '2020-11-11 00:49:20'),
(226, 'Patgram', 'Bangladesh', 29, 75.00, 1, '2019-04-09 00:24:37', '2020-11-11 00:49:20'),
(227, 'Nilphamari Sodar', 'Bangladesh', 30, 75.00, 1, '2019-04-09 00:24:37', '2020-11-11 00:49:20'),
(228, 'Saidpur', 'Bangladesh', 30, 75.00, 1, '2019-04-09 00:24:37', '2020-11-11 00:49:20'),
(229, 'Jaldhaka', 'Bangladesh', 30, 75.00, 1, '2019-04-09 00:24:37', '2020-11-11 00:49:20'),
(230, 'Kishoreganj', 'Bangladesh', 30, 75.00, 1, '2019-04-09 00:24:37', '2020-11-11 00:49:20'),
(231, 'Domar', 'Bangladesh', 30, 75.00, 1, '2019-04-09 00:24:37', '2020-11-11 00:49:20'),
(232, 'Dimla', 'Bangladesh', 30, 75.00, 1, '2019-04-09 00:24:37', '2020-11-11 00:49:20'),
(233, 'Panchagarh Sodar', 'Bangladesh', 31, 75.00, 1, '2019-04-09 00:24:37', '2020-11-11 00:49:20'),
(234, 'Debiganj', 'Bangladesh', 31, 75.00, 1, '2019-04-09 00:24:37', '2020-11-11 00:49:20'),
(235, 'Boda', 'Bangladesh', 31, 75.00, 1, '2019-04-09 00:24:37', '2020-11-11 00:49:20'),
(236, 'Atwari', 'Bangladesh', 31, 75.00, 1, '2019-04-09 00:24:37', '2020-11-11 00:49:20'),
(237, 'Tetulia', 'Bangladesh', 31, 75.00, 1, '2019-04-09 00:24:37', '2020-11-11 00:49:20'),
(238, 'Badarganj', 'Bangladesh', 32, 75.00, 1, '2019-04-09 00:24:37', '2020-11-11 00:49:20'),
(239, 'Mithapukur', 'Bangladesh', 32, 75.00, 1, '2019-04-09 00:24:37', '2020-11-11 00:49:20'),
(240, 'Gangachara', 'Bangladesh', 32, 75.00, 1, '2019-04-09 00:24:37', '2020-11-11 00:49:20'),
(241, 'Kaunia', 'Bangladesh', 32, 75.00, 1, '2019-04-09 00:24:37', '2020-11-11 00:49:20'),
(242, 'Rangpur Sodar', 'Bangladesh', 32, 75.00, 1, '2019-04-09 00:24:37', '2020-11-11 00:49:20'),
(243, 'Pirgachha', 'Bangladesh', 32, 75.00, 1, '2019-04-09 00:24:37', '2020-11-11 00:49:20'),
(244, 'Pirganj', 'Bangladesh', 32, 75.00, 1, '2019-04-09 00:24:37', '2020-11-11 00:49:20'),
(245, 'Taraganj', 'Bangladesh', 32, 75.00, 1, '2019-04-09 00:24:37', '2020-11-11 00:49:20'),
(246, 'Thakurgaon Sodar ', 'Bangladesh', 33, 75.00, 1, '2019-04-09 00:24:37', '2020-11-11 00:49:20'),
(247, 'Pirganj ', 'Bangladesh', 33, 75.00, 1, '2019-04-09 00:24:37', '2020-11-11 00:49:20'),
(248, 'Baliadangi ', 'Bangladesh', 33, 75.00, 1, '2019-04-09 00:24:37', '2020-11-11 00:49:20'),
(249, 'Haripur ', 'Bangladesh', 33, 75.00, 1, '2019-04-09 00:24:37', '2020-11-11 00:49:20'),
(250, 'Ranisankail ', 'Bangladesh', 33, 75.00, 1, '2019-04-09 00:24:37', '2020-11-11 00:49:20'),
(251, 'Amtali', 'Bangladesh', 34, 75.00, 1, '2019-04-09 00:24:37', '2020-11-11 00:49:20'),
(252, 'Bamna ', 'Bangladesh', 34, 75.00, 1, '2019-04-09 00:24:37', '2020-11-11 00:49:20'),
(253, 'Barguna Sodar ', 'Bangladesh', 34, 75.00, 1, '2019-04-09 00:24:38', '2020-11-11 00:49:20'),
(254, 'Betagi ', 'Bangladesh', 34, 75.00, 1, '2019-04-09 00:24:38', '2020-11-11 00:49:20'),
(255, 'Patharghata ', 'Bangladesh', 34, 75.00, 1, '2019-04-09 00:24:38', '2020-11-11 00:49:20'),
(256, 'Taltali ', 'Bangladesh', 34, 75.00, 1, '2019-04-09 00:24:38', '2020-11-11 00:49:20'),
(257, 'Muladi ', 'Bangladesh', 35, 75.00, 1, '2019-04-09 00:24:38', '2020-11-11 00:49:20'),
(258, 'Babuganj ', 'Bangladesh', 35, 75.00, 1, '2019-04-09 00:24:38', '2020-11-11 00:49:20'),
(259, 'Agailjhara ', 'Bangladesh', 35, 75.00, 1, '2019-04-09 00:24:38', '2020-11-11 00:49:20'),
(260, 'Barisal Sodar ', 'Bangladesh', 35, 75.00, 1, '2019-04-09 00:24:38', '2020-11-11 00:49:20'),
(261, 'Bakerganj ', 'Bangladesh', 35, 75.00, 1, '2019-04-09 00:24:38', '2020-11-11 00:49:20'),
(262, 'Banaripara ', 'Bangladesh', 35, 75.00, 1, '2019-04-09 00:24:38', '2020-11-11 00:49:20'),
(263, 'Gaurnadi ', 'Bangladesh', 35, 75.00, 1, '2019-04-09 00:24:38', '2020-11-11 00:49:20'),
(264, 'Hizla ', 'Bangladesh', 35, 75.00, 1, '2019-04-09 00:24:38', '2020-11-11 00:49:20'),
(265, 'Mehendiganj ', 'Bangladesh', 35, 75.00, 1, '2019-04-09 00:24:38', '2020-11-11 00:49:20'),
(266, 'Wazirpur ', 'Bangladesh', 35, 75.00, 1, '2019-04-09 00:24:38', '2020-11-11 00:49:20'),
(267, 'Bhola Sodar ', 'Bangladesh', 36, 75.00, 1, '2019-04-09 00:24:38', '2020-11-11 00:49:20'),
(268, 'Burhanuddin ', 'Bangladesh', 36, 75.00, 1, '2019-04-09 00:24:38', '2020-11-11 00:49:20'),
(269, 'Char Fasson ', 'Bangladesh', 36, 75.00, 1, '2019-04-09 00:24:38', '2020-11-11 00:49:20'),
(270, 'Daulatkhan ', 'Bangladesh', 36, 75.00, 1, '2019-04-09 00:24:38', '2020-11-11 00:49:20'),
(271, 'Lalmohan ', 'Bangladesh', 36, 75.00, 1, '2019-04-09 00:24:38', '2020-11-11 00:49:20'),
(272, 'Manpura ', 'Bangladesh', 36, 75.00, 1, '2019-04-09 00:24:38', '2020-11-11 00:49:20'),
(273, 'Tazumuddin ', 'Bangladesh', 36, 75.00, 1, '2019-04-09 00:24:38', '2020-11-11 00:49:20'),
(274, 'Jhalokati Sodar ', 'Bangladesh', 37, 75.00, 1, '2019-04-09 00:24:38', '2020-11-11 00:49:20'),
(275, 'Kathalia ', 'Bangladesh', 37, 75.00, 1, '2019-04-09 00:24:38', '2020-11-11 00:49:20'),
(276, 'Nalchity ', 'Bangladesh', 37, 75.00, 1, '2019-04-09 00:24:38', '2020-11-11 00:49:20'),
(277, 'Rajapur ', 'Bangladesh', 37, 75.00, 1, '2019-04-09 00:24:38', '2020-11-11 00:49:20'),
(278, 'Bauphal ', 'Bangladesh', 38, 75.00, 1, '2019-04-09 00:24:38', '2020-11-11 00:49:20'),
(279, 'Dashmina ', 'Bangladesh', 38, 75.00, 1, '2019-04-09 00:24:38', '2020-11-11 00:49:20'),
(280, 'Galachipa ', 'Bangladesh', 38, 75.00, 1, '2019-04-09 00:24:38', '2020-11-11 00:49:20'),
(281, 'Kalapara ', 'Bangladesh', 38, 75.00, 1, '2019-04-09 00:24:38', '2020-11-11 00:49:20'),
(282, 'Mirzaganj ', 'Bangladesh', 38, 75.00, 1, '2019-04-09 00:24:38', '2020-11-11 00:49:20'),
(283, 'Patuakhali Sodar ', 'Bangladesh', 38, 75.00, 1, '2019-04-09 00:24:38', '2020-11-11 00:49:20'),
(284, 'Dumki ', 'Bangladesh', 38, 75.00, 1, '2019-04-09 00:24:38', '2020-11-11 00:49:20'),
(285, 'Rangabali ', 'Bangladesh', 38, 75.00, 1, '2019-04-09 00:24:38', '2020-11-11 00:49:20'),
(286, 'Bhandaria', 'Bangladesh', 39, 75.00, 1, '2019-04-09 00:24:38', '2020-11-11 00:49:20'),
(287, 'Kaukhali', 'Bangladesh', 39, 75.00, 1, '2019-04-09 00:24:38', '2020-11-11 00:49:20'),
(288, 'Mathbaria', 'Bangladesh', 39, 75.00, 1, '2019-04-09 00:24:39', '2020-11-11 00:49:20'),
(289, 'Nazirpur', 'Bangladesh', 39, 75.00, 1, '2019-04-09 00:24:39', '2020-11-11 00:49:20'),
(290, 'Nesarabad', 'Bangladesh', 39, 75.00, 1, '2019-04-09 00:24:39', '2020-11-11 00:49:20'),
(291, 'Pirojpur Sodar', 'Bangladesh', 39, 75.00, 1, '2019-04-09 00:24:39', '2020-11-11 00:49:20'),
(292, 'Zianagar', 'Bangladesh', 39, 75.00, 1, '2019-04-09 00:24:39', '2020-11-11 00:49:20'),
(293, 'Bandarban Sodar', 'Bangladesh', 40, 75.00, 1, '2019-04-09 00:24:39', '2020-11-11 00:49:20'),
(294, 'Thanchi', 'Bangladesh', 40, 75.00, 1, '2019-04-09 00:24:39', '2020-11-11 00:49:20'),
(295, 'Lama', 'Bangladesh', 40, 75.00, 1, '2019-04-09 00:24:39', '2020-11-11 00:49:20'),
(296, 'Naikhongchhari', 'Bangladesh', 40, 75.00, 1, '2019-04-09 00:24:39', '2020-11-11 00:49:20'),
(297, 'Ali kadam', 'Bangladesh', 40, 75.00, 1, '2019-04-09 00:24:39', '2020-11-11 00:49:20'),
(298, 'Rowangchhari', 'Bangladesh', 40, 75.00, 1, '2019-04-09 00:24:39', '2020-11-11 00:49:20'),
(299, 'Ruma', 'Bangladesh', 40, 75.00, 1, '2019-04-09 00:24:39', '2020-11-11 00:49:20'),
(300, 'Brahmanbaria Sodar ', 'Bangladesh', 41, 75.00, 1, '2019-04-09 00:24:39', '2020-11-11 00:49:20'),
(301, 'Ashuganj ', 'Bangladesh', 41, 75.00, 1, '2019-04-09 00:24:39', '2020-11-11 00:49:20'),
(302, 'Nasirnagar ', 'Bangladesh', 41, 75.00, 1, '2019-04-09 00:24:39', '2020-11-11 00:49:20'),
(303, 'Nabinagar ', 'Bangladesh', 41, 75.00, 1, '2019-04-09 00:24:39', '2020-11-11 00:49:20'),
(304, 'Sarail ', 'Bangladesh', 41, 75.00, 1, '2019-04-09 00:24:39', '2020-11-11 00:49:20'),
(305, 'Shahbazpur Town', 'Bangladesh', 41, 75.00, 1, '2019-04-09 00:24:39', '2020-11-11 00:49:20'),
(306, 'Kasba ', 'Bangladesh', 41, 75.00, 1, '2019-04-09 00:24:39', '2020-11-11 00:49:20'),
(307, 'Akhaura ', 'Bangladesh', 41, 75.00, 1, '2019-04-09 00:24:39', '2020-11-11 00:49:20'),
(308, 'Bancharampur ', 'Bangladesh', 41, 75.00, 1, '2019-04-09 00:24:39', '2020-11-11 00:49:20'),
(309, 'Bijoynagar ', 'Bangladesh', 41, 75.00, 1, '2019-04-09 00:24:39', '2020-11-11 00:49:20'),
(310, 'Chandpur Sodar', 'Bangladesh', 42, 75.00, 1, '2019-04-09 00:24:39', '2020-11-11 00:49:20'),
(311, 'Faridganj', 'Bangladesh', 42, 75.00, 1, '2019-04-09 00:24:39', '2020-11-11 00:49:20'),
(312, 'Haimchar', 'Bangladesh', 42, 75.00, 1, '2019-04-09 00:24:39', '2020-11-11 00:49:20'),
(313, 'Haziganj', 'Bangladesh', 42, 75.00, 1, '2019-04-09 00:24:39', '2020-11-11 00:49:20'),
(314, 'Kachua', 'Bangladesh', 42, 75.00, 1, '2019-04-09 00:24:40', '2020-11-11 00:49:20'),
(315, 'Matlab Uttar', 'Bangladesh', 42, 75.00, 1, '2019-04-09 00:24:40', '2020-11-11 00:49:20'),
(316, 'Matlab Dakkhin', 'Bangladesh', 42, 75.00, 1, '2019-04-09 00:24:40', '2020-11-11 00:49:20'),
(317, 'Shahrasti', 'Bangladesh', 42, 75.00, 1, '2019-04-09 00:24:40', '2020-11-11 00:49:20'),
(318, 'Anwara ', 'Bangladesh', 43, 75.00, 1, '2019-04-09 00:24:40', '2020-11-11 00:49:20'),
(319, 'Banshkhali ', 'Bangladesh', 43, 75.00, 1, '2019-04-09 00:24:40', '2020-11-11 00:49:20'),
(320, 'Boalkhali ', 'Bangladesh', 43, 75.00, 1, '2019-04-09 00:24:40', '2020-11-11 00:49:20'),
(321, 'Chandanaish ', 'Bangladesh', 43, 75.00, 1, '2019-04-09 00:24:40', '2020-11-11 00:49:20'),
(322, 'Fatikchhari ', 'Bangladesh', 43, 75.00, 1, '2019-04-09 00:24:40', '2020-11-11 00:49:20'),
(323, 'Hathazari ', 'Bangladesh', 43, 75.00, 1, '2019-04-09 00:24:40', '2020-11-11 00:49:20'),
(324, 'Lohagara ', 'Bangladesh', 43, 75.00, 1, '2019-04-09 00:24:40', '2020-11-11 00:49:20'),
(325, 'Mirsharai ', 'Bangladesh', 43, 75.00, 1, '2019-04-09 00:24:40', '2020-11-11 00:49:20'),
(326, 'Patiya ', 'Bangladesh', 43, 75.00, 1, '2019-04-09 00:24:40', '2020-11-11 00:49:20'),
(327, 'Rangunia ', 'Bangladesh', 43, 75.00, 1, '2019-04-09 00:24:40', '2020-11-11 00:49:20'),
(328, 'Raozan ', 'Bangladesh', 43, 75.00, 1, '2019-04-09 00:24:40', '2020-11-11 00:49:20'),
(329, 'Sandwip ', 'Bangladesh', 43, 75.00, 1, '2019-04-09 00:24:40', '2020-11-11 00:49:20'),
(330, 'Satkania ', 'Bangladesh', 43, 75.00, 1, '2019-04-09 00:24:40', '2020-11-11 00:49:20'),
(331, 'Sitakunda ', 'Bangladesh', 43, 75.00, 1, '2019-04-09 00:24:40', '2020-11-11 00:49:20'),
(332, 'Barura ', 'Bangladesh', 44, 75.00, 1, '2019-04-09 00:24:40', '2020-11-11 00:49:20'),
(333, 'Brahmanpara ', 'Bangladesh', 44, 75.00, 1, '2019-04-09 00:24:40', '2020-11-11 00:49:20'),
(334, 'Burichong ', 'Bangladesh', 44, 75.00, 1, '2019-04-09 00:24:40', '2020-11-11 00:49:20'),
(335, 'Chandina ', 'Bangladesh', 44, 75.00, 1, '2019-04-09 00:24:40', '2020-11-11 00:49:20'),
(336, 'Chauddagram ', 'Bangladesh', 44, 75.00, 1, '2019-04-09 00:24:40', '2020-11-11 00:49:20'),
(337, 'Daudkandi ', 'Bangladesh', 44, 75.00, 1, '2019-04-09 00:24:40', '2020-11-11 00:49:20'),
(338, 'Debidwar ', 'Bangladesh', 44, 75.00, 1, '2019-04-09 00:24:40', '2020-11-11 00:49:20'),
(339, 'Homna ', 'Bangladesh', 44, 75.00, 1, '2019-04-09 00:24:40', '2020-11-11 00:49:20'),
(340, 'Comilla Sodar ', 'Bangladesh', 44, 75.00, 1, '2019-04-09 00:24:40', '2020-11-11 00:49:20'),
(341, 'Laksam ', 'Bangladesh', 44, 75.00, 1, '2019-04-09 00:24:40', '2020-11-11 00:49:20'),
(342, 'Monohorgonj ', 'Bangladesh', 44, 75.00, 1, '2019-04-09 00:24:40', '2020-11-11 00:49:20'),
(343, 'Meghna ', 'Bangladesh', 44, 75.00, 1, '2019-04-09 00:24:40', '2020-11-11 00:49:20'),
(344, 'Muradnagar ', 'Bangladesh', 44, 75.00, 1, '2019-04-09 00:24:40', '2020-11-11 00:49:20'),
(345, 'Nangalkot ', 'Bangladesh', 44, 75.00, 1, '2019-04-09 00:24:40', '2020-11-11 00:49:20'),
(346, 'Comilla Sodar South ', 'Bangladesh', 44, 75.00, 1, '2019-04-09 00:24:40', '2020-11-11 00:49:20'),
(347, 'Titas ', 'Bangladesh', 44, 75.00, 1, '2019-04-09 00:24:40', '2020-11-11 00:49:20'),
(348, 'Chakaria', 'Bangladesh', 45, 75.00, 1, '2019-04-09 00:24:40', '2020-11-11 00:49:20'),
(349, 'Coxs Bazar Sodar', 'Bangladesh', 45, 75.00, 1, '2019-04-09 00:24:40', '2020-11-11 00:49:20'),
(350, 'Kutubdia', 'Bangladesh', 45, 75.00, 1, '2019-04-09 00:24:40', '2020-11-11 00:49:20'),
(351, 'Maheshkhali', 'Bangladesh', 45, 75.00, 1, '2019-04-09 00:24:41', '2020-11-11 00:49:20'),
(352, 'Ramu', 'Bangladesh', 45, 75.00, 1, '2019-04-09 00:24:41', '2020-11-11 00:49:20'),
(353, 'Teknaf', 'Bangladesh', 45, 75.00, 1, '2019-04-09 00:24:41', '2020-11-11 00:49:20'),
(354, 'Ukhia', 'Bangladesh', 45, 75.00, 1, '2019-04-09 00:24:41', '2020-11-11 00:49:20'),
(355, 'Pekua', 'Bangladesh', 45, 75.00, 1, '2019-04-09 00:24:41', '2020-11-11 00:49:20'),
(356, 'Feni Sodar', 'Bangladesh', 46, 75.00, 1, '2019-04-09 00:24:41', '2020-11-11 00:49:20'),
(357, 'Chagalnaiya', 'Bangladesh', 46, 75.00, 1, '2019-04-09 00:24:41', '2020-11-11 00:49:20'),
(358, 'Daganbhyan', 'Bangladesh', 46, 75.00, 1, '2019-04-09 00:24:41', '2020-11-11 00:49:20'),
(359, 'Parshuram', 'Bangladesh', 46, 75.00, 1, '2019-04-09 00:24:41', '2020-11-11 00:49:20'),
(360, 'Fhulgazi', 'Bangladesh', 46, 75.00, 1, '2019-04-09 00:24:41', '2020-11-11 00:49:20'),
(361, 'Sonagazi', 'Bangladesh', 46, 75.00, 1, '2019-04-09 00:24:41', '2020-11-11 00:49:20'),
(362, 'Dighinala', 'Bangladesh', 47, 75.00, 1, '2019-04-09 00:24:41', '2020-11-11 00:49:20'),
(363, 'Khagrachhari', 'Bangladesh', 47, 75.00, 1, '2019-04-09 00:24:41', '2020-11-11 00:49:20'),
(364, 'Lakshmichhari', 'Bangladesh', 47, 75.00, 1, '2019-04-09 00:24:41', '2020-11-11 00:49:20'),
(365, 'Mahalchhari', 'Bangladesh', 47, 75.00, 1, '2019-04-09 00:24:41', '2020-11-11 00:49:20'),
(366, 'Manikchhari', 'Bangladesh', 47, 75.00, 1, '2019-04-09 00:24:41', '2020-11-11 00:49:20'),
(367, 'Matiranga', 'Bangladesh', 47, 75.00, 1, '2019-04-09 00:24:41', '2020-11-11 00:49:20'),
(368, 'Panchhari', 'Bangladesh', 47, 75.00, 1, '2019-04-09 00:24:41', '2020-11-11 00:49:20'),
(369, 'Ramgarh', 'Bangladesh', 47, 75.00, 1, '2019-04-09 00:24:41', '2020-11-11 00:49:20'),
(370, 'Lakshmipur Sodar', 'Bangladesh', 48, 75.00, 1, '2019-04-09 00:24:41', '2020-11-11 00:49:20'),
(371, 'Raipur', 'Bangladesh', 48, 75.00, 1, '2019-04-09 00:24:41', '2020-11-11 00:49:20'),
(372, 'Ramganj', 'Bangladesh', 48, 75.00, 1, '2019-04-09 00:24:41', '2020-11-11 00:49:20'),
(373, 'Ramgati', 'Bangladesh', 48, 75.00, 1, '2019-04-09 00:24:41', '2020-11-11 00:49:20'),
(374, 'Komol Nagar', 'Bangladesh', 48, 75.00, 1, '2019-04-09 00:24:41', '2020-11-11 00:49:20'),
(375, 'Noakhali Sodar', 'Bangladesh', 49, 75.00, 1, '2019-04-09 00:24:41', '2020-11-11 00:49:20'),
(376, 'Begumganj', 'Bangladesh', 49, 75.00, 1, '2019-04-09 00:24:41', '2020-11-11 00:49:20'),
(377, 'Chatkhil', 'Bangladesh', 49, 75.00, 1, '2019-04-09 00:24:41', '2020-11-11 00:49:20'),
(378, 'Companyganj', 'Bangladesh', 49, 75.00, 1, '2019-04-09 00:24:41', '2020-11-11 00:49:20'),
(379, 'Shenbag', 'Bangladesh', 49, 75.00, 1, '2019-04-09 00:24:41', '2020-11-11 00:49:20'),
(380, 'Hatia', 'Bangladesh', 49, 75.00, 1, '2019-04-09 00:24:41', '2020-11-11 00:49:20'),
(381, 'Kobirhat', 'Bangladesh', 49, 75.00, 1, '2019-04-09 00:24:41', '2020-11-11 00:49:20'),
(382, 'Sonaimuri', 'Bangladesh', 49, 75.00, 1, '2019-04-09 00:24:42', '2020-11-11 00:49:20'),
(383, 'Suborno Char', 'Bangladesh', 49, 75.00, 1, '2019-04-09 00:24:42', '2020-11-11 00:49:20'),
(384, 'Rangamati Sodar', 'Bangladesh', 50, 75.00, 1, '2019-04-09 00:24:42', '2020-11-11 00:49:20'),
(385, 'Belaichhari', 'Bangladesh', 50, 75.00, 1, '2019-04-09 00:24:42', '2020-11-11 00:49:20'),
(386, 'Bagaichhari', 'Bangladesh', 50, 75.00, 1, '2019-04-09 00:24:42', '2020-11-11 00:49:20'),
(387, 'Barkal', 'Bangladesh', 50, 75.00, 1, '2019-04-09 00:24:42', '2020-11-11 00:49:20'),
(388, 'Juraichhari', 'Bangladesh', 50, 75.00, 1, '2019-04-09 00:24:42', '2020-11-11 00:49:20'),
(389, 'Rajasthali', 'Bangladesh', 50, 75.00, 1, '2019-04-09 00:24:42', '2020-11-11 00:49:20'),
(390, 'Kaptai', 'Bangladesh', 50, 75.00, 1, '2019-04-09 00:24:42', '2020-11-11 00:49:20'),
(391, 'Langadu', 'Bangladesh', 50, 75.00, 1, '2019-04-09 00:24:42', '2020-11-11 00:49:20'),
(392, 'Nannerchar', 'Bangladesh', 50, 75.00, 1, '2019-04-09 00:24:42', '2020-11-11 00:49:20'),
(393, 'Kaukhali', 'Bangladesh', 50, 75.00, 1, '2019-04-09 00:24:42', '2020-11-11 00:49:20'),
(394, 'Ajmiriganj', 'Bangladesh', 51, 75.00, 1, '2019-04-09 00:24:42', '2020-11-11 00:49:20'),
(395, 'Baniachang', 'Bangladesh', 51, 75.00, 1, '2019-04-09 00:24:42', '2020-11-11 00:49:20'),
(396, 'Bahubal', 'Bangladesh', 51, 75.00, 1, '2019-04-09 00:24:42', '2020-11-11 00:49:20'),
(397, 'Chunarughat', 'Bangladesh', 51, 75.00, 1, '2019-04-09 00:24:42', '2020-11-11 00:49:20'),
(398, 'Habiganj Sodar', 'Bangladesh', 51, 75.00, 1, '2019-04-09 00:24:42', '2020-11-11 00:49:20'),
(399, 'Lakhai', 'Bangladesh', 51, 75.00, 1, '2019-04-09 00:24:42', '2020-11-11 00:49:20'),
(400, 'Madhabpur', 'Bangladesh', 51, 75.00, 1, '2019-04-09 00:24:42', '2020-11-11 00:49:20'),
(401, 'Nabiganj', 'Bangladesh', 51, 75.00, 1, '2019-04-09 00:24:42', '2020-11-11 00:49:20'),
(402, 'Shaistagonj Upazila', 'Bangladesh', 51, 75.00, 1, '2019-04-09 00:24:42', '2020-11-11 00:49:20'),
(403, 'Moulvibazar Sodar', 'Bangladesh', 52, 75.00, 1, '2019-04-09 00:24:42', '2020-11-11 00:49:20'),
(404, 'Barlekha', 'Bangladesh', 52, 75.00, 1, '2019-04-09 00:24:42', '2020-11-11 00:49:20'),
(405, 'Juri', 'Bangladesh', 52, 75.00, 1, '2019-04-09 00:24:42', '2020-11-11 00:49:20'),
(406, 'Kamalganj', 'Bangladesh', 52, 75.00, 1, '2019-04-09 00:24:42', '2020-11-11 00:49:20'),
(407, 'Kulaura', 'Bangladesh', 52, 75.00, 1, '2019-04-09 00:24:42', '2020-11-11 00:49:20'),
(408, 'Rajnagar', 'Bangladesh', 52, 75.00, 1, '2019-04-09 00:24:42', '2020-11-11 00:49:20'),
(409, 'Sreemangal', 'Bangladesh', 52, 75.00, 1, '2019-04-09 00:24:42', '2020-11-11 00:49:20'),
(410, 'Bishwamvarpur', 'Bangladesh', 53, 75.00, 1, '2019-04-09 00:24:43', '2020-11-11 00:49:20'),
(411, 'Chhatak', 'Bangladesh', 53, 75.00, 1, '2019-04-09 00:24:43', '2020-11-11 00:49:20'),
(412, 'Derai', 'Bangladesh', 53, 75.00, 1, '2019-04-09 00:24:43', '2020-11-11 00:49:20'),
(413, 'Dharampasha', 'Bangladesh', 53, 75.00, 1, '2019-04-09 00:24:43', '2020-11-11 00:49:20'),
(414, 'Dowarabazar', 'Bangladesh', 53, 75.00, 1, '2019-04-09 00:24:43', '2020-11-11 00:49:20'),
(415, 'Jagannathpur', 'Bangladesh', 53, 75.00, 1, '2019-04-09 00:24:43', '2020-11-11 00:49:20'),
(416, 'Jamalganj', 'Bangladesh', 53, 75.00, 1, '2019-04-09 00:24:43', '2020-11-11 00:49:20'),
(417, 'Sulla', 'Bangladesh', 53, 75.00, 1, '2019-04-09 00:24:43', '2020-11-11 00:49:20'),
(418, 'Sunamganj Sodar', 'Bangladesh', 53, 75.00, 1, '2019-04-09 00:24:43', '2020-11-11 00:49:20'),
(419, 'Shanthiganj', 'Bangladesh', 53, 75.00, 1, '2019-04-09 00:24:43', '2020-11-11 00:49:20'),
(420, 'Tahirpur', 'Bangladesh', 53, 75.00, 1, '2019-04-09 00:24:43', '2020-11-11 00:49:20'),
(421, 'Sylhet Sodar', 'Bangladesh', 54, 75.00, 1, '2019-04-09 00:24:43', '2020-11-11 00:49:20'),
(422, 'Beanibazar', 'Bangladesh', 54, 75.00, 1, '2019-04-09 00:24:43', '2020-11-11 00:49:20'),
(423, 'Bishwanath', 'Bangladesh', 54, 75.00, 1, '2019-04-09 00:24:43', '2020-11-11 00:49:20'),
(424, 'Dakshin Surma Upazila', 'Bangladesh', 54, 75.00, 1, '2019-04-09 00:24:43', '2020-11-11 00:49:20'),
(425, 'Balaganj', 'Bangladesh', 54, 75.00, 1, '2019-04-09 00:24:43', '2020-11-11 00:49:20'),
(426, 'Companiganj', 'Bangladesh', 54, 75.00, 1, '2019-04-09 00:24:43', '2020-11-11 00:49:20'),
(427, 'Fenchuganj', 'Bangladesh', 54, 75.00, 1, '2019-04-09 00:24:43', '2020-11-11 00:49:20'),
(428, 'Golapganj', 'Bangladesh', 54, 75.00, 1, '2019-04-09 00:24:43', '2020-11-11 00:49:20'),
(429, 'Gowainghat', 'Bangladesh', 54, 75.00, 1, '2019-04-09 00:24:43', '2020-11-11 00:49:20'),
(430, 'Jaintiapur', 'Bangladesh', 54, 75.00, 1, '2019-04-09 00:24:43', '2020-11-11 00:49:20'),
(431, 'Kanaighat', 'Bangladesh', 54, 75.00, 1, '2019-04-09 00:24:43', '2020-11-11 00:49:20'),
(432, 'Zakiganj', 'Bangladesh', 54, 75.00, 1, '2019-04-09 00:24:43', '2020-11-11 00:49:20'),
(433, 'Nobigonj', 'Bangladesh', 54, 75.00, 1, '2019-04-09 00:24:43', '2020-11-11 00:49:20'),
(434, 'Bagerhat Sodar', 'Bangladesh', 55, 75.00, 1, '2019-04-09 00:24:43', '2020-11-11 00:49:20'),
(435, 'Chitalmari', 'Bangladesh', 55, 75.00, 1, '2019-04-09 00:24:43', '2020-11-11 00:49:20'),
(436, 'Fakirhat', 'Bangladesh', 55, 75.00, 1, '2019-04-09 00:24:43', '2020-11-11 00:49:20'),
(437, 'Kachua', 'Bangladesh', 55, 75.00, 0, '2019-04-09 00:24:43', '2020-11-11 00:49:20'),
(438, 'Mollahat', 'Bangladesh', 55, 75.00, 1, '2019-04-09 00:24:43', '2020-11-11 00:49:20'),
(439, 'Mongla', 'Bangladesh', 55, 75.00, 1, '2019-04-09 00:24:43', '2020-11-11 00:49:20'),
(440, 'Morrelganj', 'Bangladesh', 55, 75.00, 1, '2019-04-09 00:24:43', '2020-11-11 00:49:20'),
(441, 'Rampal', 'Bangladesh', 55, 75.00, 1, '2019-04-09 00:24:44', '2020-11-11 00:49:20'),
(442, 'Sarankhola', 'Bangladesh', 55, 75.00, 1, '2019-04-09 00:24:44', '2020-11-11 00:49:20'),
(443, 'Damurhuda', 'Bangladesh', 56, 75.00, 1, '2019-04-09 00:24:44', '2020-11-11 00:49:20'),
(444, 'Chuadanga-S', 'Bangladesh', 56, 75.00, 1, '2019-04-09 00:24:44', '2020-11-11 00:49:20'),
(445, 'Jibannagar', 'Bangladesh', 56, 75.00, 1, '2019-04-09 00:24:44', '2020-11-11 00:49:20'),
(446, 'Alamdanga', 'Bangladesh', 56, 75.00, 1, '2019-04-09 00:24:44', '2020-11-11 00:49:20'),
(447, 'Abhaynagar', 'Bangladesh', 57, 80.00, 1, '2019-04-09 00:24:44', '2020-11-11 00:49:20'),
(448, 'Keshabpur', 'Bangladesh', 57, 75.00, 1, '2019-04-09 00:24:44', '2020-11-11 00:49:20'),
(449, 'Bagherpara', 'Bangladesh', 57, 75.00, 1, '2019-04-09 00:24:44', '2020-11-11 00:49:20'),
(450, 'Jessore Sodar', 'Bangladesh', 57, 75.00, 1, '2019-04-09 00:24:44', '2020-11-11 00:49:20'),
(451, 'Chaugachha', 'Bangladesh', 57, 75.00, 1, '2019-04-09 00:24:44', '2020-11-11 00:49:20'),
(452, 'Manirampur', 'Bangladesh', 57, 75.00, 1, '2019-04-09 00:24:44', '2020-11-11 00:49:20'),
(453, 'Jhikargachha', 'Bangladesh', 57, 75.00, 1, '2019-04-09 00:24:44', '2020-11-11 00:49:20'),
(454, 'Sharsha', 'Bangladesh', 57, 75.00, 1, '2019-04-09 00:24:44', '2020-11-11 00:49:20'),
(455, 'Jhenaidah Sodar', 'Bangladesh', 58, 75.00, 1, '2019-04-09 00:24:44', '2020-11-11 00:49:20'),
(456, 'Maheshpur', 'Bangladesh', 58, 75.00, 1, '2019-04-09 00:24:44', '2020-11-11 00:49:20'),
(457, 'Kaliganj', 'Bangladesh', 58, 75.00, 1, '2019-04-09 00:24:44', '2020-11-11 00:49:20'),
(458, 'Kotchandpur', 'Bangladesh', 58, 75.00, 1, '2019-04-09 00:24:44', '2020-11-11 00:49:20'),
(459, 'Shailkupa', 'Bangladesh', 58, 75.00, 1, '2019-04-09 00:24:44', '2020-11-11 00:49:20'),
(460, 'Harinakunda', 'Bangladesh', 58, 75.00, 1, '2019-04-09 00:24:44', '2020-11-11 00:49:20'),
(461, 'Terokhada', 'Bangladesh', 59, 75.00, 1, '2019-04-09 00:24:44', '2020-11-11 00:49:20'),
(462, 'Batiaghata', 'Bangladesh', 59, 75.00, 1, '2019-04-09 00:24:44', '2020-11-11 00:49:20'),
(463, 'Dacope', 'Bangladesh', 59, 75.00, 1, '2019-04-09 00:24:44', '2020-11-11 00:49:20'),
(464, 'Dumuria', 'Bangladesh', 59, 75.00, 1, '2019-04-09 00:24:44', '2020-11-11 00:49:20'),
(465, 'Dighalia', 'Bangladesh', 59, 75.00, 1, '2019-04-09 00:24:44', '2020-11-11 00:49:20'),
(466, 'Koyra', 'Bangladesh', 59, 75.00, 1, '2019-04-09 00:24:44', '2020-11-11 00:49:20'),
(467, 'Paikgachha', 'Bangladesh', 59, 75.00, 1, '2019-04-09 00:24:44', '2020-11-11 00:49:20'),
(468, 'Phultala', 'Bangladesh', 59, 75.00, 1, '2019-04-09 00:24:44', '2020-11-11 00:49:20'),
(469, 'Rupsa', 'Bangladesh', 59, 75.00, 1, '2019-04-09 00:24:44', '2020-11-11 00:49:20'),
(470, 'Kushtia Sodar', 'Bangladesh', 60, 75.00, 1, '2019-04-09 00:24:44', '2020-11-11 00:49:20'),
(471, 'Kumarkhali', 'Bangladesh', 60, 75.00, 1, '2019-04-09 00:24:44', '2020-11-11 00:49:20'),
(472, 'Daulatpur', 'Bangladesh', 60, 75.00, 1, '2019-04-09 00:24:44', '2020-11-11 00:49:20'),
(473, 'Mirpur', 'Bangladesh', 60, 75.00, 1, '2019-04-09 00:24:44', '2020-11-11 00:49:20'),
(474, 'Bheramara', 'Bangladesh', 60, 75.00, 1, '2019-04-09 00:24:44', '2020-11-11 00:49:20'),
(475, 'Khoksa', 'Bangladesh', 60, 75.00, 1, '2019-04-09 00:24:45', '2020-11-11 00:49:20'),
(476, 'Magura Sodar', 'Bangladesh', 61, 75.00, 1, '2019-04-09 00:24:45', '2020-11-11 00:49:20'),
(477, 'Mohammadpur', 'Bangladesh', 61, 75.00, 1, '2019-04-09 00:24:45', '2020-11-11 00:49:20'),
(478, 'Shalikha', 'Bangladesh', 61, 75.00, 1, '2019-04-09 00:24:45', '2020-11-11 00:49:20'),
(479, 'Sreepur', 'Bangladesh', 61, 75.00, 1, '2019-04-09 00:24:45', '2020-11-11 00:49:20'),
(480, 'angni', 'Bangladesh', 62, 75.00, 1, '2019-04-09 00:24:45', '2020-11-11 00:49:20'),
(481, 'Mujib Nagar', 'Bangladesh', 62, 75.00, 1, '2019-04-09 00:24:45', '2020-11-11 00:49:20'),
(482, 'Meherpur-S', 'Bangladesh', 62, 75.00, 1, '2019-04-09 00:24:45', '2020-11-11 00:49:20'),
(483, 'Narail-S', 'Bangladesh', 63, 75.00, 1, '2019-04-09 00:24:45', '2020-11-11 00:49:20'),
(484, 'Lohagara', 'Bangladesh', 63, 75.00, 1, '2019-04-09 00:24:45', '2020-11-11 00:49:20'),
(485, 'Kalia', 'Bangladesh', 63, 75.00, 1, '2019-04-09 00:24:45', '2020-11-11 00:49:20'),
(486, 'Satkhira Sodar', 'Bangladesh', 64, 75.00, 1, '2019-04-09 00:24:45', '2020-11-11 00:49:20'),
(487, 'Assasuni', 'Bangladesh', 64, 75.00, 1, '2019-04-09 00:24:45', '2020-11-11 00:49:20'),
(488, 'Debhata', 'Bangladesh', 64, 75.00, 1, '2019-04-09 00:24:45', '2020-11-11 00:49:20'),
(489, 'Tala', 'Bangladesh', 64, 75.00, 1, '2019-04-09 00:24:45', '2020-11-11 00:49:20'),
(490, 'Kalaroa', 'Bangladesh', 64, 75.00, 1, '2019-04-09 00:24:45', '2020-11-11 00:49:20'),
(491, 'Kaliganj', 'Bangladesh', 64, 75.00, 1, '2019-04-09 00:24:45', '2020-11-11 00:49:20'),
(492, 'Shyamnagar', 'Bangladesh', 64, 75.00, 1, '2019-04-09 00:24:45', '2020-11-11 00:49:20'),
(494, 'app', 'Bangladesh', 64, 75.00, 1, '2020-11-05 16:54:17', '2020-11-11 00:49:20');

-- --------------------------------------------------------

--
-- Table structure for table `users`
--

CREATE TABLE `users` (
  `id` int(11) UNSIGNED NOT NULL,
  `opening` datetime NOT NULL,
  `name` varchar(100) COLLATE utf8mb4_unicode_ci NOT NULL,
  `l_name` varchar(100) COLLATE utf8mb4_unicode_ci NOT NULL,
  `gender` varchar(10) COLLATE utf8mb4_unicode_ci NOT NULL,
  `birthday` varchar(20) COLLATE utf8mb4_unicode_ci NOT NULL,
  `maritial_status` varchar(100) COLLATE utf8mb4_unicode_ci NOT NULL,
  `position` varchar(50) COLLATE utf8mb4_unicode_ci NOT NULL,
  `about` mediumtext COLLATE utf8mb4_unicode_ci NOT NULL,
  `website` varchar(100) COLLATE utf8mb4_unicode_ci NOT NULL,
  `facecbook` varchar(100) COLLATE utf8mb4_unicode_ci NOT NULL,
  `twitter` varchar(100) COLLATE utf8mb4_unicode_ci NOT NULL,
  `email` varchar(100) COLLATE utf8mb4_unicode_ci NOT NULL,
  `username` varchar(100) COLLATE utf8mb4_unicode_ci NOT NULL,
  `password` varchar(128) COLLATE utf8mb4_unicode_ci NOT NULL,
  `privilege` varchar(100) COLLATE utf8mb4_unicode_ci NOT NULL,
  `image` varchar(100) COLLATE utf8mb4_unicode_ci NOT NULL,
  `mobile` varchar(15) COLLATE utf8mb4_unicode_ci NOT NULL,
  `branch` varchar(100) COLLATE utf8mb4_unicode_ci NOT NULL
) ENGINE=InnoDB DEFAULT CHARSET=utf8mb4 COLLATE=utf8mb4_unicode_ci;

--
-- Dumping data for table `users`
--

INSERT INTO `users` (`id`, `opening`, `name`, `l_name`, `gender`, `birthday`, `maritial_status`, `position`, `about`, `website`, `facecbook`, `twitter`, `email`, `username`, `password`, `privilege`, `image`, `mobile`, `branch`) VALUES
(13, '2019-12-09 01:59:36', 'Superadmin', '', '', '', '', '', '', '', '', '', 'developer@gmail.com', 'superadmin', 'f7a42d7e1f2512e5a7f4700fbf6c9df4', 'admin', 'public/profiles/profile_16187362230.png', '01983667657', ''),
(14, '2019-12-09 01:59:36', 'President', '', '', '', '', '', '', '', '', '', '', 'president', '3f41a4eed1b5d78e1a588f31fc97b629', 'president', 'public/profiles/profile_16183071500.jpg', '', ''),
(16, '2020-11-11 10:24:53', 'Test User', '', '', '', '', '', '', '', '', '', 'user@gmail.com', 'hellouser', '3b9cd1688a9dbca0bc53adac4d9d569b', 'user', 'public/profiles/profile_16187362140.png', '01839973100', '');

-- --------------------------------------------------------

--
-- Table structure for table `video_gallery`
--

CREATE TABLE `video_gallery` (
  `id` int(11) NOT NULL,
  `vdo_name` varchar(100) COLLATE utf8mb4_unicode_ci NOT NULL,
  `vdo_path` varchar(100) COLLATE utf8mb4_unicode_ci NOT NULL,
  `vdo_img_path` varchar(100) COLLATE utf8mb4_unicode_ci NOT NULL,
  `trash` varchar(100) COLLATE utf8mb4_unicode_ci NOT NULL
) ENGINE=InnoDB DEFAULT CHARSET=utf8mb4 COLLATE=utf8mb4_unicode_ci;

--
-- Dumping data for table `video_gallery`
--

INSERT INTO `video_gallery` (`id`, `vdo_name`, `vdo_path`, `vdo_img_path`, `trash`) VALUES
(20, 'electronics product', 'https://www.youtube.com/watch?v=VjTzu-KZDEM', 'backend/images/video_gallery/gallery16171652820.jpg', '');

-- --------------------------------------------------------

--
-- Table structure for table `wish_list`
--

CREATE TABLE `wish_list` (
  `id` int(11) NOT NULL,
  `user_id` int(11) NOT NULL,
  `product_id` int(11) NOT NULL
) ENGINE=InnoDB DEFAULT CHARSET=utf8mb4 COLLATE=utf8mb4_unicode_ci;

--
-- Dumping data for table `wish_list`
--

INSERT INTO `wish_list` (`id`, `user_id`, `product_id`) VALUES
(12, 2, 9),
(13, 2, 3),
(14, 2, 8),
(15, 2, 16),
(18, 1, 1);

--
-- Indexes for dumped tables
--

--
-- Indexes for table `about`
--
ALTER TABLE `about`
  ADD PRIMARY KEY (`id`);

--
-- Indexes for table `brands`
--
ALTER TABLE `brands`
  ADD PRIMARY KEY (`id`);

--
-- Indexes for table `categories`
--
ALTER TABLE `categories`
  ADD PRIMARY KEY (`id`);

--
-- Indexes for table `colors`
--
ALTER TABLE `colors`
  ADD PRIMARY KEY (`id`);

--
-- Indexes for table `districts`
--
ALTER TABLE `districts`
  ADD PRIMARY KEY (`id`) USING BTREE;

--
-- Indexes for table `footer`
--
ALTER TABLE `footer`
  ADD PRIMARY KEY (`id`);

--
-- Indexes for table `frontend_users`
--
ALTER TABLE `frontend_users`
  ADD PRIMARY KEY (`id`);

--
-- Indexes for table `header`
--
ALTER TABLE `header`
  ADD PRIMARY KEY (`id`);

--
-- Indexes for table `image_gallery`
--
ALTER TABLE `image_gallery`
  ADD PRIMARY KEY (`id`);

--
-- Indexes for table `orders`
--
ALTER TABLE `orders`
  ADD PRIMARY KEY (`id`);

--
-- Indexes for table `order_items`
--
ALTER TABLE `order_items`
  ADD PRIMARY KEY (`id`);

--
-- Indexes for table `pages`
--
ALTER TABLE `pages`
  ADD PRIMARY KEY (`id`);

--
-- Indexes for table `payment_method`
--
ALTER TABLE `payment_method`
  ADD PRIMARY KEY (`id`);

--
-- Indexes for table `products`
--
ALTER TABLE `products`
  ADD PRIMARY KEY (`id`);

--
-- Indexes for table `product_colors`
--
ALTER TABLE `product_colors`
  ADD PRIMARY KEY (`id`);

--
-- Indexes for table `product_images`
--
ALTER TABLE `product_images`
  ADD PRIMARY KEY (`id`);

--
-- Indexes for table `product_ratings`
--
ALTER TABLE `product_ratings`
  ADD PRIMARY KEY (`id`);

--
-- Indexes for table `product_sizes`
--
ALTER TABLE `product_sizes`
  ADD PRIMARY KEY (`id`);

--
-- Indexes for table `profiles`
--
ALTER TABLE `profiles`
  ADD PRIMARY KEY (`id`);

--
-- Indexes for table `sap_items`
--
ALTER TABLE `sap_items`
  ADD PRIMARY KEY (`id`);

--
-- Indexes for table `sap_record`
--
ALTER TABLE `sap_record`
  ADD PRIMARY KEY (`id`);

--
-- Indexes for table `sessions`
--
ALTER TABLE `sessions`
  ADD PRIMARY KEY (`session_id`),
  ADD KEY `last_activity_idx` (`last_activity`);

--
-- Indexes for table `settings`
--
ALTER TABLE `settings`
  ADD PRIMARY KEY (`id`);

--
-- Indexes for table `site_meta`
--
ALTER TABLE `site_meta`
  ADD PRIMARY KEY (`id`),
  ADD UNIQUE KEY `meta_key` (`meta_key`);

--
-- Indexes for table `sizes`
--
ALTER TABLE `sizes`
  ADD PRIMARY KEY (`id`);

--
-- Indexes for table `sliders`
--
ALTER TABLE `sliders`
  ADD PRIMARY KEY (`id`);

--
-- Indexes for table `sms_record`
--
ALTER TABLE `sms_record`
  ADD PRIMARY KEY (`id`);

--
-- Indexes for table `stock`
--
ALTER TABLE `stock`
  ADD PRIMARY KEY (`id`);

--
-- Indexes for table `subcategories`
--
ALTER TABLE `subcategories`
  ADD PRIMARY KEY (`id`);

--
-- Indexes for table `subscriber`
--
ALTER TABLE `subscriber`
  ADD PRIMARY KEY (`id`);

--
-- Indexes for table `subscribers`
--
ALTER TABLE `subscribers`
  ADD PRIMARY KEY (`id`);

--
-- Indexes for table `suppliers`
--
ALTER TABLE `suppliers`
  ADD PRIMARY KEY (`id`);

--
-- Indexes for table `supplier_transaction`
--
ALTER TABLE `supplier_transaction`
  ADD PRIMARY KEY (`id`);

--
-- Indexes for table `system_action_menus`
--
ALTER TABLE `system_action_menus`
  ADD PRIMARY KEY (`id`);

--
-- Indexes for table `system_aside_menus`
--
ALTER TABLE `system_aside_menus`
  ADD PRIMARY KEY (`id`);

--
-- Indexes for table `system_aside_menu_dropdowns`
--
ALTER TABLE `system_aside_menu_dropdowns`
  ADD PRIMARY KEY (`id`);

--
-- Indexes for table `system_privileges`
--
ALTER TABLE `system_privileges`
  ADD PRIMARY KEY (`id`);

--
-- Indexes for table `upazillas`
--
ALTER TABLE `upazillas`
  ADD PRIMARY KEY (`id`) USING BTREE;

--
-- Indexes for table `users`
--
ALTER TABLE `users`
  ADD PRIMARY KEY (`id`);

--
-- Indexes for table `video_gallery`
--
ALTER TABLE `video_gallery`
  ADD PRIMARY KEY (`id`);

--
-- Indexes for table `wish_list`
--
ALTER TABLE `wish_list`
  ADD PRIMARY KEY (`id`);

--
-- AUTO_INCREMENT for dumped tables
--

--
-- AUTO_INCREMENT for table `about`
--
ALTER TABLE `about`
  MODIFY `id` int(11) NOT NULL AUTO_INCREMENT, AUTO_INCREMENT=2;

--
-- AUTO_INCREMENT for table `brands`
--
ALTER TABLE `brands`
  MODIFY `id` int(11) NOT NULL AUTO_INCREMENT, AUTO_INCREMENT=3;

--
-- AUTO_INCREMENT for table `categories`
--
ALTER TABLE `categories`
  MODIFY `id` int(11) NOT NULL AUTO_INCREMENT, AUTO_INCREMENT=10;

--
-- AUTO_INCREMENT for table `colors`
--
ALTER TABLE `colors`
  MODIFY `id` int(11) NOT NULL AUTO_INCREMENT, AUTO_INCREMENT=6;

--
-- AUTO_INCREMENT for table `districts`
--
ALTER TABLE `districts`
  MODIFY `id` int(10) UNSIGNED NOT NULL AUTO_INCREMENT, AUTO_INCREMENT=68;

--
-- AUTO_INCREMENT for table `footer`
--
ALTER TABLE `footer`
  MODIFY `id` int(11) NOT NULL AUTO_INCREMENT, AUTO_INCREMENT=2;

--
-- AUTO_INCREMENT for table `frontend_users`
--
ALTER TABLE `frontend_users`
  MODIFY `id` int(11) NOT NULL AUTO_INCREMENT, AUTO_INCREMENT=7;

--
-- AUTO_INCREMENT for table `header`
--
ALTER TABLE `header`
  MODIFY `id` int(11) NOT NULL AUTO_INCREMENT, AUTO_INCREMENT=7;

--
-- AUTO_INCREMENT for table `image_gallery`
--
ALTER TABLE `image_gallery`
  MODIFY `id` int(11) NOT NULL AUTO_INCREMENT, AUTO_INCREMENT=100;

--
-- AUTO_INCREMENT for table `orders`
--
ALTER TABLE `orders`
  MODIFY `id` int(11) NOT NULL AUTO_INCREMENT, AUTO_INCREMENT=10;

--
-- AUTO_INCREMENT for table `order_items`
--
ALTER TABLE `order_items`
  MODIFY `id` int(11) NOT NULL AUTO_INCREMENT, AUTO_INCREMENT=10;

--
-- AUTO_INCREMENT for table `pages`
--
ALTER TABLE `pages`
  MODIFY `id` int(11) NOT NULL AUTO_INCREMENT, AUTO_INCREMENT=5;

--
-- AUTO_INCREMENT for table `payment_method`
--
ALTER TABLE `payment_method`
  MODIFY `id` int(11) NOT NULL AUTO_INCREMENT, AUTO_INCREMENT=6;

--
-- AUTO_INCREMENT for table `products`
--
ALTER TABLE `products`
  MODIFY `id` int(11) NOT NULL AUTO_INCREMENT, AUTO_INCREMENT=59;

--
-- AUTO_INCREMENT for table `product_colors`
--
ALTER TABLE `product_colors`
  MODIFY `id` int(11) NOT NULL AUTO_INCREMENT, AUTO_INCREMENT=176;

--
-- AUTO_INCREMENT for table `product_images`
--
ALTER TABLE `product_images`
  MODIFY `id` int(11) NOT NULL AUTO_INCREMENT, AUTO_INCREMENT=169;

--
-- AUTO_INCREMENT for table `product_ratings`
--
ALTER TABLE `product_ratings`
  MODIFY `id` int(11) NOT NULL AUTO_INCREMENT, AUTO_INCREMENT=7;

--
-- AUTO_INCREMENT for table `product_sizes`
--
ALTER TABLE `product_sizes`
  MODIFY `id` int(11) NOT NULL AUTO_INCREMENT, AUTO_INCREMENT=138;

--
-- AUTO_INCREMENT for table `profiles`
--
ALTER TABLE `profiles`
  MODIFY `id` int(11) NOT NULL AUTO_INCREMENT, AUTO_INCREMENT=10;

--
-- AUTO_INCREMENT for table `sap_items`
--
ALTER TABLE `sap_items`
  MODIFY `id` int(11) NOT NULL AUTO_INCREMENT, AUTO_INCREMENT=7;

--
-- AUTO_INCREMENT for table `sap_record`
--
ALTER TABLE `sap_record`
  MODIFY `id` int(11) NOT NULL AUTO_INCREMENT, AUTO_INCREMENT=7;

--
-- AUTO_INCREMENT for table `site_meta`
--
ALTER TABLE `site_meta`
  MODIFY `id` int(10) UNSIGNED NOT NULL AUTO_INCREMENT, AUTO_INCREMENT=14;

--
-- AUTO_INCREMENT for table `sizes`
--
ALTER TABLE `sizes`
  MODIFY `id` int(11) NOT NULL AUTO_INCREMENT, AUTO_INCREMENT=5;

--
-- AUTO_INCREMENT for table `sliders`
--
ALTER TABLE `sliders`
  MODIFY `id` int(11) NOT NULL AUTO_INCREMENT, AUTO_INCREMENT=28;

--
-- AUTO_INCREMENT for table `sms_record`
--
ALTER TABLE `sms_record`
  MODIFY `id` int(11) UNSIGNED NOT NULL AUTO_INCREMENT, AUTO_INCREMENT=19;

--
-- AUTO_INCREMENT for table `stock`
--
ALTER TABLE `stock`
  MODIFY `id` int(11) NOT NULL AUTO_INCREMENT, AUTO_INCREMENT=4;

--
-- AUTO_INCREMENT for table `subcategories`
--
ALTER TABLE `subcategories`
  MODIFY `id` int(11) NOT NULL AUTO_INCREMENT, AUTO_INCREMENT=5;

--
-- AUTO_INCREMENT for table `subscriber`
--
ALTER TABLE `subscriber`
  MODIFY `id` int(11) NOT NULL AUTO_INCREMENT, AUTO_INCREMENT=5;

--
-- AUTO_INCREMENT for table `subscribers`
--
ALTER TABLE `subscribers`
  MODIFY `id` int(11) UNSIGNED NOT NULL AUTO_INCREMENT, AUTO_INCREMENT=5;

--
-- AUTO_INCREMENT for table `suppliers`
--
ALTER TABLE `suppliers`
  MODIFY `id` int(11) NOT NULL AUTO_INCREMENT, AUTO_INCREMENT=2;

--
-- AUTO_INCREMENT for table `supplier_transaction`
--
ALTER TABLE `supplier_transaction`
  MODIFY `id` int(11) NOT NULL AUTO_INCREMENT, AUTO_INCREMENT=17;

--
-- AUTO_INCREMENT for table `system_action_menus`
--
ALTER TABLE `system_action_menus`
  MODIFY `id` int(11) NOT NULL AUTO_INCREMENT, AUTO_INCREMENT=122;

--
-- AUTO_INCREMENT for table `system_aside_menus`
--
ALTER TABLE `system_aside_menus`
  MODIFY `id` int(11) NOT NULL AUTO_INCREMENT, AUTO_INCREMENT=75;

--
-- AUTO_INCREMENT for table `system_aside_menu_dropdowns`
--
ALTER TABLE `system_aside_menu_dropdowns`
  MODIFY `id` int(11) NOT NULL AUTO_INCREMENT, AUTO_INCREMENT=135;

--
-- AUTO_INCREMENT for table `system_privileges`
--
ALTER TABLE `system_privileges`
  MODIFY `id` int(11) NOT NULL AUTO_INCREMENT, AUTO_INCREMENT=16;

--
-- AUTO_INCREMENT for table `upazillas`
--
ALTER TABLE `upazillas`
  MODIFY `id` int(10) UNSIGNED NOT NULL AUTO_INCREMENT, AUTO_INCREMENT=496;

--
-- AUTO_INCREMENT for table `users`
--
ALTER TABLE `users`
  MODIFY `id` int(11) UNSIGNED NOT NULL AUTO_INCREMENT, AUTO_INCREMENT=17;

--
-- AUTO_INCREMENT for table `video_gallery`
--
ALTER TABLE `video_gallery`
  MODIFY `id` int(11) NOT NULL AUTO_INCREMENT, AUTO_INCREMENT=21;

--
-- AUTO_INCREMENT for table `wish_list`
--
ALTER TABLE `wish_list`
  MODIFY `id` int(11) NOT NULL AUTO_INCREMENT, AUTO_INCREMENT=19;
COMMIT;

/*!40101 SET CHARACTER_SET_CLIENT=@OLD_CHARACTER_SET_CLIENT */;
/*!40101 SET CHARACTER_SET_RESULTS=@OLD_CHARACTER_SET_RESULTS */;
/*!40101 SET COLLATION_CONNECTION=@OLD_COLLATION_CONNECTION */;
