-- phpMyAdmin SQL Dump
-- version 4.9.0.1
-- https://www.phpmyadmin.net/
--
-- Host: 127.0.0.1
-- Generation Time: Apr 15, 2021 at 12:57 PM
-- Server version: 10.4.6-MariaDB
-- PHP Version: 7.3.9

SET SQL_MODE = "NO_AUTO_VALUE_ON_ZERO";
SET AUTOCOMMIT = 0;
START TRANSACTION;
SET time_zone = "+00:00";


/*!40101 SET @OLD_CHARACTER_SET_CLIENT=@@CHARACTER_SET_CLIENT */;
/*!40101 SET @OLD_CHARACTER_SET_RESULTS=@@CHARACTER_SET_RESULTS */;
/*!40101 SET @OLD_COLLATION_CONNECTION=@@COLLATION_CONNECTION */;
/*!40101 SET NAMES utf8mb4 */;

--
-- Database: `ecommerce`
--

-- --------------------------------------------------------

--
-- Table structure for table `about`
--

CREATE TABLE `about` (
  `id` int(11) NOT NULL,
  `title` longtext COLLATE utf8mb4_unicode_ci DEFAULT NULL,
  `description` mediumtext COLLATE utf8mb4_unicode_ci NOT NULL,
  `path` longtext COLLATE utf8mb4_unicode_ci NOT NULL,
  `position` int(11) NOT NULL DEFAULT 0,
  `status` tinyint(4) NOT NULL DEFAULT 1
) ENGINE=MyISAM DEFAULT CHARSET=utf8mb4 COLLATE=utf8mb4_unicode_ci;

--
-- Dumping data for table `about`
--

INSERT INTO `about` (`id`, `title`, `description`, `path`, `position`, `status`) VALUES
(48, NULL, '<p><strong style=\"margin: 0px; padding: 0px; font-family: \'Open Sans\', Arial, sans-serif; font-size: 14px; text-align: justify;\">Lorem Ipsum</strong><span style=\"font-family: \'Open Sans\', Arial, sans-serif; font-size: 14px; text-align: justify;\">&nbsp;is simply dummy text of the printing and typesetting industry. Lorem Ipsum has been the industry\'s standard dummy text ever since the 1500s, when an unknown printer took a galley of type and scrambled it to make a type specimen book. It has survived not only five centuries, but also the leap into electronic typesetting, remaining essentially unchanged. It was popularised in the 1960s with the release of Letraset sheets containing Lorem Ipsum passages, and more recently with desktop publishing software like Aldus PageMaker including versions of Lorem Ipsum.</span></p>', 'backend/images/about_us/about_us16129284600.jpg', 0, 1);

-- --------------------------------------------------------

--
-- Table structure for table `access_info`
--

CREATE TABLE `access_info` (
  `user_id` int(10) UNSIGNED NOT NULL,
  `login_period` datetime NOT NULL,
  `logout_period` datetime NOT NULL
) ENGINE=InnoDB DEFAULT CHARSET=utf8mb4 COLLATE=utf8mb4_unicode_ci;

--
-- Dumping data for table `access_info`
--

INSERT INTO `access_info` (`user_id`, `login_period`, `logout_period`) VALUES
(1, '2017-08-26 11:43:06', '0000-00-00 00:00:00'),
(1, '2017-08-26 11:44:01', '2017-08-26 16:14:28'),
(1, '2017-08-26 11:52:01', '2017-08-26 14:15:18'),
(1, '2017-08-26 12:38:49', '0000-00-00 00:00:00'),
(1, '2017-08-26 14:17:47', '2017-08-26 14:20:33'),
(1, '2017-08-26 14:22:52', '2017-08-26 14:26:35'),
(1, '2017-08-26 14:26:37', '2017-08-26 14:54:06'),
(2, '2017-08-26 14:29:25', '2017-08-26 14:40:08'),
(7, '2017-08-26 14:40:18', '2017-08-26 17:33:09'),
(5, '2017-08-26 14:54:07', '2017-08-26 14:54:25'),
(5, '2017-08-26 14:54:27', '2017-08-26 14:55:11'),
(1, '2017-08-26 14:55:13', '2017-08-26 14:57:18'),
(1, '2017-08-26 14:57:19', '2017-08-26 14:58:05'),
(1, '2017-08-26 14:58:06', '0000-00-00 00:00:00'),
(1, '2017-08-26 14:58:12', '0000-00-00 00:00:00'),
(1, '2017-08-26 16:14:30', '2017-08-26 16:34:40'),
(7, '2017-08-26 16:34:53', '0000-00-00 00:00:00'),
(1, '2017-08-26 17:24:30', '0000-00-00 00:00:00'),
(7, '2017-08-26 17:33:11', '0000-00-00 00:00:00'),
(7, '2017-08-26 17:34:17', '0000-00-00 00:00:00'),
(7, '2017-08-26 17:34:53', '0000-00-00 00:00:00'),
(7, '2017-08-26 17:40:18', '0000-00-00 00:00:00'),
(7, '2017-08-26 17:52:17', '2017-08-26 18:07:37'),
(1, '2017-11-14 22:11:14', '2017-11-14 22:14:57'),
(1, '2017-11-14 22:15:09', '2017-11-14 22:27:22'),
(8, '2017-11-14 22:27:30', '2017-11-14 22:41:33'),
(1, '2017-11-14 22:41:35', '0000-00-00 00:00:00'),
(1, '2017-11-15 09:52:58', '0000-00-00 00:00:00'),
(1, '2017-11-15 09:53:51', '0000-00-00 00:00:00'),
(1, '2017-11-27 11:20:20', '0000-00-00 00:00:00'),
(1, '2017-11-27 11:21:32', '0000-00-00 00:00:00'),
(1, '2017-11-27 11:42:29', '0000-00-00 00:00:00'),
(1, '2017-11-27 12:09:46', '0000-00-00 00:00:00'),
(1, '2017-11-27 14:41:01', '0000-00-00 00:00:00'),
(1, '2017-11-27 15:11:42', '0000-00-00 00:00:00'),
(1, '2017-11-27 15:17:44', '0000-00-00 00:00:00'),
(1, '2017-11-27 15:55:59', '0000-00-00 00:00:00'),
(1, '2017-11-27 16:21:19', '0000-00-00 00:00:00'),
(1, '2017-11-27 16:30:54', '0000-00-00 00:00:00'),
(1, '2017-11-27 17:30:02', '0000-00-00 00:00:00'),
(1, '2017-11-27 23:02:29', '0000-00-00 00:00:00'),
(1, '2017-11-27 23:26:01', '0000-00-00 00:00:00'),
(1, '2017-11-27 23:46:51', '0000-00-00 00:00:00'),
(1, '2017-11-27 23:52:31', '0000-00-00 00:00:00'),
(1, '2017-11-28 00:09:25', '0000-00-00 00:00:00'),
(1, '2017-11-28 01:19:53', '0000-00-00 00:00:00'),
(1, '2017-11-28 09:40:02', '0000-00-00 00:00:00'),
(1, '2017-11-28 09:47:24', '0000-00-00 00:00:00'),
(1, '2017-11-28 10:09:27', '0000-00-00 00:00:00'),
(1, '2017-11-28 10:35:23', '0000-00-00 00:00:00'),
(1, '2017-11-28 11:07:44', '0000-00-00 00:00:00'),
(1, '2017-11-28 11:38:23', '0000-00-00 00:00:00'),
(1, '2017-11-28 11:52:56', '0000-00-00 00:00:00'),
(1, '2017-11-28 12:22:21', '0000-00-00 00:00:00'),
(1, '2017-11-28 15:19:40', '0000-00-00 00:00:00'),
(1, '2017-11-28 17:10:10', '0000-00-00 00:00:00'),
(1, '2017-11-28 17:19:19', '0000-00-00 00:00:00'),
(1, '2017-11-29 09:38:22', '0000-00-00 00:00:00'),
(1, '2017-11-29 09:40:56', '0000-00-00 00:00:00'),
(1, '2017-11-29 11:33:11', '0000-00-00 00:00:00'),
(1, '2017-11-29 12:24:54', '0000-00-00 00:00:00'),
(1, '2017-11-29 14:45:22', '0000-00-00 00:00:00'),
(1, '2017-11-29 15:27:50', '0000-00-00 00:00:00'),
(1, '2017-11-30 09:35:06', '0000-00-00 00:00:00'),
(1, '2017-11-30 09:35:55', '0000-00-00 00:00:00'),
(1, '2017-11-30 12:42:23', '0000-00-00 00:00:00'),
(1, '2017-11-30 14:55:24', '0000-00-00 00:00:00'),
(1, '2017-11-30 15:14:42', '0000-00-00 00:00:00'),
(1, '2017-11-30 16:19:57', '0000-00-00 00:00:00'),
(1, '2017-11-30 16:32:34', '0000-00-00 00:00:00'),
(1, '2017-11-30 16:37:23', '0000-00-00 00:00:00'),
(1, '2017-11-30 17:46:43', '0000-00-00 00:00:00'),
(1, '2017-12-03 09:35:19', '0000-00-00 00:00:00'),
(1, '2017-12-03 11:23:00', '0000-00-00 00:00:00'),
(1, '2017-12-03 15:55:55', '0000-00-00 00:00:00'),
(1, '2017-12-03 16:25:49', '0000-00-00 00:00:00'),
(1, '2017-12-03 16:34:05', '0000-00-00 00:00:00'),
(1, '2017-12-03 16:43:22', '0000-00-00 00:00:00'),
(1, '2017-12-03 16:52:40', '0000-00-00 00:00:00'),
(1, '2017-12-03 16:58:19', '0000-00-00 00:00:00'),
(1, '2017-12-03 17:01:10', '0000-00-00 00:00:00'),
(1, '2017-12-03 17:18:41', '0000-00-00 00:00:00'),
(1, '2017-12-03 18:34:27', '0000-00-00 00:00:00'),
(1, '2017-12-04 09:38:47', '0000-00-00 00:00:00'),
(1, '2017-12-04 11:26:57', '0000-00-00 00:00:00'),
(1, '2017-12-04 11:50:11', '0000-00-00 00:00:00'),
(1, '2017-12-04 15:03:25', '0000-00-00 00:00:00'),
(1, '2017-12-04 15:07:17', '0000-00-00 00:00:00'),
(1, '2017-12-04 18:40:24', '0000-00-00 00:00:00'),
(1, '2017-12-05 11:14:01', '0000-00-00 00:00:00'),
(1, '2017-12-05 11:31:10', '0000-00-00 00:00:00'),
(1, '2017-12-05 15:13:44', '0000-00-00 00:00:00'),
(1, '2017-12-06 11:11:13', '0000-00-00 00:00:00'),
(1, '2017-12-06 13:52:00', '0000-00-00 00:00:00'),
(1, '2017-12-07 09:47:39', '0000-00-00 00:00:00'),
(1, '2017-12-07 11:10:48', '0000-00-00 00:00:00'),
(1, '2017-12-07 14:37:23', '0000-00-00 00:00:00'),
(1, '2017-12-07 17:01:34', '2017-12-07 17:02:41'),
(1, '2017-12-07 17:02:48', '2017-12-07 17:03:46'),
(1, '2017-12-07 17:03:55', '0000-00-00 00:00:00'),
(1, '2018-01-11 10:28:20', '0000-00-00 00:00:00'),
(1, '2018-01-11 10:49:35', '0000-00-00 00:00:00'),
(1, '2018-01-11 11:20:26', '0000-00-00 00:00:00'),
(1, '2018-03-25 13:12:09', '0000-00-00 00:00:00'),
(1, '2018-03-25 14:22:19', '0000-00-00 00:00:00'),
(1, '2018-03-25 15:23:04', '0000-00-00 00:00:00'),
(1, '2018-03-27 10:25:58', '0000-00-00 00:00:00'),
(1, '2018-03-27 11:26:25', '0000-00-00 00:00:00'),
(1, '2018-03-27 15:06:11', '0000-00-00 00:00:00'),
(1, '2018-03-28 10:21:20', '0000-00-00 00:00:00'),
(1, '2018-04-01 11:34:58', '0000-00-00 00:00:00'),
(1, '2018-04-01 11:46:04', '0000-00-00 00:00:00'),
(1, '2018-04-01 11:48:04', '0000-00-00 00:00:00'),
(1, '2018-04-01 11:48:51', '0000-00-00 00:00:00'),
(1, '2018-04-01 13:00:20', '0000-00-00 00:00:00'),
(1, '2018-04-01 13:26:15', '0000-00-00 00:00:00'),
(1, '2018-04-01 14:29:59', '0000-00-00 00:00:00'),
(1, '2018-04-01 15:35:10', '0000-00-00 00:00:00'),
(1, '2018-04-01 15:53:53', '0000-00-00 00:00:00'),
(1, '2018-04-01 16:02:16', '2018-04-01 16:04:02'),
(1, '2018-04-01 16:49:55', '2018-04-01 16:50:03'),
(1, '2018-04-01 16:56:57', '0000-00-00 00:00:00'),
(1, '2018-04-01 17:24:32', '0000-00-00 00:00:00'),
(1, '2018-04-01 17:26:59', '2018-04-01 19:02:55'),
(1, '2018-04-01 17:41:13', '0000-00-00 00:00:00'),
(1, '2018-04-01 17:50:38', '0000-00-00 00:00:00'),
(1, '2018-04-01 17:52:58', '0000-00-00 00:00:00'),
(1, '2018-04-01 17:58:19', '0000-00-00 00:00:00'),
(1, '2018-04-02 10:37:23', '0000-00-00 00:00:00'),
(1, '2018-04-02 10:38:49', '0000-00-00 00:00:00'),
(1, '2018-04-02 11:03:00', '0000-00-00 00:00:00'),
(1, '2018-04-02 11:14:01', '0000-00-00 00:00:00'),
(1, '2018-04-02 14:39:47', '0000-00-00 00:00:00'),
(1, '2018-04-02 17:44:26', '0000-00-00 00:00:00'),
(1, '2018-04-03 10:36:11', '0000-00-00 00:00:00'),
(1, '2018-04-03 11:21:25', '0000-00-00 00:00:00'),
(1, '2018-04-03 12:25:13', '0000-00-00 00:00:00'),
(1, '2018-04-03 13:00:00', '0000-00-00 00:00:00'),
(1, '2018-04-03 16:01:09', '0000-00-00 00:00:00'),
(1, '2018-11-18 12:02:32', '0000-00-00 00:00:00'),
(1, '2018-11-19 12:31:07', '0000-00-00 00:00:00'),
(1, '2018-11-19 14:05:46', '0000-00-00 00:00:00'),
(1, '2018-11-19 15:54:48', '0000-00-00 00:00:00'),
(1, '2018-11-19 16:58:01', '0000-00-00 00:00:00'),
(1, '2018-11-20 09:18:04', '0000-00-00 00:00:00'),
(1, '2018-11-24 10:08:52', '0000-00-00 00:00:00'),
(1, '2018-11-24 11:01:20', '0000-00-00 00:00:00'),
(1, '2018-11-24 11:27:57', '0000-00-00 00:00:00'),
(1, '2018-11-24 14:20:28', '0000-00-00 00:00:00'),
(1, '2018-11-24 16:07:59', '0000-00-00 00:00:00'),
(1, '2018-11-24 17:46:58', '0000-00-00 00:00:00'),
(1, '2018-11-25 09:35:05', '0000-00-00 00:00:00'),
(1, '2018-11-25 11:18:10', '0000-00-00 00:00:00'),
(1, '2018-11-25 14:20:22', '2018-11-25 17:39:38'),
(1, '2018-11-25 17:51:56', '0000-00-00 00:00:00'),
(1, '2018-11-26 09:13:13', '0000-00-00 00:00:00'),
(1, '2018-11-26 10:25:10', '0000-00-00 00:00:00'),
(1, '2018-12-01 12:21:13', '0000-00-00 00:00:00'),
(1, '2018-12-01 13:35:56', '0000-00-00 00:00:00'),
(1, '2018-12-02 12:03:17', '0000-00-00 00:00:00'),
(1, '2018-12-03 10:15:44', '2018-12-03 10:18:53'),
(1, '2018-12-03 10:23:43', '2018-12-03 11:44:14'),
(1, '2018-12-03 11:44:42', '0000-00-00 00:00:00'),
(1, '2018-12-23 09:30:19', '2018-12-23 14:17:05'),
(1, '2018-12-23 14:17:57', '0000-00-00 00:00:00'),
(1, '2019-01-01 11:05:27', '0000-00-00 00:00:00'),
(1, '2019-08-27 10:50:26', '0000-00-00 00:00:00'),
(1, '2019-08-27 10:39:22', '0000-00-00 00:00:00'),
(1, '2019-08-27 12:17:59', '0000-00-00 00:00:00'),
(1, '2019-08-27 12:57:44', '0000-00-00 00:00:00'),
(1, '2019-08-27 13:12:35', '0000-00-00 00:00:00'),
(1, '2019-08-28 11:05:05', '2019-08-28 12:48:07'),
(1, '2019-08-29 08:09:50', '2019-08-29 08:10:04'),
(1, '2019-08-29 08:10:32', '2019-08-29 09:55:41'),
(1, '2019-08-29 09:55:44', '2019-08-29 10:41:16'),
(1, '2019-08-29 10:41:18', '0000-00-00 00:00:00'),
(1, '2019-08-31 05:33:19', '0000-00-00 00:00:00'),
(1, '2019-08-31 02:17:53', '0000-00-00 00:00:00'),
(1, '2019-08-31 02:21:37', '0000-00-00 00:00:00'),
(1, '2019-08-31 11:40:11', '0000-00-00 00:00:00'),
(1, '2019-08-31 14:21:07', '0000-00-00 00:00:00'),
(1, '2019-09-01 06:01:26', '0000-00-00 00:00:00'),
(1, '2019-09-11 13:42:45', '2019-09-11 13:42:50'),
(1, '2019-09-11 14:07:35', '0000-00-00 00:00:00'),
(1, '2019-09-14 11:52:15', '0000-00-00 00:00:00'),
(1, '2019-09-15 06:23:49', '0000-00-00 00:00:00'),
(1, '2019-09-17 06:44:11', '0000-00-00 00:00:00'),
(1, '2019-09-28 07:33:52', '0000-00-00 00:00:00'),
(1, '2019-10-26 01:51:27', '0000-00-00 00:00:00'),
(1, '2019-10-26 01:51:27', '0000-00-00 00:00:00'),
(1, '2019-10-26 05:30:54', '0000-00-00 00:00:00'),
(1, '2019-10-26 23:32:45', '0000-00-00 00:00:00'),
(1, '2019-10-26 23:38:06', '2019-10-26 23:40:13'),
(1, '2019-10-26 23:40:18', '2019-10-26 23:40:23'),
(1, '2019-10-26 23:40:33', '2019-10-27 08:04:18'),
(1, '2019-10-27 05:42:33', '2019-10-27 08:11:55'),
(1, '2019-10-27 08:04:23', '0000-00-00 00:00:00'),
(10, '2019-10-27 08:12:17', '0000-00-00 00:00:00'),
(1, '2019-10-27 23:33:28', '2019-10-27 23:35:12'),
(1, '2019-10-27 23:39:44', '2019-10-27 23:39:44'),
(1, '2019-10-27 23:39:48', '2019-10-27 23:39:49'),
(1, '2019-10-27 23:40:07', '2019-10-27 23:40:08'),
(1, '2019-10-28 00:21:26', '2019-10-28 00:21:27'),
(1, '2019-10-28 00:25:42', '2019-10-28 00:25:42'),
(1, '2019-10-28 00:25:49', '2019-10-28 00:25:49'),
(1, '2019-10-28 00:30:42', '2019-10-28 00:30:42'),
(1, '2019-10-28 00:30:58', '2019-10-28 00:30:58'),
(1, '2019-10-28 00:30:59', '2019-10-28 00:31:00'),
(1, '2019-10-28 00:31:09', '2019-10-28 00:31:09'),
(10, '2019-10-28 00:31:24', '2019-10-28 00:31:40'),
(10, '2019-10-28 00:32:07', '2019-10-28 01:27:42'),
(1, '2019-10-28 00:48:14', '2019-10-28 00:48:15'),
(1, '2019-10-28 00:48:20', '2019-10-28 00:48:20'),
(10, '2019-10-28 01:28:19', '2019-10-28 01:42:10'),
(1, '2019-10-28 01:29:11', '2019-10-28 01:29:20'),
(1, '2019-10-28 01:29:37', '2019-10-28 01:29:37'),
(1, '2019-10-28 01:29:44', '2019-10-28 01:29:44'),
(1, '2019-10-28 01:29:50', '2019-10-28 01:29:51'),
(1, '2019-10-28 01:31:23', '2019-10-28 01:31:24'),
(1, '2019-10-28 01:31:30', '2019-10-28 01:31:30'),
(1, '2019-10-28 01:41:22', '2019-10-28 01:41:22'),
(10, '2019-10-28 01:42:23', '2019-10-28 01:42:24'),
(10, '2019-10-28 01:42:35', '2019-10-28 01:42:35'),
(10, '2019-10-28 01:42:46', '2019-10-28 02:42:05'),
(1, '2019-10-28 02:28:40', '2019-10-28 02:28:41'),
(1, '2019-10-28 02:35:26', '2019-10-28 02:35:44'),
(1, '2019-10-28 02:35:48', '2019-10-28 02:35:48'),
(1, '2019-10-28 02:36:24', '2019-10-28 02:36:25'),
(1, '2019-10-28 02:36:58', '2019-10-28 02:42:15'),
(10, '2019-10-28 02:42:17', '2019-10-28 02:42:48'),
(10, '2019-10-28 02:56:26', '2019-10-28 03:03:31'),
(1, '2019-10-28 02:57:21', '2019-10-28 02:57:48'),
(1, '2019-10-28 02:58:04', '2019-10-28 03:09:44'),
(10, '2019-10-28 03:03:34', '2019-10-28 03:03:51'),
(10, '2019-10-28 03:04:02', '2019-10-28 03:04:25'),
(10, '2019-10-28 03:04:28', '0000-00-00 00:00:00'),
(1, '2019-10-28 03:10:28', '2019-10-28 05:47:08'),
(10, '2019-10-28 04:37:56', '0000-00-00 00:00:00'),
(1, '2019-10-28 04:47:55', '0000-00-00 00:00:00'),
(1, '2019-10-28 05:48:55', '0000-00-00 00:00:00'),
(10, '2019-10-28 23:46:17', '0000-00-00 00:00:00'),
(1, '2019-10-29 00:00:49', '2019-10-29 05:04:31'),
(1, '2019-10-29 00:26:16', '0000-00-00 00:00:00'),
(10, '2019-10-29 02:27:08', '0000-00-00 00:00:00'),
(1, '2019-10-29 04:34:54', '0000-00-00 00:00:00'),
(1, '2019-10-29 05:02:37', '2019-10-29 05:04:11'),
(1, '2019-10-29 05:03:01', '2019-10-29 05:03:40'),
(10, '2019-10-29 05:03:54', '0000-00-00 00:00:00'),
(1, '2019-10-29 05:04:42', '2019-10-29 05:04:59'),
(1, '2019-10-29 05:05:06', '2019-10-29 05:05:33'),
(1, '2019-10-29 05:05:53', '0000-00-00 00:00:00'),
(1, '2019-10-29 05:06:06', '2019-10-29 05:11:00'),
(12, '2019-10-29 05:11:05', '2019-10-29 05:12:38'),
(1, '2019-10-29 05:12:55', '0000-00-00 00:00:00'),
(1, '2019-10-29 07:19:06', '0000-00-00 00:00:00'),
(1, '2019-10-29 07:38:19', '0000-00-00 00:00:00'),
(1, '2019-10-29 07:40:05', '0000-00-00 00:00:00'),
(1, '2019-10-29 23:34:15', '0000-00-00 00:00:00'),
(1, '2019-10-31 06:54:28', '2019-10-31 08:10:16'),
(1, '2019-10-31 08:14:56', '2019-10-31 08:14:59'),
(1, '2019-10-31 08:15:33', '2019-10-31 08:15:36'),
(1, '2019-11-02 00:20:38', '0000-00-00 00:00:00'),
(1, '2019-11-02 06:03:54', '0000-00-00 00:00:00'),
(1, '2019-11-02 08:19:55', '0000-00-00 00:00:00'),
(1, '2019-11-02 23:40:20', '0000-00-00 00:00:00'),
(1, '2019-11-02 23:41:46', '0000-00-00 00:00:00'),
(1, '2019-11-03 00:59:17', '0000-00-00 00:00:00'),
(1, '2019-11-03 04:44:48', '0000-00-00 00:00:00'),
(1, '2019-11-03 22:21:37', '0000-00-00 00:00:00'),
(1, '2019-11-03 22:49:30', '0000-00-00 00:00:00'),
(1, '2019-11-03 23:17:35', '0000-00-00 00:00:00'),
(1, '2019-11-04 01:58:34', '0000-00-00 00:00:00'),
(1, '2019-11-04 02:55:44', '0000-00-00 00:00:00'),
(1, '2019-11-04 04:02:59', '0000-00-00 00:00:00'),
(1, '2019-11-04 05:52:31', '0000-00-00 00:00:00'),
(1, '2019-11-04 22:16:18', '0000-00-00 00:00:00'),
(1, '2019-11-04 22:16:27', '0000-00-00 00:00:00'),
(1, '2019-11-06 00:52:39', '0000-00-00 00:00:00'),
(1, '2019-11-06 06:04:08', '0000-00-00 00:00:00'),
(1, '2019-11-11 00:18:31', '0000-00-00 00:00:00'),
(1, '2019-11-11 04:21:32', '0000-00-00 00:00:00'),
(1, '2019-11-11 05:57:37', '0000-00-00 00:00:00'),
(1, '2019-11-11 22:16:02', '0000-00-00 00:00:00'),
(1, '2019-11-12 00:45:54', '0000-00-00 00:00:00'),
(1, '2019-11-12 04:11:23', '0000-00-00 00:00:00'),
(1, '2019-11-12 22:12:47', '0000-00-00 00:00:00'),
(10, '2019-11-12 22:43:35', '2019-11-12 22:44:25'),
(1, '2019-11-12 22:44:43', '0000-00-00 00:00:00'),
(1, '2019-11-13 22:15:52', '0000-00-00 00:00:00'),
(1, '2019-11-13 22:23:47', '0000-00-00 00:00:00'),
(1, '2019-11-13 22:46:19', '0000-00-00 00:00:00'),
(12, '2019-11-13 23:09:15', '2019-11-13 23:09:23'),
(1, '2019-11-13 23:09:50', '0000-00-00 00:00:00'),
(1, '2019-11-13 23:10:54', '0000-00-00 00:00:00'),
(1, '2019-11-13 23:16:26', '0000-00-00 00:00:00'),
(1, '2019-11-13 23:31:22', '0000-00-00 00:00:00'),
(1, '2019-11-14 01:05:38', '0000-00-00 00:00:00'),
(1, '2019-11-14 04:51:01', '0000-00-00 00:00:00'),
(1, '2019-11-15 22:20:41', '0000-00-00 00:00:00'),
(1, '2019-11-15 23:36:19', '0000-00-00 00:00:00'),
(1, '2019-11-16 04:09:31', '2019-11-16 04:48:51'),
(1, '2019-11-16 04:48:56', '0000-00-00 00:00:00'),
(1, '2019-11-16 22:30:45', '2019-11-17 07:03:14'),
(1, '2019-11-17 22:05:13', '2019-11-17 22:10:57'),
(1, '2019-11-17 22:13:03', '0000-00-00 00:00:00'),
(1, '2019-11-22 22:05:25', '2019-11-22 22:55:38'),
(1, '2019-11-29 22:49:18', '0000-00-00 00:00:00'),
(1, '2019-12-03 23:14:13', '0000-00-00 00:00:00'),
(1, '2019-12-04 05:30:45', '0000-00-00 00:00:00'),
(1, '2019-12-04 22:02:51', '0000-00-00 00:00:00'),
(1, '2019-12-04 22:43:19', '0000-00-00 00:00:00'),
(1, '2019-12-06 22:04:29', '0000-00-00 00:00:00'),
(1, '2019-12-08 00:46:59', '0000-00-00 00:00:00'),
(1, '2019-12-08 03:31:19', '2019-12-08 05:38:29'),
(1, '2019-12-08 05:38:47', '0000-00-00 00:00:00'),
(1, '2019-12-08 23:19:48', '2019-12-09 02:00:52'),
(1, '2019-12-09 01:41:29', '0000-00-00 00:00:00'),
(1, '2019-12-09 01:58:44', '2019-12-09 01:59:00'),
(13, '2019-12-09 01:59:44', '0000-00-00 00:00:00'),
(1, '2019-12-09 02:00:57', '2019-12-09 02:01:32'),
(13, '2019-12-09 02:01:53', '2019-12-09 02:02:34'),
(13, '2019-12-09 02:05:08', '2019-12-09 02:07:58'),
(14, '2019-12-09 02:08:06', '2019-12-09 02:09:34'),
(14, '2019-12-09 02:09:46', '0000-00-00 00:00:00'),
(13, '2019-12-09 06:04:12', '0000-00-00 00:00:00'),
(14, '2019-12-09 22:05:32', '0000-00-00 00:00:00'),
(14, '2019-12-10 23:02:29', '0000-00-00 00:00:00'),
(13, '2019-12-18 08:10:46', '2019-12-18 10:39:47'),
(14, '2019-12-18 10:42:14', '0000-00-00 00:00:00'),
(14, '2019-12-24 11:34:14', '0000-00-00 00:00:00'),
(14, '2019-12-25 06:49:54', '2019-12-25 07:04:28'),
(14, '2019-12-25 07:04:49', '2019-12-25 08:03:42'),
(14, '2019-12-25 08:03:55', '0000-00-00 00:00:00'),
(14, '2019-12-26 05:21:48', '2019-12-26 05:35:53'),
(14, '2019-12-26 05:36:06', '0000-00-00 00:00:00'),
(14, '2019-12-27 07:37:04', '0000-00-00 00:00:00'),
(14, '2019-12-28 05:59:49', '0000-00-00 00:00:00'),
(14, '2019-12-28 06:58:33', '0000-00-00 00:00:00'),
(14, '2019-12-28 06:59:15', '0000-00-00 00:00:00'),
(14, '2019-12-28 23:05:19', '0000-00-00 00:00:00'),
(14, '2019-12-29 22:26:20', '0000-00-00 00:00:00'),
(14, '2019-12-30 23:00:30', '0000-00-00 00:00:00'),
(14, '2019-12-31 23:39:27', '0000-00-00 00:00:00'),
(13, '2020-01-05 07:03:14', '2020-01-05 07:03:36'),
(14, '2020-01-05 07:03:52', '0000-00-00 00:00:00'),
(14, '2020-01-07 05:44:08', '0000-00-00 00:00:00'),
(14, '2020-01-08 01:09:43', '2020-01-08 01:15:01'),
(14, '2020-01-08 22:56:24', '0000-00-00 00:00:00'),
(14, '2020-01-08 23:35:17', '0000-00-00 00:00:00'),
(13, '2020-01-08 23:57:57', '0000-00-00 00:00:00'),
(13, '2020-01-09 07:28:17', '0000-00-00 00:00:00'),
(14, '2020-01-10 23:55:07', '0000-00-00 00:00:00'),
(13, '2020-01-13 01:11:16', '0000-00-00 00:00:00'),
(13, '2020-01-13 01:31:02', '0000-00-00 00:00:00'),
(13, '2020-01-13 05:41:44', '2020-01-13 05:49:18'),
(14, '2020-01-13 05:49:21', '2020-01-13 05:49:35'),
(13, '2020-01-13 05:49:44', '2020-01-13 05:50:08'),
(14, '2020-01-13 05:50:15', '2020-01-13 05:50:32'),
(13, '2020-01-13 05:50:41', '0000-00-00 00:00:00'),
(14, '2020-01-13 22:46:31', '0000-00-00 00:00:00'),
(13, '2020-01-13 23:21:20', '0000-00-00 00:00:00'),
(14, '2020-01-14 03:38:45', '0000-00-00 00:00:00'),
(14, '2020-01-14 06:27:57', '0000-00-00 00:00:00'),
(13, '2020-01-15 01:03:22', '0000-00-00 00:00:00'),
(13, '2020-01-15 03:45:39', '0000-00-00 00:00:00'),
(13, '2020-01-23 00:59:45', '0000-00-00 00:00:00'),
(13, '2020-01-23 03:32:11', '0000-00-00 00:00:00'),
(13, '2020-01-23 04:04:59', '2020-01-23 05:24:14'),
(13, '2020-02-01 23:51:34', '0000-00-00 00:00:00'),
(13, '2020-02-02 23:55:44', '0000-00-00 00:00:00'),
(14, '2020-02-03 00:36:58', '0000-00-00 00:00:00'),
(13, '2020-07-20 05:02:50', '0000-00-00 00:00:00'),
(13, '2020-07-21 07:16:09', '0000-00-00 00:00:00'),
(13, '2020-07-21 11:27:34', '2020-07-21 12:50:20'),
(14, '2020-07-21 12:51:46', '0000-00-00 00:00:00'),
(13, '2020-07-21 23:20:56', '0000-00-00 00:00:00'),
(14, '2020-07-21 23:29:00', '2020-07-21 23:31:39'),
(14, '2020-07-21 23:36:42', '0000-00-00 00:00:00'),
(13, '2020-07-21 23:38:28', '0000-00-00 00:00:00'),
(13, '2020-07-22 08:13:05', '0000-00-00 00:00:00'),
(13, '2020-07-22 10:51:06', '0000-00-00 00:00:00'),
(13, '2020-07-22 11:16:54', '0000-00-00 00:00:00'),
(14, '2020-07-22 11:21:21', '0000-00-00 00:00:00'),
(14, '2020-07-23 00:29:01', '0000-00-00 00:00:00'),
(13, '2020-07-23 02:41:24', '0000-00-00 00:00:00'),
(13, '2020-07-23 09:51:08', '0000-00-00 00:00:00'),
(13, '2020-07-24 00:57:53', '0000-00-00 00:00:00'),
(13, '2020-08-10 06:06:20', '2020-08-10 06:09:48'),
(15, '2020-08-10 06:10:07', '2020-08-10 06:15:18'),
(13, '2020-08-10 06:15:29', '0000-00-00 00:00:00'),
(13, '2020-08-11 09:34:18', '0000-00-00 00:00:00'),
(13, '2020-08-16 09:49:47', '0000-00-00 00:00:00'),
(13, '2020-09-07 00:32:26', '0000-00-00 00:00:00'),
(13, '2020-09-27 02:06:48', '0000-00-00 00:00:00'),
(14, '2020-09-27 02:08:59', '0000-00-00 00:00:00'),
(14, '2020-09-27 02:46:10', '2020-09-27 02:57:28'),
(13, '2020-09-27 02:57:31', '2020-09-27 04:23:04'),
(14, '2020-09-27 04:23:12', '0000-00-00 00:00:00'),
(13, '2020-09-27 22:56:39', '2020-09-28 02:20:48'),
(14, '2020-09-28 02:20:54', '0000-00-00 00:00:00'),
(14, '2020-09-28 23:45:50', '2020-09-29 01:47:23'),
(14, '2020-09-29 01:50:40', '2020-09-29 01:52:29'),
(14, '2020-09-29 01:52:44', '2020-09-29 01:52:48'),
(13, '2020-10-09 23:50:36', '0000-00-00 00:00:00'),
(13, '2020-10-10 02:38:20', '0000-00-00 00:00:00'),
(14, '2020-10-10 03:25:43', '0000-00-00 00:00:00'),
(13, '2020-10-10 09:30:41', '0000-00-00 00:00:00'),
(13, '2020-10-11 00:41:05', '0000-00-00 00:00:00'),
(13, '2020-10-11 04:23:04', '0000-00-00 00:00:00'),
(13, '2020-10-11 08:35:54', '0000-00-00 00:00:00'),
(14, '2020-10-11 23:44:45', '0000-00-00 00:00:00'),
(13, '2020-10-12 01:06:05', '0000-00-00 00:00:00'),
(13, '2020-10-12 01:48:41', '0000-00-00 00:00:00'),
(13, '2020-10-13 05:43:52', '0000-00-00 00:00:00'),
(14, '2020-10-13 05:46:18', '2020-10-13 05:47:54'),
(13, '2020-10-13 05:48:00', '2020-10-13 05:48:24'),
(14, '2020-10-13 05:48:31', '2020-10-13 05:48:47'),
(13, '2020-10-13 05:48:59', '2020-10-13 05:50:38'),
(13, '2020-10-13 05:50:48', '2020-10-13 05:51:09'),
(14, '2020-10-13 05:51:19', '0000-00-00 00:00:00'),
(13, '2020-10-15 01:18:14', '0000-00-00 00:00:00'),
(13, '2020-10-29 01:45:54', '0000-00-00 00:00:00'),
(13, '2020-11-04 08:56:14', '0000-00-00 00:00:00'),
(13, '2020-11-04 23:33:57', '2020-11-05 00:35:09'),
(14, '2020-11-05 00:35:21', '2020-11-05 04:20:50'),
(13, '2020-11-05 02:44:32', '0000-00-00 00:00:00'),
(13, '2020-11-05 04:21:04', '2020-11-05 04:21:21'),
(14, '2020-11-05 04:21:38', '2020-11-05 04:21:46'),
(13, '2020-11-05 04:21:52', '0000-00-00 00:00:00'),
(13, '2020-11-05 23:36:36', '0000-00-00 00:00:00'),
(13, '2020-11-06 01:59:43', '0000-00-00 00:00:00'),
(13, '2020-11-07 05:07:20', '2020-11-07 05:07:35'),
(14, '2020-11-07 05:07:42', '0000-00-00 00:00:00'),
(13, '2020-11-08 08:11:41', '0000-00-00 00:00:00'),
(13, '2020-11-11 22:22:06', '0000-00-00 00:00:00'),
(13, '2020-11-11 22:34:45', '0000-00-00 00:00:00'),
(13, '2020-11-11 23:46:48', '0000-00-00 00:00:00'),
(13, '2020-11-15 22:19:53', '0000-00-00 00:00:00'),
(14, '2020-11-16 00:29:48', '0000-00-00 00:00:00'),
(13, '2020-11-17 09:00:16', '0000-00-00 00:00:00'),
(14, '2020-11-17 09:06:54', '0000-00-00 00:00:00'),
(13, '2020-11-17 09:14:52', '0000-00-00 00:00:00'),
(13, '2020-11-18 01:04:42', '0000-00-00 00:00:00'),
(13, '2020-11-18 02:23:06', '0000-00-00 00:00:00'),
(14, '2020-11-18 04:45:12', '0000-00-00 00:00:00'),
(13, '2020-11-18 06:09:42', '0000-00-00 00:00:00'),
(13, '2020-11-18 07:32:42', '0000-00-00 00:00:00'),
(13, '2020-11-18 22:48:55', '0000-00-00 00:00:00'),
(14, '2020-11-19 01:12:15', '0000-00-00 00:00:00'),
(13, '2020-11-19 02:55:38', '0000-00-00 00:00:00'),
(13, '2020-11-19 07:03:17', '0000-00-00 00:00:00'),
(13, '2020-11-20 00:16:51', '2020-11-20 00:24:03'),
(13, '2020-11-22 09:33:28', '0000-00-00 00:00:00'),
(13, '2020-11-29 22:59:24', '0000-00-00 00:00:00'),
(14, '2020-12-01 06:06:29', '2020-12-01 06:13:46'),
(14, '2020-12-28 00:32:10', '0000-00-00 00:00:00'),
(13, '2021-01-05 07:35:37', '0000-00-00 00:00:00'),
(13, '2021-01-06 00:21:44', '2021-01-06 00:24:42'),
(14, '2021-01-06 00:24:53', '2021-01-06 00:25:26'),
(13, '2021-01-06 00:25:31', '0000-00-00 00:00:00'),
(13, '2021-01-06 01:41:52', '0000-00-00 00:00:00'),
(13, '2021-01-10 02:21:46', '0000-00-00 00:00:00'),
(13, '2021-01-16 00:36:27', '0000-00-00 00:00:00'),
(13, '2021-01-16 00:47:25', '0000-00-00 00:00:00'),
(13, '2021-01-19 12:32:54', '0000-00-00 00:00:00'),
(13, '2021-01-23 22:28:25', '0000-00-00 00:00:00'),
(14, '2021-01-23 22:47:42', '0000-00-00 00:00:00'),
(14, '2021-01-24 00:22:47', '0000-00-00 00:00:00'),
(14, '2021-01-24 22:05:28', '2021-01-25 01:53:10'),
(13, '2021-01-26 00:18:24', '0000-00-00 00:00:00'),
(14, '2021-01-26 04:10:46', '0000-00-00 00:00:00'),
(13, '2021-02-01 06:03:33', '2021-02-01 06:05:09'),
(16, '2021-02-01 06:05:17', '2021-02-01 06:06:06'),
(14, '2021-02-01 06:19:50', '2021-02-01 06:20:29'),
(14, '2021-02-01 06:23:45', '2021-02-01 06:27:34'),
(14, '2021-02-01 06:27:58', '0000-00-00 00:00:00'),
(13, '2021-02-01 07:32:58', '0000-00-00 00:00:00'),
(14, '2021-02-02 01:07:36', '0000-00-00 00:00:00'),
(13, '2021-02-02 22:19:54', '0000-00-00 00:00:00'),
(13, '2021-02-02 23:19:44', '2021-02-03 01:00:44'),
(14, '2021-02-03 00:00:10', '2021-02-03 01:48:19'),
(16, '2021-02-03 01:48:22', '2021-02-03 01:48:36'),
(14, '2021-02-03 01:48:44', '0000-00-00 00:00:00'),
(13, '2021-02-03 22:41:30', '2021-02-03 22:48:00'),
(13, '2021-02-05 22:07:23', '0000-00-00 00:00:00'),
(13, '2021-02-06 07:13:58', '0000-00-00 00:00:00'),
(13, '2021-02-07 05:45:15', '2021-02-07 05:58:38'),
(13, '2021-02-07 07:15:24', '0000-00-00 00:00:00'),
(13, '2021-02-07 10:24:32', '0000-00-00 00:00:00'),
(13, '2021-02-08 00:21:12', '0000-00-00 00:00:00'),
(14, '2021-02-08 22:02:49', '0000-00-00 00:00:00'),
(13, '2021-02-09 05:48:07', '2021-02-09 05:54:00'),
(14, '2021-02-09 06:03:27', '0000-00-00 00:00:00'),
(13, '2021-02-09 09:12:45', '0000-00-00 00:00:00'),
(13, '2021-02-10 04:17:07', '2021-02-10 05:07:46'),
(14, '2021-02-10 05:07:56', '2021-02-10 05:08:04'),
(14, '2021-02-10 05:08:10', '2021-02-10 05:09:19'),
(14, '2021-02-10 05:09:25', '2021-02-10 05:10:20'),
(14, '2021-02-10 05:10:26', '2021-02-10 05:27:10'),
(13, '2021-02-10 05:27:16', '2021-02-10 05:27:36'),
(13, '2021-02-10 05:27:48', '2021-02-10 05:49:20'),
(13, '2021-02-10 07:10:00', '0000-00-00 00:00:00'),
(13, '2021-03-31 05:38:37', '2021-03-31 05:38:45'),
(14, '2021-03-31 05:38:56', '2021-03-31 11:21:01'),
(13, '2021-03-31 11:21:06', '0000-00-00 00:00:00'),
(13, '2021-04-10 12:31:54', '2021-04-10 12:35:18'),
(14, '2021-04-10 12:35:24', '0000-00-00 00:00:00'),
(14, '2021-04-11 13:16:51', '0000-00-00 00:00:00'),
(14, '2021-04-12 05:29:15', '0000-00-00 00:00:00'),
(14, '2021-04-12 10:58:55', '0000-00-00 00:00:00'),
(14, '2021-04-13 08:09:34', '0000-00-00 00:00:00'),
(14, '2021-04-15 05:45:04', '0000-00-00 00:00:00');

-- --------------------------------------------------------

--
-- Table structure for table `brands`
--

CREATE TABLE `brands` (
  `id` int(11) NOT NULL,
  `brand` varchar(255) COLLATE utf8mb4_unicode_ci NOT NULL,
  `trash` int(1) NOT NULL DEFAULT 0
) ENGINE=InnoDB DEFAULT CHARSET=utf8mb4 COLLATE=utf8mb4_unicode_ci;

--
-- Dumping data for table `brands`
--

INSERT INTO `brands` (`id`, `brand`, `trash`) VALUES
(1, 'Test Brand', 0);

-- --------------------------------------------------------

--
-- Table structure for table `categories`
--

CREATE TABLE `categories` (
  `id` int(11) NOT NULL,
  `category` varchar(255) COLLATE utf8mb4_unicode_ci NOT NULL,
  `img` text COLLATE utf8mb4_unicode_ci NOT NULL,
  `position` int(11) NOT NULL DEFAULT 0,
  `trash` int(1) NOT NULL DEFAULT 0
) ENGINE=InnoDB DEFAULT CHARSET=utf8mb4 COLLATE=utf8mb4_unicode_ci;

--
-- Dumping data for table `categories`
--

INSERT INTO `categories` (`id`, `category`, `img`, `position`, `trash`) VALUES
(1, 'Food', 'public/images/categories/1618209257.webp', 0, 1),
(2, 'Food', 'public/images/categories/1618219650.webp', 0, 0),
(3, 'Mobile', 'public/images/categories/1618220082.png', 0, 0),
(4, 'Computer', 'public/images/categories/1618220088.png', 0, 0),
(5, 'Car', 'public/images/categories/1618220092.png', 0, 0),
(6, 'Cloth', 'public/images/categories/1618220108.jpg', 0, 0),
(7, 'Vegetable', 'public/images/categories/1618220113.webp', 0, 0),
(8, 'Instruments', 'public/images/categories/1618220119.jpg', 0, 0),
(9, 'Mobile', '', 0, 1);

-- --------------------------------------------------------

--
-- Table structure for table `colors`
--

CREATE TABLE `colors` (
  `id` int(11) NOT NULL,
  `color` varchar(255) COLLATE utf8mb4_unicode_ci NOT NULL,
  `trash` int(1) NOT NULL DEFAULT 0
) ENGINE=InnoDB DEFAULT CHARSET=utf8mb4 COLLATE=utf8mb4_unicode_ci;

--
-- Dumping data for table `colors`
--

INSERT INTO `colors` (`id`, `color`, `trash`) VALUES
(1, 'Test Brand', 1),
(2, 'Red', 0),
(3, 'Green', 0),
(4, 'Yellow', 0);

-- --------------------------------------------------------

--
-- Table structure for table `footer`
--

CREATE TABLE `footer` (
  `id` int(11) NOT NULL,
  `location` varchar(100) COLLATE utf8mb4_unicode_ci NOT NULL,
  `email` varchar(100) COLLATE utf8mb4_unicode_ci NOT NULL,
  `phone` varchar(100) COLLATE utf8mb4_unicode_ci NOT NULL,
  `fb_link` varchar(100) COLLATE utf8mb4_unicode_ci NOT NULL,
  `g_link` varchar(100) COLLATE utf8mb4_unicode_ci NOT NULL,
  `in_link` varchar(100) COLLATE utf8mb4_unicode_ci NOT NULL,
  `tw_link` varchar(100) COLLATE utf8mb4_unicode_ci NOT NULL,
  `youtube` varchar(255) COLLATE utf8mb4_unicode_ci DEFAULT NULL,
  `trash` varchar(100) COLLATE utf8mb4_unicode_ci NOT NULL
) ENGINE=MyISAM DEFAULT CHARSET=utf8mb4 COLLATE=utf8mb4_unicode_ci;

--
-- Dumping data for table `footer`
--

INSERT INTO `footer` (`id`, `location`, `email`, `phone`, `fb_link`, `g_link`, `in_link`, `tw_link`, `youtube`, `trash`) VALUES
(1, 'Main Road, Jhaudanga Bazar, Satkhira', 'akashelectronics@gmail.com', '01814-606401', 'https://www.facebook.com/', '', '', 'https://www.twitter.com', 'https://www.youtube.com', '');

-- --------------------------------------------------------

--
-- Table structure for table `frontend_users`
--

CREATE TABLE `frontend_users` (
  `id` int(11) NOT NULL,
  `created_at` datetime NOT NULL DEFAULT current_timestamp(),
  `username` varchar(255) COLLATE utf8mb4_unicode_ci DEFAULT NULL,
  `first_name` varchar(255) COLLATE utf8mb4_unicode_ci DEFAULT NULL,
  `last_name` varchar(255) COLLATE utf8mb4_unicode_ci DEFAULT NULL,
  `phone` varchar(255) COLLATE utf8mb4_unicode_ci DEFAULT NULL,
  `email` varchar(255) COLLATE utf8mb4_unicode_ci DEFAULT NULL,
  `password` varchar(255) COLLATE utf8mb4_unicode_ci DEFAULT NULL,
  `path` varchar(255) COLLATE utf8mb4_unicode_ci DEFAULT NULL,
  `accept` tinyint(4) NOT NULL DEFAULT 0,
  `status` tinyint(4) NOT NULL DEFAULT 0,
  `remember_token` varchar(255) COLLATE utf8mb4_unicode_ci DEFAULT NULL,
  `forgot_token` varchar(255) COLLATE utf8mb4_unicode_ci DEFAULT NULL,
  `updated_at` datetime NOT NULL DEFAULT current_timestamp()
) ENGINE=InnoDB DEFAULT CHARSET=utf8mb4 COLLATE=utf8mb4_unicode_ci;

--
-- Dumping data for table `frontend_users`
--

INSERT INTO `frontend_users` (`id`, `created_at`, `username`, `first_name`, `last_name`, `phone`, `email`, `password`, `path`, `accept`, `status`, `remember_token`, `forgot_token`, `updated_at`) VALUES
(1, '2019-09-11 16:01:23', 'Test', NULL, NULL, NULL, 'Test@Gmail.Com', NULL, NULL, 0, 0, NULL, NULL, '2019-09-11 16:01:23'),
(2, '2019-09-11 17:44:39', 'ripit', NULL, NULL, NULL, 'nisocacera@mailinator.net', 'Pa$$w0rd!', NULL, 1, 0, NULL, NULL, '2019-09-11 17:44:39'),
(3, '2019-09-11 17:48:03', 'xyrufazake', NULL, NULL, NULL, 'neropefuq@mailinator.com', 'Pa$$w0rd!', NULL, 1, 0, NULL, NULL, '2019-09-11 17:48:03'),
(4, '2019-09-11 17:50:14', 'qoqojik', NULL, NULL, NULL, 'zomo@mailinator.net', '9c622ddce42ed46304ad87b54a5b638b', NULL, 1, 0, NULL, NULL, '2019-09-11 17:50:14'),
(5, '2019-09-11 17:54:30', 'mivic', NULL, NULL, NULL, 'dyle@mailinator.com', '9c622ddce42ed46304ad87b54a5b638b', NULL, 1, 0, NULL, NULL, '2019-09-11 17:54:30'),
(6, '2019-09-11 18:26:40', 'superadmin', NULL, NULL, NULL, 'mkitlab@gmail.com', 'da0562cb48e9292a64140f1162353ecb', NULL, 1, 1, NULL, NULL, '2019-09-11 18:26:40');

-- --------------------------------------------------------

--
-- Table structure for table `header`
--

CREATE TABLE `header` (
  `id` int(11) NOT NULL,
  `web_title` varchar(100) COLLATE utf8mb4_unicode_ci NOT NULL,
  `web_logo` varchar(100) COLLATE utf8mb4_unicode_ci NOT NULL,
  `fev_icon` varchar(100) COLLATE utf8mb4_unicode_ci NOT NULL,
  `food_menu` text COLLATE utf8mb4_unicode_ci NOT NULL,
  `trash` int(100) NOT NULL
) ENGINE=MyISAM DEFAULT CHARSET=utf8mb4 COLLATE=utf8mb4_unicode_ci;

--
-- Dumping data for table `header`
--

INSERT INTO `header` (`id`, `web_title`, `web_logo`, `fev_icon`, `food_menu`, `trash`) VALUES
(1, 'Demo-Ecommerce', 'backend/images/header/gallery16180968230.png', 'backend/images/header/gallery16180510210.png', 'backend/images/header/gallery16102633590.pdf', 0);

-- --------------------------------------------------------

--
-- Table structure for table `image_gallery`
--

CREATE TABLE `image_gallery` (
  `id` int(11) NOT NULL,
  `img_name` varchar(100) COLLATE utf8mb4_unicode_ci NOT NULL,
  `img_path` varchar(100) COLLATE utf8mb4_unicode_ci NOT NULL,
  `trash` int(100) NOT NULL
) ENGINE=InnoDB DEFAULT CHARSET=utf8mb4 COLLATE=utf8mb4_unicode_ci;

--
-- Dumping data for table `image_gallery`
--

INSERT INTO `image_gallery` (`id`, `img_name`, `img_path`, `trash`) VALUES
(93, 'electronics product', 'backend/images/image_gallery/gallery16171652600.jpg', 0),
(94, 'electronics product', 'backend/images/image_gallery/gallery16171652510.jpg', 0),
(96, 'electronics product', 'backend/images/image_gallery/gallery16171652450.jpg', 0),
(97, 'electronics product', 'backend/images/image_gallery/gallery16171652350.jpg', 0),
(98, 'electronics product', 'backend/images/image_gallery/gallery16171652290.jpg', 0),
(99, 'electronics product', 'backend/images/image_gallery/gallery16171652220.jpg', 0);

-- --------------------------------------------------------

--
-- Table structure for table `messages`
--

CREATE TABLE `messages` (
  `id` int(10) UNSIGNED NOT NULL,
  `messages_date` varchar(20) COLLATE utf8mb4_unicode_ci NOT NULL,
  `messages_name` varchar(250) COLLATE utf8mb4_unicode_ci NOT NULL,
  `messages_mobile` varchar(50) COLLATE utf8mb4_unicode_ci NOT NULL,
  `messages_text` longtext COLLATE utf8mb4_unicode_ci NOT NULL,
  `messages_condition` varchar(20) COLLATE utf8mb4_unicode_ci NOT NULL
) ENGINE=InnoDB DEFAULT CHARSET=utf8mb4 COLLATE=utf8mb4_unicode_ci;

--
-- Dumping data for table `messages`
--

INSERT INTO `messages` (`id`, `messages_date`, `messages_name`, `messages_mobile`, `messages_text`, `messages_condition`) VALUES
(28, '2019-08-05', 'Mariochalt', '86225365333', 'Ciao!  bbgc.gov.bd \n \nWe present oneself \n \nSending your commercial proposal through the Contact us form which can be found on the sites in the Communication section. Feedback forms are filled in by our program and the captcha is solved. The profit of this method is that messages sent through feedback forms are whitelisted. This technique increases the probability that your message will be open. \n \nOur database contains more than 25 million sites around the world to which we can send your message. \n \nThe cost of one million messages 49 USD \n \nFREE TEST mailing of 50,000 messages to any country of your choice. \n \n \nThis message is automatically generated to use our contacts for communication. \n \n \n \nContact us. \nTelegram - @FeedbackFormEU \nSkype  FeedbackForm2019 \nEmail - FeedbackForm@make-success.com \nWhatsApp - +44 7598 509161', 'read'),
(29, '2019-08-05', 'Williamded', '81625456864', 'Good day! \nI am reaching out to you based on a request from a private investor who is looking for a potential investment opportunity in your country. \n \nDetails of investment proposal will be sent out to you on reading back from you as we deem it necessary to seek for your consent prior to any formal exchange of material information relating to the Investment. \n \nI look forward to your earliest response via my private email address. \n \nRegards, \nGilbert Mboweni \nEmail: g.mboweni@alliedconsults.com \nD/ Tel:+44 7459 225716', 'unread'),
(30, '2019-08-07', 'Robertmaync', '89744686129', 'We buy all crypto currencies at good rate, with reasonable commission between sellers and the mandates. \n \nContact us with the informations below if you are or have a potential seller. \n \nTel: +353 1 4378345 \nFax: +353 1 6865354 \nEmail: edwardm@lioncourtcrypto.com \n \nThank you, \nCrypto currencies Purchase Department, \nEdward Molina.', 'unread'),
(31, '2019-08-12', 'http://waicontwatchhea.tk/ka9s', '87455983127', 'Descry is  an wonderful  alms conducive to win.  http://ruiperplancwa.tk/f517', 'unread'),
(32, '2019-08-13', 'http://nendecetext.tk/4hyw', '88761835762', 'http://gehalsira.tk/rltso', 'unread'),
(33, '2019-08-17', 'Austinmek', '89194839753', 'Dropped in website’s rankings? Try our new Slow Link building Service. \nWe will run a slow & steady link building campaign for 7 days and send you a report with 140 live Social posts \n \nMore info and more variations in posts: \nhttps://monkeydigital.co/product/daily-social-posting-service/ \n \nThanks and regards \nMike \nmonkeydigital.co@gmail.com', 'read'),
(34, '2019-08-22', 'KennethHeani', '88395933239', 'Hey What we participate in here is , a kindoffer  http://kettthemafan.gq/on2vw', 'read'),
(35, '2019-08-26', 'PaulaWat', '82924838313', 'Lost data? We can help! We can recover data from any device no matter what the problem. We have a partnership with Western Digital, Hitachi, and Seagate. Please visit our website to learn more: https://drivesaversdatarecovery.com Or read our great Yelp and Google reviews!', 'unread'),
(36, '2019-08-26', 'Mauldonreaky', '84528491799', 'Hi there! You Need Leads, Sales, Conversions, Traffic for bbgc.gov.bd ? Will Findet... \nI WILL SEND 5 MILLION MESSAGES VIA WEBSITE CONTACT FORM Don\'t believe me? \nSince you\'re reading this message then you\'re living proof that contact form advertising works! \nWe can send your ad to people via their Website Contact Form. IF YOU ARE INTERESTED, \nContact us => https://www.fiverr.com/axyyko/get-sales-conversions-traffic-opt-in-for-your-business Regards, Mauldon', 'unread'),
(37, '2019-08-26', 'Mauldonreaky', '84874284499', 'Hi there! You Need Leads, Sales, Conversions, Traffic for bbgc.gov.bd ? Will Findet... \nI WILL SEND 5 MILLION MESSAGES VIA WEBSITE CONTACT FORM Don\'t believe me? \nSince you\'re reading this message then you\'re living proof that contact form advertising works! \nWe can send your ad to people via their Website Contact Form. IF YOU ARE INTERESTED, \nContact us => https://www.fiverr.com/axyyko/get-sales-conversions-traffic-opt-in-for-your-business Regards, Mauldon', 'unread'),
(38, '2019-08-26', 'Mauldonreaky', '89962351553', 'Hi there! You Need Leads, Sales, Conversions, Traffic for bbgc.gov.bd ? Will Findet... \nI WILL SEND 5 MILLION MESSAGES VIA WEBSITE CONTACT FORM Don\'t believe me? \nSince you\'re reading this message then you\'re living proof that contact form advertising works! \nWe can send your ad to people via their Website Contact Form. IF YOU ARE INTERESTED, \nContact us => https://www.fiverr.com/axyyko/get-sales-conversions-traffic-opt-in-for-your-business Regards, Mauldon', 'unread'),
(39, '2019-08-27', 'Mauldonreaky', '81835295159', 'Hi there! You Need Leads, Sales, Conversions, Traffic for bbgc.gov.bd ? Will Findet... \nI WILL SEND 5 MILLION MESSAGES VIA WEBSITE CONTACT FORM Don\'t believe me? \nSince you\'re reading this message then you\'re living proof that contact form advertising works! \nWe can send your ad to people via their Website Contact Form. IF YOU ARE INTERESTED, \nContact us => https://www.fiverr.com/axyyko/get-sales-conversions-traffic-opt-in-for-your-business Regards, Mauldon', 'unread'),
(40, '2019-08-27', 'Mauldonreaky', '85933455879', 'Hi there! You Need Leads, Sales, Conversions, Traffic for bbgc.gov.bd ? Will Findet... \nI WILL SEND 5 MILLION MESSAGES VIA WEBSITE CONTACT FORM Don\'t believe me? \nSince you\'re reading this message then you\'re living proof that contact form advertising works! \nWe can send your ad to people via their Website Contact Form. IF YOU ARE INTERESTED, \nContact us => https://www.fiverr.com/axyyko/get-sales-conversions-traffic-opt-in-for-your-business Regards, Mauldon', 'unread'),
(41, '2019-08-27', 'Mauldonreaky', '85478946394', 'Hi there! You Need Leads, Sales, Conversions, Traffic for bbgc.gov.bd ? Will Findet... \nI WILL SEND 5 MILLION MESSAGES VIA WEBSITE CONTACT FORM Don\'t believe me? \nSince you\'re reading this message then you\'re living proof that contact form advertising works! \nWe can send your ad to people via their Website Contact Form. IF YOU ARE INTERESTED, \nContact us => https://www.fiverr.com/axyyko/get-sales-conversions-traffic-opt-in-for-your-business Regards, Mauldon', 'unread'),
(42, '2019-10-31', 'Md. Mijanur Rahman', '01938925033', 'Name: Tahamina Akter\nRoll: 61\nID: 626\nAsk me to help you with the correct information about my father\'s name and headline and my date of birth.', 'unread');

-- --------------------------------------------------------

--
-- Table structure for table `products`
--

CREATE TABLE `products` (
  `id` int(11) NOT NULL,
  `title` varchar(255) COLLATE utf8mb4_unicode_ci NOT NULL,
  `brand_id` int(11) NOT NULL,
  `cat_id` int(11) NOT NULL,
  `sub_cat_id` int(11) NOT NULL,
  `price` decimal(10,2) NOT NULL DEFAULT 0.00,
  `min_qty` decimal(10,2) NOT NULL DEFAULT 0.00,
  `discount` decimal(10,2) NOT NULL DEFAULT 0.00,
  `warranty` varchar(255) COLLATE utf8mb4_unicode_ci NOT NULL,
  `feature_product` varchar(191) COLLATE utf8mb4_unicode_ci NOT NULL,
  `description` longtext COLLATE utf8mb4_unicode_ci NOT NULL,
  `status` varchar(191) COLLATE utf8mb4_unicode_ci NOT NULL,
  `trash` int(1) NOT NULL DEFAULT 0,
  `date` date NOT NULL DEFAULT current_timestamp()
) ENGINE=InnoDB DEFAULT CHARSET=utf8mb4 COLLATE=utf8mb4_unicode_ci;

--
-- Dumping data for table `products`
--

INSERT INTO `products` (`id`, `title`, `brand_id`, `cat_id`, `sub_cat_id`, `price`, `min_qty`, `discount`, `warranty`, `feature_product`, `description`, `status`, `trash`, `date`) VALUES
(1, 'What is Lorem Ipsum?', 1, 7, 3, '500.00', '1.00', '0.00', 'sdfsdf', 'no', 'dfsdfsdfsdfsdfsdfsdfsdfsdfsdf', 'available', 0, '2021-04-15');

-- --------------------------------------------------------

--
-- Table structure for table `product_colors`
--

CREATE TABLE `product_colors` (
  `id` int(11) NOT NULL,
  `product_id` int(11) NOT NULL,
  `color_id` int(11) NOT NULL
) ENGINE=InnoDB DEFAULT CHARSET=utf8mb4 COLLATE=utf8mb4_unicode_ci;

--
-- Dumping data for table `product_colors`
--

INSERT INTO `product_colors` (`id`, `product_id`, `color_id`) VALUES
(1, 1, 4),
(2, 1, 3);

-- --------------------------------------------------------

--
-- Table structure for table `product_images`
--

CREATE TABLE `product_images` (
  `id` int(11) NOT NULL,
  `product_id` int(11) NOT NULL,
  `large` text COLLATE utf8mb4_unicode_ci NOT NULL,
  `medium` text COLLATE utf8mb4_unicode_ci NOT NULL,
  `small` text COLLATE utf8mb4_unicode_ci NOT NULL,
  `type` varchar(191) COLLATE utf8mb4_unicode_ci NOT NULL
) ENGINE=InnoDB DEFAULT CHARSET=utf8mb4 COLLATE=utf8mb4_unicode_ci;

--
-- Dumping data for table `product_images`
--

INSERT INTO `product_images` (`id`, `product_id`, `large`, `medium`, `small`, `type`) VALUES
(1, 1, 'public/images/product/large/1618482038.webp', 'public/images/product/medium/1618482038.webp', 'public/images/product/small/1618482038.webp', 'feature_photo');

-- --------------------------------------------------------

--
-- Table structure for table `product_sizes`
--

CREATE TABLE `product_sizes` (
  `id` int(11) NOT NULL,
  `product_id` int(11) NOT NULL,
  `size_id` int(11) NOT NULL
) ENGINE=InnoDB DEFAULT CHARSET=utf8mb4 COLLATE=utf8mb4_unicode_ci;

--
-- Dumping data for table `product_sizes`
--

INSERT INTO `product_sizes` (`id`, `product_id`, `size_id`) VALUES
(1, 1, 4),
(2, 1, 3);

-- --------------------------------------------------------

--
-- Table structure for table `profiles`
--

CREATE TABLE `profiles` (
  `id` int(11) NOT NULL,
  `name` varchar(100) COLLATE utf8mb4_unicode_ci NOT NULL,
  `description` mediumtext COLLATE utf8mb4_unicode_ci NOT NULL,
  `path` varchar(100) COLLATE utf8mb4_unicode_ci NOT NULL,
  `trash` varchar(100) COLLATE utf8mb4_unicode_ci NOT NULL
) ENGINE=InnoDB DEFAULT CHARSET=utf8mb4 COLLATE=utf8mb4_unicode_ci;

--
-- Dumping data for table `profiles`
--

INSERT INTO `profiles` (`id`, `name`, `description`, `path`, `trash`) VALUES
(4, 'service', 'video link video link video link video link video link video link video link video link video link video link video link video link video link video link video link video link video link video link vi', 'backend/images/profile/gallery15775515640.jpg', ''),
(5, 'service', 'video link video link video link video link video link video link video link video link video link video link video link video link video link video link video link video link video link video link vi', 'backend/images/profile/gallery15775512050.png', ''),
(7, 'freelance it lab', 'ipsum is simply text of the stry simply dummy text of the printing and typesetting industry. lorem ipsum is simply text of the. lorem ipsum is simply text of the stry simply dummy text of the printing and text of the stry simply dummy text of the printing and typesetting industry.', 'backend/images/profile/gallery15775158600.png', ''),
(8, 'asad', 'video link video link video link video link video link video link video link video link video link video link video link video link video link video link video link video link video link video link video link video link video link video link video link video link video link video link video link video link video link video link video link video link', 'backend/images/profile/gallery15775509970.jpg', ''),
(9, 'service', 'video link video link video link video link video link video link video link video link video link video link video link video link video link video link video link video link video link video link vi', 'backend/images/profile/gallery15775515040.png', '');

-- --------------------------------------------------------

--
-- Table structure for table `recharge_sms`
--

CREATE TABLE `recharge_sms` (
  `id` tinyint(3) UNSIGNED NOT NULL,
  `date` date NOT NULL,
  `amount` varchar(192) COLLATE utf8mb4_unicode_ci NOT NULL,
  `sms` varchar(255) COLLATE utf8mb4_unicode_ci NOT NULL
) ENGINE=MyISAM DEFAULT CHARSET=utf8mb4 COLLATE=utf8mb4_unicode_ci;

--
-- Dumping data for table `recharge_sms`
--

INSERT INTO `recharge_sms` (`id`, `date`, `amount`, `sms`) VALUES
(1, '2019-10-20', '7500', '15000');

-- --------------------------------------------------------

--
-- Table structure for table `sessions`
--

CREATE TABLE `sessions` (
  `session_id` varchar(40) COLLATE utf8mb4_unicode_ci NOT NULL DEFAULT '0',
  `ip_address` varchar(45) COLLATE utf8mb4_unicode_ci NOT NULL DEFAULT '0',
  `user_agent` varchar(120) COLLATE utf8mb4_unicode_ci NOT NULL,
  `last_activity` int(10) UNSIGNED NOT NULL DEFAULT 0,
  `user_data` longtext COLLATE utf8mb4_unicode_ci NOT NULL
) ENGINE=InnoDB DEFAULT CHARSET=utf8mb4 COLLATE=utf8mb4_unicode_ci;

--
-- Dumping data for table `sessions`
--

INSERT INTO `sessions` (`session_id`, `ip_address`, `user_agent`, `last_activity`, `user_data`) VALUES
('04ffa9c0e1b62dd6746791ff1a3c28e8', '::1', 'Mozilla/5.0 (Windows NT 10.0; Win64; x64) AppleWebKit/537.36 (KHTML, like Gecko) Chrome/71.0.3578.98 Safari/537.36', 1546320141, 'a:12:{s:9:\"user_data\";s:0:\"\";s:7:\"user_id\";s:1:\"1\";s:12:\"login_period\";s:22:\"2019-01-01 11:05:27 am\";s:4:\"name\";s:23:\"Roja Knit Composite Ltd\";s:5:\"email\";s:24:\"freelanceitlab@gmail.com\";s:8:\"username\";s:10:\"superadmin\";s:6:\"mobile\";s:11:\"01762688999\";s:9:\"privilege\";s:5:\"super\";s:5:\"image\";s:30:\"public/profiles/superadmin.png\";s:6:\"branch\";s:1:\"0\";s:6:\"holder\";s:5:\"super\";s:8:\"loggedin\";b:1;}'),
('8d4169e617ef4bf6025b2644ae61178d', '::1', 'Mozilla/5.0 (Windows NT 10.0; Win64; x64) AppleWebKit/537.36 (KHTML, like Gecko) Chrome/76.0.3809.100 Safari/537.36', 1566881423, 'a:12:{s:9:\"user_data\";s:0:\"\";s:7:\"user_id\";s:1:\"1\";s:12:\"login_period\";s:22:\"2019-08-27 10:50:26 am\";s:4:\"name\";s:23:\"Roja Knit Composite Ltd\";s:5:\"email\";s:24:\"freelanceitlab@gmail.com\";s:8:\"username\";s:10:\"superadmin\";s:6:\"mobile\";s:11:\"01762688999\";s:9:\"privilege\";s:5:\"super\";s:5:\"image\";s:30:\"public/profiles/superadmin.png\";s:6:\"branch\";s:1:\"0\";s:6:\"holder\";s:5:\"super\";s:8:\"loggedin\";b:1;}'),
('ed0930ba7d39d6a0be6a700b0b7cc541', '::1', 'Mozilla/5.0 (Windows NT 10.0; Win64; x64) AppleWebKit/537.36 (KHTML, like Gecko) Chrome/71.0.3578.98 Safari/537.36', 1545564053, 'a:12:{s:9:\"user_data\";s:0:\"\";s:7:\"user_id\";s:1:\"1\";s:12:\"login_period\";s:22:\"2018-12-23 14:17:57 pm\";s:4:\"name\";s:23:\"Roja Knit Composite Ltd\";s:5:\"email\";s:24:\"freelanceitlab@gmail.com\";s:8:\"username\";s:10:\"superadmin\";s:6:\"mobile\";s:11:\"01762688999\";s:9:\"privilege\";s:5:\"super\";s:5:\"image\";s:30:\"public/profiles/superadmin.png\";s:6:\"branch\";s:1:\"0\";s:6:\"holder\";s:5:\"super\";s:8:\"loggedin\";b:1;}');

-- --------------------------------------------------------

--
-- Table structure for table `settings`
--

CREATE TABLE `settings` (
  `id` int(11) NOT NULL,
  `site_name` varchar(255) COLLATE utf8mb4_unicode_ci NOT NULL,
  `header_text` longtext COLLATE utf8mb4_unicode_ci NOT NULL,
  `footer_text` longtext COLLATE utf8mb4_unicode_ci NOT NULL,
  `banner_path` varchar(255) COLLATE utf8mb4_unicode_ci NOT NULL,
  `header_logo_path` varchar(255) COLLATE utf8mb4_unicode_ci NOT NULL,
  `footer_logo_path` varchar(255) COLLATE utf8mb4_unicode_ci NOT NULL,
  `favicon` varchar(255) COLLATE utf8mb4_unicode_ci NOT NULL,
  `currency` varchar(200) COLLATE utf8mb4_unicode_ci NOT NULL DEFAULT 'Tk',
  `address` varchar(255) COLLATE utf8mb4_unicode_ci NOT NULL,
  `phone` varchar(255) COLLATE utf8mb4_unicode_ci NOT NULL,
  `email` varchar(255) COLLATE utf8mb4_unicode_ci NOT NULL,
  `social_media` longtext COLLATE utf8mb4_unicode_ci NOT NULL,
  `ref_commission` varchar(100) COLLATE utf8mb4_unicode_ci NOT NULL,
  `language` varchar(255) COLLATE utf8mb4_unicode_ci NOT NULL DEFAULT 'en'
) ENGINE=InnoDB DEFAULT CHARSET=utf8mb4 COLLATE=utf8mb4_unicode_ci;

--
-- Dumping data for table `settings`
--

INSERT INTO `settings` (`id`, `site_name`, `header_text`, `footer_text`, `banner_path`, `header_logo_path`, `footer_logo_path`, `favicon`, `currency`, `address`, `phone`, `email`, `social_media`, `ref_commission`, `language`) VALUES
(1, 'What is Lorem Ipsum?', 'Classified Ads', 'Lorem Ipsum is simply dummy text of the printing and typesetting industry.', 'backend/images/settings/banner_15335224650.jpg', 'backend/images/settings/header_logo_15696489070.png', 'backend/images/settings/footer_logo_15696497010.png', 'backend/images/settings/favicon_15696489600.png', '', 'Bangladesh', '01xxx-xxxxxx', 'support@demo.com', '{\"facebook\":\"www.facebook.com\\/nandail2018\",\"google-plus\":\"google.com\",\"twitter\":\"twitter.com\"}', '', 'en');

-- --------------------------------------------------------

--
-- Table structure for table `site_meta`
--

CREATE TABLE `site_meta` (
  `id` int(10) UNSIGNED NOT NULL,
  `meta_key` varchar(255) COLLATE utf8mb4_unicode_ci NOT NULL,
  `meta_value` mediumtext COLLATE utf8mb4_unicode_ci NOT NULL
) ENGINE=InnoDB DEFAULT CHARSET=utf8mb4 COLLATE=utf8mb4_unicode_ci;

--
-- Dumping data for table `site_meta`
--

INSERT INTO `site_meta` (`id`, `meta_key`, `meta_value`) VALUES
(1, 'theme_color', '#262079'),
(2, 'background_pattern', 'public/img/background13536.png'),
(3, 'logo', '{\"logo\":\"public\\/img\\/logo_695475.jpg\",\"faveicon\":\"public\\/img\\/favicon_455783.png\"}'),
(4, 'menu_icon', '{\"aside_menu\":\"fa fa-share\",\"footer_menu\":\"fa fa-check-square\"}'),
(5, 'language', 'en'),
(6, 'header', '{\"site_name\":\"Grand Bazar\",\"place_name\":\"Mymensingh\"}'),
(7, 'footer', '{\"l_footer_text\":\"Lorem Ipsum is simply dummy text of the printing and typesetting industry. \",\"header_txt\":\"Eagle\",\"addr_moblile\":\"017111111111\",\"addr_moblile2\":\"01700000000\",\"addr_email\":\"eagle@gmail.com\",\"addr_address\":\"Mymensingh, Dhaka Bangladesh\",\"footer_img\":\"\\r\\n<div style=\"}'),
(9, 'social_icon', '{\"s_facebook\":\"http:\\/\\/facebook.com\\/#\",\"s_twitter\":\"https:\\/\\/twitter.com\\/#\",\"s_gplus\":\"http:\\/\\/plus.google.com\\/#\",\"s_pinterest\":\"https:\\/\\/www.pinterest.com\\/#\"}'),
(10, 'login_background', 'private/images/background9481.jpg'),
(11, 'google_map', '<iframe src=\"https://www.google.com/maps/embed?pb=!1m18!1m12!1m3!1d8370.258317077365!2d90.48247136589679!3d24.782360372571908!2m3!1f0!2f0!3f0!3m2!1i1024!2i768!4f13.1!3m3!1m2!1s0x0%3A0x1c9dfb8b569aec25!2z4KaX4Ka-4Kab4Kak4Kay4Ka-IOCmrOCmvuCmnOCmvuCmsA!5e0!3m2!1sbn!2sbd!4v1491652658795\" width=\"600\" height=\"450\" frameborder=\"0\" style=\"border:0\" allowfullscreen></iframe>'),
(12, 'update_date', '2017-10-14 18:02:24 pm');

-- --------------------------------------------------------

--
-- Table structure for table `sizes`
--

CREATE TABLE `sizes` (
  `id` int(11) NOT NULL,
  `size` varchar(255) COLLATE utf8mb4_unicode_ci NOT NULL,
  `trash` int(1) NOT NULL DEFAULT 0
) ENGINE=InnoDB DEFAULT CHARSET=utf8mb4 COLLATE=utf8mb4_unicode_ci;

--
-- Dumping data for table `sizes`
--

INSERT INTO `sizes` (`id`, `size`, `trash`) VALUES
(1, 'Test Size', 1),
(2, 'L', 0),
(3, 'M', 0),
(4, 'XL', 0);

-- --------------------------------------------------------

--
-- Table structure for table `sliders`
--

CREATE TABLE `sliders` (
  `id` int(11) NOT NULL,
  `name` longtext COLLATE utf8mb4_unicode_ci NOT NULL,
  `path` longtext COLLATE utf8mb4_unicode_ci NOT NULL,
  `position` int(11) NOT NULL DEFAULT 0,
  `is_offer` int(1) NOT NULL DEFAULT 0,
  `status` tinyint(4) NOT NULL DEFAULT 1
) ENGINE=MyISAM DEFAULT CHARSET=utf8mb4 COLLATE=utf8mb4_unicode_ci;

--
-- Dumping data for table `sliders`
--

INSERT INTO `sliders` (`id`, `name`, `path`, `position`, `is_offer`, `status`) VALUES
(16, 'welcome to our service center', 'backend/images/slider/gallery16128643080.jpg', 0, 0, 0),
(17, 'welcome to akash electronics', 'backend/images/slider/gallery16171648680.jpg', 0, 0, 0),
(20, 'welcome to akash electronics', 'backend/images/slider/gallery16171648970.jpg', 0, 1, 0),
(21, 'mobile-phone', 'backend/images/slider/gallery16181983910.jpg', 0, 0, 1),
(22, 'beautiful women', 'backend/images/slider/gallery16181984170.jpg', 0, 0, 1),
(23, 'beautiful women', 'backend/images/slider/gallery16181984240.jpg', 0, 0, 1),
(24, 'patient', 'public/images/slider/gallery16182031560.jpg', 0, 1, 0),
(25, 'offer', 'public/images/slider/gallery16182031100.jpg', 0, 1, 1),
(26, 'offer', 'public/images/slider/gallery16182031240.jpg', 0, 1, 1),
(27, 'offer', 'public/images/slider/gallery16182031330.jpg', 0, 1, 1);

-- --------------------------------------------------------

--
-- Table structure for table `sms_record`
--

CREATE TABLE `sms_record` (
  `id` int(11) UNSIGNED NOT NULL,
  `delivery_date` date NOT NULL,
  `delivery_time` time NOT NULL,
  `mobile` varchar(20) COLLATE utf8mb4_unicode_ci NOT NULL,
  `message` mediumtext COLLATE utf8mb4_unicode_ci NOT NULL,
  `total_characters` varchar(4) COLLATE utf8mb4_unicode_ci NOT NULL,
  `total_messages` varchar(2) COLLATE utf8mb4_unicode_ci NOT NULL,
  `delivery_report` mediumtext COLLATE utf8mb4_unicode_ci NOT NULL
) ENGINE=MyISAM DEFAULT CHARSET=utf8mb4 COLLATE=utf8mb4_unicode_ci;

-- --------------------------------------------------------

--
-- Table structure for table `subcategories`
--

CREATE TABLE `subcategories` (
  `id` int(11) NOT NULL,
  `cat_id` int(11) NOT NULL,
  `subcategory` varchar(255) COLLATE utf8mb4_unicode_ci NOT NULL,
  `trash` int(1) NOT NULL DEFAULT 0
) ENGINE=InnoDB DEFAULT CHARSET=utf8mb4 COLLATE=utf8mb4_unicode_ci;

--
-- Dumping data for table `subcategories`
--

INSERT INTO `subcategories` (`id`, `cat_id`, `subcategory`, `trash`) VALUES
(1, 7, 'Test Sub-Category-', 1),
(2, 7, 'Test Sub-Category-', 1),
(3, 7, 'Carrots', 0);

-- --------------------------------------------------------

--
-- Table structure for table `system_action_menus`
--

CREATE TABLE `system_action_menus` (
  `id` int(11) NOT NULL,
  `parent_id` int(11) DEFAULT NULL COMMENT 'parent table = aside_menu',
  `dropdown_id` int(11) NOT NULL,
  `name` varchar(191) COLLATE utf8mb4_unicode_ci DEFAULT NULL,
  `type` varchar(191) COLLATE utf8mb4_unicode_ci DEFAULT NULL,
  `controller_path` varchar(191) COLLATE utf8mb4_unicode_ci DEFAULT NULL,
  `position` int(11) NOT NULL DEFAULT 0,
  `icon` varchar(191) COLLATE utf8mb4_unicode_ci NOT NULL,
  `status` tinyint(4) NOT NULL DEFAULT 1
) ENGINE=InnoDB DEFAULT CHARSET=utf8mb4 COLLATE=utf8mb4_unicode_ci;

--
-- Dumping data for table `system_action_menus`
--

INSERT INTO `system_action_menus` (`id`, `parent_id`, `dropdown_id`, `name`, `type`, `controller_path`, `position`, `icon`, `status`) VALUES
(53, 22, 54, 'Delete', 'danger', 'gallery/gallery_controller/delete', 1, 'fa fa-close', 1),
(54, 22, 54, 'Restore', 'success', 'gallery/gallery_controller/restore', 0, 'fa fa-undo', 1),
(55, 22, 53, 'Delete', 'danger', 'gallery/gallery_controller/trash', 3, 'fa fa-trash', 1),
(56, 22, 53, 'Edit', 'warning', 'gallery/gallery_controller/edit', 2, 'fa fa-pencil-square-o', 1),
(57, 21, 50, 'Edit', 'warning', 'slider/slider_controller/edit', 0, 'fa fa-pencil-square-o', 1),
(58, 21, 50, 'Delete', 'danger', 'slider/slider_controller/trash', 1, 'fa fa-trash', 1),
(59, 21, 49, 'Restore', 'success', 'slider/slider_controller/restore', 2, 'fa fa-undo', 1),
(60, 21, 49, 'Delete', 'danger', 'slider/slider_controller/delete', 3, 'fa fa-close', 1),
(92, 0, 0, 'Spa', 'success', 'spa/Spa', 0, 'fa fa-male', 1),
(97, 58, 112, 'Edit', 'warning', 'category/category/edit', 0, 'fa fa-pencil-square-o', 1),
(98, 58, 112, 'Delete', 'danger', 'category/category/trash', 0, 'fa fa-trash-o', 1),
(99, 59, 114, 'Edit', 'warning', 'brand/brand/edit', 0, 'fa fa-pencil-square-o', 1),
(100, 59, 114, 'Delete', 'danger', 'brand/brand/trash', 0, 'fa fa-trash-o', 1),
(101, 60, 116, 'Edit', 'warning', 'subcategory/subcategory/edit', 0, 'fa fa-pencil-square-o', 1),
(102, 60, 116, 'trash', 'danger', 'subcategory/subcategory/trash', 0, 'fa fa-trash-o', 1),
(103, 63, 122, 'Edit', 'warning', 'size/size/edit', 0, 'fa fa-pencil-square-o', 1),
(104, 63, 122, 'Delete', 'danger', 'size/size/trash', 0, 'fa fa-trash-o', 1),
(105, 62, 120, 'Edit', 'warning', 'color/color/edit', 0, 'fa fa-pencil-square-o', 1),
(106, 62, 120, 'Delete', 'danger', 'color/color/trash', 0, 'fa fa-trash-o', 1),
(107, 61, 118, 'View', 'info', 'product/product/view', 0, 'fa fa-eye', 1),
(108, 61, 118, 'Edit', 'warning', 'product/product/edit', 0, 'fa fa-pencil-square-o', 1),
(109, 61, 118, 'Delete', 'danger', 'product/product/delete', 0, 'fa fa-trash-o', 1);

-- --------------------------------------------------------

--
-- Table structure for table `system_aside_menus`
--

CREATE TABLE `system_aside_menus` (
  `id` int(11) NOT NULL,
  `name` varchar(191) COLLATE utf8mb4_unicode_ci DEFAULT NULL,
  `controller_path` mediumtext COLLATE utf8mb4_unicode_ci DEFAULT NULL,
  `selector` varchar(191) COLLATE utf8mb4_unicode_ci DEFAULT NULL,
  `icon` varchar(191) COLLATE utf8mb4_unicode_ci DEFAULT NULL,
  `has_sub_menu` tinyint(4) NOT NULL DEFAULT 0 COMMENT '0=not available, 1=available',
  `has_action_menu` tinyint(4) NOT NULL DEFAULT 0 COMMENT '0=not available, 1=available',
  `position` int(11) NOT NULL DEFAULT 0,
  `status` tinyint(4) NOT NULL DEFAULT 1
) ENGINE=InnoDB DEFAULT CHARSET=utf8mb4 COLLATE=utf8mb4_unicode_ci;

--
-- Dumping data for table `system_aside_menus`
--

INSERT INTO `system_aside_menus` (`id`, `name`, `controller_path`, `selector`, `icon`, `has_sub_menu`, `has_action_menu`, `position`, `status`) VALUES
(21, 'Slider', '', 'slider', 'fa fa-photo', 1, 1, 0, 1),
(22, 'Gallery', '', 'gallery', 'fa fa-image', 1, 1, 3, 0),
(26, 'About Us', 'about_us/About_controller/add', 'about_us', 'fa fa-question', 0, 1, 6, 0),
(34, 'Settings', '', 'setting', 'fa fa-cog', 1, 1, 8, 1),
(35, 'Message', 'message/message/index', 'message', 'fa fa-commenting', 0, 1, 4, 0),
(42, 'Privilege', 'system_privilege/privilegeController', 'privilege', 'fa fa-users', 0, 0, 7, 1),
(50, 'SMS', 'sms/SmsManage', 'sms', 'fa fa-mail-reply', 0, 0, 13, 0),
(58, 'Category', '', 'category', 'fa fa-sitemap', 1, 1, 2, 1),
(59, 'Brand', '', 'brand', 'fa fa-file-text-o', 1, 1, 1, 1),
(60, 'Sub-Category', '', 'subcategory', 'fa fa-cubes', 1, 1, 3, 1),
(61, 'Product', '', 'product', 'fa fa-product-hunt', 1, 1, 6, 1),
(62, 'Color', '', 'color', 'fa fa-print', 1, 1, 4, 1),
(63, 'Size', '', 'size', 'fa fa-text-height', 1, 1, 5, 1);

-- --------------------------------------------------------

--
-- Table structure for table `system_aside_menu_dropdowns`
--

CREATE TABLE `system_aside_menu_dropdowns` (
  `id` int(11) NOT NULL,
  `parent_id` int(11) DEFAULT NULL COMMENT 'parent table = aside_menus',
  `name` varchar(191) COLLATE utf8mb4_unicode_ci DEFAULT NULL,
  `selector` varchar(191) COLLATE utf8mb4_unicode_ci DEFAULT NULL,
  `controller_path` mediumtext COLLATE utf8mb4_unicode_ci DEFAULT NULL,
  `icon` varchar(191) COLLATE utf8mb4_unicode_ci NOT NULL,
  `position` int(11) NOT NULL DEFAULT 0,
  `status` tinyint(4) NOT NULL DEFAULT 1
) ENGINE=InnoDB DEFAULT CHARSET=utf8mb4 COLLATE=utf8mb4_unicode_ci;

--
-- Dumping data for table `system_aside_menu_dropdowns`
--

INSERT INTO `system_aside_menu_dropdowns` (`id`, `parent_id`, `name`, `selector`, `controller_path`, `icon`, `position`, `status`) VALUES
(49, 21, 'Trash', 'slider_trash', 'slider/slider_controller/trash_list', 'fa fa-trash-o', 2, 1),
(50, 21, 'All Slider', 'slider_list', 'slider/slider_controller', 'fa fa-list-alt', 1, 1),
(51, 21, 'Add Slider', 'add_slider', 'slider/slider_controller/add', 'fa fa-plus-square-o', 0, 1),
(52, 22, 'Video Gallery', 'Video', 'gallery/gallery_controller/video', 'fa fa-video-camera', 0, 1),
(53, 22, 'Image Gallery', 'Image', 'gallery/gallery_controller/index', 'fa fa-picture-o', 1, 1),
(81, 34, 'Header', 'header', 'setting/setting/header', 'fa fa-angle-right', 0, 1),
(82, 34, 'Footer', 'setting', 'setting/setting/footer', 'fa fa-angle-right', 0, 1),
(111, 58, 'Add', 'add', 'category/category/add', 'fa fa-angle-right', 0, 1),
(112, 58, 'All', 'all', 'category/category', 'fa fa-angle-right', 0, 1),
(113, 59, 'Add', 'add', 'brand/brand/add', 'fa fa-angle-right', 0, 1),
(114, 59, 'All', 'all', 'brand/brand', 'fa fa-angle-right', 0, 1),
(115, 60, 'Add', 'add', 'subcategory/subcategory/add', 'fa fa-angle-right', 0, 1),
(116, 60, 'All', 'All', 'subcategory/subcategory', 'fa fa-angle-right', 0, 1),
(117, 61, 'Add', 'add', 'product/product/add', 'fa fa-angle-right', 0, 1),
(118, 61, 'All', 'all', 'product/product/', 'fa fa-angle-right', 0, 1),
(119, 62, 'Add', 'add', 'color/color/add', 'fa fa-angle-right', 0, 1),
(120, 62, 'All', 'all', 'color/color/', 'fa fa-angle-right', 0, 1),
(121, 63, 'Add', 'add', 'size/size/add', 'fa fa-angle-right', 0, 1),
(122, 63, 'All', 'all', 'size/size', 'fa fa-angle-right', 0, 1);

-- --------------------------------------------------------

--
-- Table structure for table `system_privileges`
--

CREATE TABLE `system_privileges` (
  `id` int(11) NOT NULL,
  `admin_id` int(11) NOT NULL,
  `aside_menu_id` varchar(255) COLLATE utf8mb4_unicode_ci DEFAULT NULL,
  `aside_menu_dropdown_id` varchar(255) COLLATE utf8mb4_unicode_ci DEFAULT NULL,
  `action_menu_id` varchar(255) COLLATE utf8mb4_unicode_ci DEFAULT NULL
) ENGINE=InnoDB DEFAULT CHARSET=utf8mb4 COLLATE=utf8mb4_unicode_ci;

--
-- Dumping data for table `system_privileges`
--

INSERT INTO `system_privileges` (`id`, `admin_id`, `aside_menu_id`, `aside_menu_dropdown_id`, `action_menu_id`) VALUES
(13, 10, '[\"5\",\"4\",\"3\",\"1\"]', '[\"11\",\"10\",\"9\",\"8\",\"7\",\"6\",\"5\"]', '[\"6\",\"5\",\"4\",\"3\",\"2\",\"1\"]'),
(14, 12, '[\"7\",\"6\",\"2\"]', '[\"15\",\"14\",\"13\",\"12\",\"1\"]', '[\"11\",\"10\",\"9\",\"14\",\"13\"]'),
(15, 13, '[\"57\",\"56\",\"53\",\"52\",\"51\",\"50\",\"47\",\"46\",\"42\",\"37\",\"35\",\"34\",\"32\",\"29\",\"28\",\"26\",\"22\",\"21\"]', '[\"107\",\"106\",\"105\",\"104\",\"103\",\"102\",\"101\",\"100\",\"99\",\"98\",\"94\",\"93\",\"84\",\"83\",\"82\",\"81\",\"78\",\"77\",\"72\",\"71\",\"70\",\"69\",\"53\",\"52\",\"51\",\"50\",\"49\"]', '[\"91\",\"56\",\"55\",\"54\",\"53\",\"60\",\"59\",\"58\",\"57\"]');

-- --------------------------------------------------------

--
-- Table structure for table `users`
--

CREATE TABLE `users` (
  `id` int(11) UNSIGNED NOT NULL,
  `opening` datetime NOT NULL,
  `name` varchar(100) COLLATE utf8mb4_unicode_ci NOT NULL,
  `l_name` varchar(100) COLLATE utf8mb4_unicode_ci NOT NULL,
  `gender` varchar(10) COLLATE utf8mb4_unicode_ci NOT NULL,
  `birthday` varchar(20) COLLATE utf8mb4_unicode_ci NOT NULL,
  `maritial_status` varchar(100) COLLATE utf8mb4_unicode_ci NOT NULL,
  `position` varchar(50) COLLATE utf8mb4_unicode_ci NOT NULL,
  `about` mediumtext COLLATE utf8mb4_unicode_ci NOT NULL,
  `website` varchar(100) COLLATE utf8mb4_unicode_ci NOT NULL,
  `facecbook` varchar(100) COLLATE utf8mb4_unicode_ci NOT NULL,
  `twitter` varchar(100) COLLATE utf8mb4_unicode_ci NOT NULL,
  `email` varchar(100) COLLATE utf8mb4_unicode_ci NOT NULL,
  `username` varchar(100) COLLATE utf8mb4_unicode_ci NOT NULL,
  `password` varchar(128) COLLATE utf8mb4_unicode_ci NOT NULL,
  `privilege` varchar(100) COLLATE utf8mb4_unicode_ci NOT NULL,
  `image` varchar(100) COLLATE utf8mb4_unicode_ci NOT NULL,
  `mobile` varchar(15) COLLATE utf8mb4_unicode_ci NOT NULL,
  `branch` varchar(100) COLLATE utf8mb4_unicode_ci NOT NULL
) ENGINE=InnoDB DEFAULT CHARSET=utf8mb4 COLLATE=utf8mb4_unicode_ci;

--
-- Dumping data for table `users`
--

INSERT INTO `users` (`id`, `opening`, `name`, `l_name`, `gender`, `birthday`, `maritial_status`, `position`, `about`, `website`, `facecbook`, `twitter`, `email`, `username`, `password`, `privilege`, `image`, `mobile`, `branch`) VALUES
(13, '2019-12-09 01:59:36', 'Superadmin', '', '', '', '', '', '', '', '', '', 'developer@gmail.com', 'superadmin', 'f7a42d7e1f2512e5a7f4700fbf6c9df4', 'super', 'public/profiles/profile_16171675130.png', '01983667657', ''),
(14, '2019-12-09 01:59:36', 'President', '', '', '', '', '', '', '', '', '', '', 'president', '3f41a4eed1b5d78e1a588f31fc97b629', 'president', 'public/profiles/profile_16183071500.jpg', '', ''),
(16, '2020-11-11 10:24:53', 'Test User', '', '', '', '', '', '', '', '', '', 'user@gmail.com', 'hellouser', '3b9cd1688a9dbca0bc53adac4d9d569b', 'user', 'public/profiles/profile_16171674980.png', '01839973100', '');

-- --------------------------------------------------------

--
-- Table structure for table `video_gallery`
--

CREATE TABLE `video_gallery` (
  `id` int(11) NOT NULL,
  `vdo_name` varchar(100) COLLATE utf8mb4_unicode_ci NOT NULL,
  `vdo_path` varchar(100) COLLATE utf8mb4_unicode_ci NOT NULL,
  `vdo_img_path` varchar(100) COLLATE utf8mb4_unicode_ci NOT NULL,
  `trash` varchar(100) COLLATE utf8mb4_unicode_ci NOT NULL
) ENGINE=InnoDB DEFAULT CHARSET=utf8mb4 COLLATE=utf8mb4_unicode_ci;

--
-- Dumping data for table `video_gallery`
--

INSERT INTO `video_gallery` (`id`, `vdo_name`, `vdo_path`, `vdo_img_path`, `trash`) VALUES
(20, 'electronics product', 'https://www.youtube.com/watch?v=VjTzu-KZDEM', 'backend/images/video_gallery/gallery16171652820.jpg', '');

--
-- Indexes for dumped tables
--

--
-- Indexes for table `about`
--
ALTER TABLE `about`
  ADD PRIMARY KEY (`id`);

--
-- Indexes for table `brands`
--
ALTER TABLE `brands`
  ADD PRIMARY KEY (`id`);

--
-- Indexes for table `categories`
--
ALTER TABLE `categories`
  ADD PRIMARY KEY (`id`);

--
-- Indexes for table `colors`
--
ALTER TABLE `colors`
  ADD PRIMARY KEY (`id`);

--
-- Indexes for table `footer`
--
ALTER TABLE `footer`
  ADD PRIMARY KEY (`id`);

--
-- Indexes for table `frontend_users`
--
ALTER TABLE `frontend_users`
  ADD PRIMARY KEY (`id`);

--
-- Indexes for table `header`
--
ALTER TABLE `header`
  ADD PRIMARY KEY (`id`);

--
-- Indexes for table `image_gallery`
--
ALTER TABLE `image_gallery`
  ADD PRIMARY KEY (`id`);

--
-- Indexes for table `messages`
--
ALTER TABLE `messages`
  ADD PRIMARY KEY (`id`);

--
-- Indexes for table `products`
--
ALTER TABLE `products`
  ADD PRIMARY KEY (`id`);

--
-- Indexes for table `product_colors`
--
ALTER TABLE `product_colors`
  ADD PRIMARY KEY (`id`);

--
-- Indexes for table `product_images`
--
ALTER TABLE `product_images`
  ADD PRIMARY KEY (`id`);

--
-- Indexes for table `product_sizes`
--
ALTER TABLE `product_sizes`
  ADD PRIMARY KEY (`id`);

--
-- Indexes for table `profiles`
--
ALTER TABLE `profiles`
  ADD PRIMARY KEY (`id`);

--
-- Indexes for table `recharge_sms`
--
ALTER TABLE `recharge_sms`
  ADD PRIMARY KEY (`id`);

--
-- Indexes for table `sessions`
--
ALTER TABLE `sessions`
  ADD PRIMARY KEY (`session_id`),
  ADD KEY `last_activity_idx` (`last_activity`);

--
-- Indexes for table `settings`
--
ALTER TABLE `settings`
  ADD PRIMARY KEY (`id`);

--
-- Indexes for table `site_meta`
--
ALTER TABLE `site_meta`
  ADD PRIMARY KEY (`id`),
  ADD UNIQUE KEY `meta_key` (`meta_key`);

--
-- Indexes for table `sizes`
--
ALTER TABLE `sizes`
  ADD PRIMARY KEY (`id`);

--
-- Indexes for table `sliders`
--
ALTER TABLE `sliders`
  ADD PRIMARY KEY (`id`);

--
-- Indexes for table `sms_record`
--
ALTER TABLE `sms_record`
  ADD PRIMARY KEY (`id`);

--
-- Indexes for table `subcategories`
--
ALTER TABLE `subcategories`
  ADD PRIMARY KEY (`id`);

--
-- Indexes for table `system_action_menus`
--
ALTER TABLE `system_action_menus`
  ADD PRIMARY KEY (`id`);

--
-- Indexes for table `system_aside_menus`
--
ALTER TABLE `system_aside_menus`
  ADD PRIMARY KEY (`id`);

--
-- Indexes for table `system_aside_menu_dropdowns`
--
ALTER TABLE `system_aside_menu_dropdowns`
  ADD PRIMARY KEY (`id`);

--
-- Indexes for table `system_privileges`
--
ALTER TABLE `system_privileges`
  ADD PRIMARY KEY (`id`);

--
-- Indexes for table `users`
--
ALTER TABLE `users`
  ADD PRIMARY KEY (`id`);

--
-- Indexes for table `video_gallery`
--
ALTER TABLE `video_gallery`
  ADD PRIMARY KEY (`id`);

--
-- AUTO_INCREMENT for dumped tables
--

--
-- AUTO_INCREMENT for table `about`
--
ALTER TABLE `about`
  MODIFY `id` int(11) NOT NULL AUTO_INCREMENT, AUTO_INCREMENT=49;

--
-- AUTO_INCREMENT for table `brands`
--
ALTER TABLE `brands`
  MODIFY `id` int(11) NOT NULL AUTO_INCREMENT, AUTO_INCREMENT=2;

--
-- AUTO_INCREMENT for table `categories`
--
ALTER TABLE `categories`
  MODIFY `id` int(11) NOT NULL AUTO_INCREMENT, AUTO_INCREMENT=10;

--
-- AUTO_INCREMENT for table `colors`
--
ALTER TABLE `colors`
  MODIFY `id` int(11) NOT NULL AUTO_INCREMENT, AUTO_INCREMENT=5;

--
-- AUTO_INCREMENT for table `footer`
--
ALTER TABLE `footer`
  MODIFY `id` int(11) NOT NULL AUTO_INCREMENT, AUTO_INCREMENT=2;

--
-- AUTO_INCREMENT for table `frontend_users`
--
ALTER TABLE `frontend_users`
  MODIFY `id` int(11) NOT NULL AUTO_INCREMENT, AUTO_INCREMENT=7;

--
-- AUTO_INCREMENT for table `header`
--
ALTER TABLE `header`
  MODIFY `id` int(11) NOT NULL AUTO_INCREMENT, AUTO_INCREMENT=7;

--
-- AUTO_INCREMENT for table `image_gallery`
--
ALTER TABLE `image_gallery`
  MODIFY `id` int(11) NOT NULL AUTO_INCREMENT, AUTO_INCREMENT=100;

--
-- AUTO_INCREMENT for table `messages`
--
ALTER TABLE `messages`
  MODIFY `id` int(10) UNSIGNED NOT NULL AUTO_INCREMENT, AUTO_INCREMENT=43;

--
-- AUTO_INCREMENT for table `products`
--
ALTER TABLE `products`
  MODIFY `id` int(11) NOT NULL AUTO_INCREMENT, AUTO_INCREMENT=2;

--
-- AUTO_INCREMENT for table `product_colors`
--
ALTER TABLE `product_colors`
  MODIFY `id` int(11) NOT NULL AUTO_INCREMENT, AUTO_INCREMENT=3;

--
-- AUTO_INCREMENT for table `product_images`
--
ALTER TABLE `product_images`
  MODIFY `id` int(11) NOT NULL AUTO_INCREMENT, AUTO_INCREMENT=2;

--
-- AUTO_INCREMENT for table `product_sizes`
--
ALTER TABLE `product_sizes`
  MODIFY `id` int(11) NOT NULL AUTO_INCREMENT, AUTO_INCREMENT=3;

--
-- AUTO_INCREMENT for table `profiles`
--
ALTER TABLE `profiles`
  MODIFY `id` int(11) NOT NULL AUTO_INCREMENT, AUTO_INCREMENT=10;

--
-- AUTO_INCREMENT for table `recharge_sms`
--
ALTER TABLE `recharge_sms`
  MODIFY `id` tinyint(3) UNSIGNED NOT NULL AUTO_INCREMENT, AUTO_INCREMENT=2;

--
-- AUTO_INCREMENT for table `site_meta`
--
ALTER TABLE `site_meta`
  MODIFY `id` int(10) UNSIGNED NOT NULL AUTO_INCREMENT, AUTO_INCREMENT=13;

--
-- AUTO_INCREMENT for table `sizes`
--
ALTER TABLE `sizes`
  MODIFY `id` int(11) NOT NULL AUTO_INCREMENT, AUTO_INCREMENT=5;

--
-- AUTO_INCREMENT for table `sliders`
--
ALTER TABLE `sliders`
  MODIFY `id` int(11) NOT NULL AUTO_INCREMENT, AUTO_INCREMENT=28;

--
-- AUTO_INCREMENT for table `sms_record`
--
ALTER TABLE `sms_record`
  MODIFY `id` int(11) UNSIGNED NOT NULL AUTO_INCREMENT;

--
-- AUTO_INCREMENT for table `subcategories`
--
ALTER TABLE `subcategories`
  MODIFY `id` int(11) NOT NULL AUTO_INCREMENT, AUTO_INCREMENT=4;

--
-- AUTO_INCREMENT for table `system_action_menus`
--
ALTER TABLE `system_action_menus`
  MODIFY `id` int(11) NOT NULL AUTO_INCREMENT, AUTO_INCREMENT=110;

--
-- AUTO_INCREMENT for table `system_aside_menus`
--
ALTER TABLE `system_aside_menus`
  MODIFY `id` int(11) NOT NULL AUTO_INCREMENT, AUTO_INCREMENT=64;

--
-- AUTO_INCREMENT for table `system_aside_menu_dropdowns`
--
ALTER TABLE `system_aside_menu_dropdowns`
  MODIFY `id` int(11) NOT NULL AUTO_INCREMENT, AUTO_INCREMENT=123;

--
-- AUTO_INCREMENT for table `system_privileges`
--
ALTER TABLE `system_privileges`
  MODIFY `id` int(11) NOT NULL AUTO_INCREMENT, AUTO_INCREMENT=16;

--
-- AUTO_INCREMENT for table `users`
--
ALTER TABLE `users`
  MODIFY `id` int(11) UNSIGNED NOT NULL AUTO_INCREMENT, AUTO_INCREMENT=17;

--
-- AUTO_INCREMENT for table `video_gallery`
--
ALTER TABLE `video_gallery`
  MODIFY `id` int(11) NOT NULL AUTO_INCREMENT, AUTO_INCREMENT=21;
COMMIT;

/*!40101 SET CHARACTER_SET_CLIENT=@OLD_CHARACTER_SET_CLIENT */;
/*!40101 SET CHARACTER_SET_RESULTS=@OLD_CHARACTER_SET_RESULTS */;
/*!40101 SET COLLATION_CONNECTION=@OLD_COLLATION_CONNECTION */;
