-- phpMyAdmin SQL Dump
-- version 4.9.0.1
-- https://www.phpmyadmin.net/
--
-- Host: 127.0.0.1
-- Generation Time: Apr 28, 2021 at 12:47 PM
-- Server version: 10.4.6-MariaDB
-- PHP Version: 7.3.9

SET SQL_MODE = "NO_AUTO_VALUE_ON_ZERO";
SET AUTOCOMMIT = 0;
START TRANSACTION;
SET time_zone = "+00:00";


/*!40101 SET @OLD_CHARACTER_SET_CLIENT=@@CHARACTER_SET_CLIENT */;
/*!40101 SET @OLD_CHARACTER_SET_RESULTS=@@CHARACTER_SET_RESULTS */;
/*!40101 SET @OLD_COLLATION_CONNECTION=@@COLLATION_CONNECTION */;
/*!40101 SET NAMES utf8mb4 */;

--
-- Database: `ecommerce`
--

-- --------------------------------------------------------

--
-- Table structure for table `about`
--

CREATE TABLE `about` (
  `id` int(11) NOT NULL,
  `title` longtext COLLATE utf8mb4_unicode_ci DEFAULT NULL,
  `description` mediumtext COLLATE utf8mb4_unicode_ci NOT NULL,
  `path` longtext COLLATE utf8mb4_unicode_ci NOT NULL,
  `position` int(11) NOT NULL DEFAULT 0,
  `status` tinyint(4) NOT NULL DEFAULT 1
) ENGINE=MyISAM DEFAULT CHARSET=utf8mb4 COLLATE=utf8mb4_unicode_ci;

--
-- Dumping data for table `about`
--

INSERT INTO `about` (`id`, `title`, `description`, `path`, `position`, `status`) VALUES
(48, NULL, '<p><strong style=\"margin: 0px; padding: 0px; font-family: \'Open Sans\', Arial, sans-serif; font-size: 14px; text-align: justify;\">Lorem Ipsum</strong><span style=\"font-family: \'Open Sans\', Arial, sans-serif; font-size: 14px; text-align: justify;\">&nbsp;is simply dummy text of the printing and typesetting industry. Lorem Ipsum has been the industry\'s standard dummy text ever since the 1500s, when an unknown printer took a galley of type and scrambled it to make a type specimen book. It has survived not only five centuries, but also the leap into electronic typesetting, remaining essentially unchanged. It was popularised in the 1960s with the release of Letraset sheets containing Lorem Ipsum passages, and more recently with desktop publishing software like Aldus PageMaker including versions of Lorem Ipsum.</span></p>', 'backend/images/about_us/about_us16129284600.jpg', 0, 1);

-- --------------------------------------------------------

--
-- Table structure for table `access_info`
--

CREATE TABLE `access_info` (
  `user_id` int(10) UNSIGNED NOT NULL,
  `login_period` datetime NOT NULL,
  `logout_period` datetime NOT NULL
) ENGINE=InnoDB DEFAULT CHARSET=utf8mb4 COLLATE=utf8mb4_unicode_ci;

--
-- Dumping data for table `access_info`
--

INSERT INTO `access_info` (`user_id`, `login_period`, `logout_period`) VALUES
(1, '2017-08-26 11:43:06', '0000-00-00 00:00:00'),
(1, '2017-08-26 11:44:01', '2017-08-26 16:14:28'),
(1, '2017-08-26 11:52:01', '2017-08-26 14:15:18'),
(1, '2017-08-26 12:38:49', '0000-00-00 00:00:00'),
(1, '2017-08-26 14:17:47', '2017-08-26 14:20:33'),
(1, '2017-08-26 14:22:52', '2017-08-26 14:26:35'),
(1, '2017-08-26 14:26:37', '2017-08-26 14:54:06'),
(2, '2017-08-26 14:29:25', '2017-08-26 14:40:08'),
(7, '2017-08-26 14:40:18', '2017-08-26 17:33:09'),
(5, '2017-08-26 14:54:07', '2017-08-26 14:54:25'),
(5, '2017-08-26 14:54:27', '2017-08-26 14:55:11'),
(1, '2017-08-26 14:55:13', '2017-08-26 14:57:18'),
(1, '2017-08-26 14:57:19', '2017-08-26 14:58:05'),
(1, '2017-08-26 14:58:06', '0000-00-00 00:00:00'),
(1, '2017-08-26 14:58:12', '0000-00-00 00:00:00'),
(1, '2017-08-26 16:14:30', '2017-08-26 16:34:40'),
(7, '2017-08-26 16:34:53', '0000-00-00 00:00:00'),
(1, '2017-08-26 17:24:30', '0000-00-00 00:00:00'),
(7, '2017-08-26 17:33:11', '0000-00-00 00:00:00'),
(7, '2017-08-26 17:34:17', '0000-00-00 00:00:00'),
(7, '2017-08-26 17:34:53', '0000-00-00 00:00:00'),
(7, '2017-08-26 17:40:18', '0000-00-00 00:00:00'),
(7, '2017-08-26 17:52:17', '2017-08-26 18:07:37'),
(1, '2017-11-14 22:11:14', '2017-11-14 22:14:57'),
(1, '2017-11-14 22:15:09', '2017-11-14 22:27:22'),
(8, '2017-11-14 22:27:30', '2017-11-14 22:41:33'),
(1, '2017-11-14 22:41:35', '0000-00-00 00:00:00'),
(1, '2017-11-15 09:52:58', '0000-00-00 00:00:00'),
(1, '2017-11-15 09:53:51', '0000-00-00 00:00:00'),
(1, '2017-11-27 11:20:20', '0000-00-00 00:00:00'),
(1, '2017-11-27 11:21:32', '0000-00-00 00:00:00'),
(1, '2017-11-27 11:42:29', '0000-00-00 00:00:00'),
(1, '2017-11-27 12:09:46', '0000-00-00 00:00:00'),
(1, '2017-11-27 14:41:01', '0000-00-00 00:00:00'),
(1, '2017-11-27 15:11:42', '0000-00-00 00:00:00'),
(1, '2017-11-27 15:17:44', '0000-00-00 00:00:00'),
(1, '2017-11-27 15:55:59', '0000-00-00 00:00:00'),
(1, '2017-11-27 16:21:19', '0000-00-00 00:00:00'),
(1, '2017-11-27 16:30:54', '0000-00-00 00:00:00'),
(1, '2017-11-27 17:30:02', '0000-00-00 00:00:00'),
(1, '2017-11-27 23:02:29', '0000-00-00 00:00:00'),
(1, '2017-11-27 23:26:01', '0000-00-00 00:00:00'),
(1, '2017-11-27 23:46:51', '0000-00-00 00:00:00'),
(1, '2017-11-27 23:52:31', '0000-00-00 00:00:00'),
(1, '2017-11-28 00:09:25', '0000-00-00 00:00:00'),
(1, '2017-11-28 01:19:53', '0000-00-00 00:00:00'),
(1, '2017-11-28 09:40:02', '0000-00-00 00:00:00'),
(1, '2017-11-28 09:47:24', '0000-00-00 00:00:00'),
(1, '2017-11-28 10:09:27', '0000-00-00 00:00:00'),
(1, '2017-11-28 10:35:23', '0000-00-00 00:00:00'),
(1, '2017-11-28 11:07:44', '0000-00-00 00:00:00'),
(1, '2017-11-28 11:38:23', '0000-00-00 00:00:00'),
(1, '2017-11-28 11:52:56', '0000-00-00 00:00:00'),
(1, '2017-11-28 12:22:21', '0000-00-00 00:00:00'),
(1, '2017-11-28 15:19:40', '0000-00-00 00:00:00'),
(1, '2017-11-28 17:10:10', '0000-00-00 00:00:00'),
(1, '2017-11-28 17:19:19', '0000-00-00 00:00:00'),
(1, '2017-11-29 09:38:22', '0000-00-00 00:00:00'),
(1, '2017-11-29 09:40:56', '0000-00-00 00:00:00'),
(1, '2017-11-29 11:33:11', '0000-00-00 00:00:00'),
(1, '2017-11-29 12:24:54', '0000-00-00 00:00:00'),
(1, '2017-11-29 14:45:22', '0000-00-00 00:00:00'),
(1, '2017-11-29 15:27:50', '0000-00-00 00:00:00'),
(1, '2017-11-30 09:35:06', '0000-00-00 00:00:00'),
(1, '2017-11-30 09:35:55', '0000-00-00 00:00:00'),
(1, '2017-11-30 12:42:23', '0000-00-00 00:00:00'),
(1, '2017-11-30 14:55:24', '0000-00-00 00:00:00'),
(1, '2017-11-30 15:14:42', '0000-00-00 00:00:00'),
(1, '2017-11-30 16:19:57', '0000-00-00 00:00:00'),
(1, '2017-11-30 16:32:34', '0000-00-00 00:00:00'),
(1, '2017-11-30 16:37:23', '0000-00-00 00:00:00'),
(1, '2017-11-30 17:46:43', '0000-00-00 00:00:00'),
(1, '2017-12-03 09:35:19', '0000-00-00 00:00:00'),
(1, '2017-12-03 11:23:00', '0000-00-00 00:00:00'),
(1, '2017-12-03 15:55:55', '0000-00-00 00:00:00'),
(1, '2017-12-03 16:25:49', '0000-00-00 00:00:00'),
(1, '2017-12-03 16:34:05', '0000-00-00 00:00:00'),
(1, '2017-12-03 16:43:22', '0000-00-00 00:00:00'),
(1, '2017-12-03 16:52:40', '0000-00-00 00:00:00'),
(1, '2017-12-03 16:58:19', '0000-00-00 00:00:00'),
(1, '2017-12-03 17:01:10', '0000-00-00 00:00:00'),
(1, '2017-12-03 17:18:41', '0000-00-00 00:00:00'),
(1, '2017-12-03 18:34:27', '0000-00-00 00:00:00'),
(1, '2017-12-04 09:38:47', '0000-00-00 00:00:00'),
(1, '2017-12-04 11:26:57', '0000-00-00 00:00:00'),
(1, '2017-12-04 11:50:11', '0000-00-00 00:00:00'),
(1, '2017-12-04 15:03:25', '0000-00-00 00:00:00'),
(1, '2017-12-04 15:07:17', '0000-00-00 00:00:00'),
(1, '2017-12-04 18:40:24', '0000-00-00 00:00:00'),
(1, '2017-12-05 11:14:01', '0000-00-00 00:00:00'),
(1, '2017-12-05 11:31:10', '0000-00-00 00:00:00'),
(1, '2017-12-05 15:13:44', '0000-00-00 00:00:00'),
(1, '2017-12-06 11:11:13', '0000-00-00 00:00:00'),
(1, '2017-12-06 13:52:00', '0000-00-00 00:00:00'),
(1, '2017-12-07 09:47:39', '0000-00-00 00:00:00'),
(1, '2017-12-07 11:10:48', '0000-00-00 00:00:00'),
(1, '2017-12-07 14:37:23', '0000-00-00 00:00:00'),
(1, '2017-12-07 17:01:34', '2017-12-07 17:02:41'),
(1, '2017-12-07 17:02:48', '2017-12-07 17:03:46'),
(1, '2017-12-07 17:03:55', '0000-00-00 00:00:00'),
(1, '2018-01-11 10:28:20', '0000-00-00 00:00:00'),
(1, '2018-01-11 10:49:35', '0000-00-00 00:00:00'),
(1, '2018-01-11 11:20:26', '0000-00-00 00:00:00'),
(1, '2018-03-25 13:12:09', '0000-00-00 00:00:00'),
(1, '2018-03-25 14:22:19', '0000-00-00 00:00:00'),
(1, '2018-03-25 15:23:04', '0000-00-00 00:00:00'),
(1, '2018-03-27 10:25:58', '0000-00-00 00:00:00'),
(1, '2018-03-27 11:26:25', '0000-00-00 00:00:00'),
(1, '2018-03-27 15:06:11', '0000-00-00 00:00:00'),
(1, '2018-03-28 10:21:20', '0000-00-00 00:00:00'),
(1, '2018-04-01 11:34:58', '0000-00-00 00:00:00'),
(1, '2018-04-01 11:46:04', '0000-00-00 00:00:00'),
(1, '2018-04-01 11:48:04', '0000-00-00 00:00:00'),
(1, '2018-04-01 11:48:51', '0000-00-00 00:00:00'),
(1, '2018-04-01 13:00:20', '0000-00-00 00:00:00'),
(1, '2018-04-01 13:26:15', '0000-00-00 00:00:00'),
(1, '2018-04-01 14:29:59', '0000-00-00 00:00:00'),
(1, '2018-04-01 15:35:10', '0000-00-00 00:00:00'),
(1, '2018-04-01 15:53:53', '0000-00-00 00:00:00'),
(1, '2018-04-01 16:02:16', '2018-04-01 16:04:02'),
(1, '2018-04-01 16:49:55', '2018-04-01 16:50:03'),
(1, '2018-04-01 16:56:57', '0000-00-00 00:00:00'),
(1, '2018-04-01 17:24:32', '0000-00-00 00:00:00'),
(1, '2018-04-01 17:26:59', '2018-04-01 19:02:55'),
(1, '2018-04-01 17:41:13', '0000-00-00 00:00:00'),
(1, '2018-04-01 17:50:38', '0000-00-00 00:00:00'),
(1, '2018-04-01 17:52:58', '0000-00-00 00:00:00'),
(1, '2018-04-01 17:58:19', '0000-00-00 00:00:00'),
(1, '2018-04-02 10:37:23', '0000-00-00 00:00:00'),
(1, '2018-04-02 10:38:49', '0000-00-00 00:00:00'),
(1, '2018-04-02 11:03:00', '0000-00-00 00:00:00'),
(1, '2018-04-02 11:14:01', '0000-00-00 00:00:00'),
(1, '2018-04-02 14:39:47', '0000-00-00 00:00:00'),
(1, '2018-04-02 17:44:26', '0000-00-00 00:00:00'),
(1, '2018-04-03 10:36:11', '0000-00-00 00:00:00'),
(1, '2018-04-03 11:21:25', '0000-00-00 00:00:00'),
(1, '2018-04-03 12:25:13', '0000-00-00 00:00:00'),
(1, '2018-04-03 13:00:00', '0000-00-00 00:00:00'),
(1, '2018-04-03 16:01:09', '0000-00-00 00:00:00'),
(1, '2018-11-18 12:02:32', '0000-00-00 00:00:00'),
(1, '2018-11-19 12:31:07', '0000-00-00 00:00:00'),
(1, '2018-11-19 14:05:46', '0000-00-00 00:00:00'),
(1, '2018-11-19 15:54:48', '0000-00-00 00:00:00'),
(1, '2018-11-19 16:58:01', '0000-00-00 00:00:00'),
(1, '2018-11-20 09:18:04', '0000-00-00 00:00:00'),
(1, '2018-11-24 10:08:52', '0000-00-00 00:00:00'),
(1, '2018-11-24 11:01:20', '0000-00-00 00:00:00'),
(1, '2018-11-24 11:27:57', '0000-00-00 00:00:00'),
(1, '2018-11-24 14:20:28', '0000-00-00 00:00:00'),
(1, '2018-11-24 16:07:59', '0000-00-00 00:00:00'),
(1, '2018-11-24 17:46:58', '0000-00-00 00:00:00'),
(1, '2018-11-25 09:35:05', '0000-00-00 00:00:00'),
(1, '2018-11-25 11:18:10', '0000-00-00 00:00:00'),
(1, '2018-11-25 14:20:22', '2018-11-25 17:39:38'),
(1, '2018-11-25 17:51:56', '0000-00-00 00:00:00'),
(1, '2018-11-26 09:13:13', '0000-00-00 00:00:00'),
(1, '2018-11-26 10:25:10', '0000-00-00 00:00:00'),
(1, '2018-12-01 12:21:13', '0000-00-00 00:00:00'),
(1, '2018-12-01 13:35:56', '0000-00-00 00:00:00'),
(1, '2018-12-02 12:03:17', '0000-00-00 00:00:00'),
(1, '2018-12-03 10:15:44', '2018-12-03 10:18:53'),
(1, '2018-12-03 10:23:43', '2018-12-03 11:44:14'),
(1, '2018-12-03 11:44:42', '0000-00-00 00:00:00'),
(1, '2018-12-23 09:30:19', '2018-12-23 14:17:05'),
(1, '2018-12-23 14:17:57', '0000-00-00 00:00:00'),
(1, '2019-01-01 11:05:27', '0000-00-00 00:00:00'),
(1, '2019-08-27 10:50:26', '0000-00-00 00:00:00'),
(1, '2019-08-27 10:39:22', '0000-00-00 00:00:00'),
(1, '2019-08-27 12:17:59', '0000-00-00 00:00:00'),
(1, '2019-08-27 12:57:44', '0000-00-00 00:00:00'),
(1, '2019-08-27 13:12:35', '0000-00-00 00:00:00'),
(1, '2019-08-28 11:05:05', '2019-08-28 12:48:07'),
(1, '2019-08-29 08:09:50', '2019-08-29 08:10:04'),
(1, '2019-08-29 08:10:32', '2019-08-29 09:55:41'),
(1, '2019-08-29 09:55:44', '2019-08-29 10:41:16'),
(1, '2019-08-29 10:41:18', '0000-00-00 00:00:00'),
(1, '2019-08-31 05:33:19', '0000-00-00 00:00:00'),
(1, '2019-08-31 02:17:53', '0000-00-00 00:00:00'),
(1, '2019-08-31 02:21:37', '0000-00-00 00:00:00'),
(1, '2019-08-31 11:40:11', '0000-00-00 00:00:00'),
(1, '2019-08-31 14:21:07', '0000-00-00 00:00:00'),
(1, '2019-09-01 06:01:26', '0000-00-00 00:00:00'),
(1, '2019-09-11 13:42:45', '2019-09-11 13:42:50'),
(1, '2019-09-11 14:07:35', '0000-00-00 00:00:00'),
(1, '2019-09-14 11:52:15', '0000-00-00 00:00:00'),
(1, '2019-09-15 06:23:49', '0000-00-00 00:00:00'),
(1, '2019-09-17 06:44:11', '0000-00-00 00:00:00'),
(1, '2019-09-28 07:33:52', '0000-00-00 00:00:00'),
(1, '2019-10-26 01:51:27', '0000-00-00 00:00:00'),
(1, '2019-10-26 01:51:27', '0000-00-00 00:00:00'),
(1, '2019-10-26 05:30:54', '0000-00-00 00:00:00'),
(1, '2019-10-26 23:32:45', '0000-00-00 00:00:00'),
(1, '2019-10-26 23:38:06', '2019-10-26 23:40:13'),
(1, '2019-10-26 23:40:18', '2019-10-26 23:40:23'),
(1, '2019-10-26 23:40:33', '2019-10-27 08:04:18'),
(1, '2019-10-27 05:42:33', '2019-10-27 08:11:55'),
(1, '2019-10-27 08:04:23', '0000-00-00 00:00:00'),
(10, '2019-10-27 08:12:17', '0000-00-00 00:00:00'),
(1, '2019-10-27 23:33:28', '2019-10-27 23:35:12'),
(1, '2019-10-27 23:39:44', '2019-10-27 23:39:44'),
(1, '2019-10-27 23:39:48', '2019-10-27 23:39:49'),
(1, '2019-10-27 23:40:07', '2019-10-27 23:40:08'),
(1, '2019-10-28 00:21:26', '2019-10-28 00:21:27'),
(1, '2019-10-28 00:25:42', '2019-10-28 00:25:42'),
(1, '2019-10-28 00:25:49', '2019-10-28 00:25:49'),
(1, '2019-10-28 00:30:42', '2019-10-28 00:30:42'),
(1, '2019-10-28 00:30:58', '2019-10-28 00:30:58'),
(1, '2019-10-28 00:30:59', '2019-10-28 00:31:00'),
(1, '2019-10-28 00:31:09', '2019-10-28 00:31:09'),
(10, '2019-10-28 00:31:24', '2019-10-28 00:31:40'),
(10, '2019-10-28 00:32:07', '2019-10-28 01:27:42'),
(1, '2019-10-28 00:48:14', '2019-10-28 00:48:15'),
(1, '2019-10-28 00:48:20', '2019-10-28 00:48:20'),
(10, '2019-10-28 01:28:19', '2019-10-28 01:42:10'),
(1, '2019-10-28 01:29:11', '2019-10-28 01:29:20'),
(1, '2019-10-28 01:29:37', '2019-10-28 01:29:37'),
(1, '2019-10-28 01:29:44', '2019-10-28 01:29:44'),
(1, '2019-10-28 01:29:50', '2019-10-28 01:29:51'),
(1, '2019-10-28 01:31:23', '2019-10-28 01:31:24'),
(1, '2019-10-28 01:31:30', '2019-10-28 01:31:30'),
(1, '2019-10-28 01:41:22', '2019-10-28 01:41:22'),
(10, '2019-10-28 01:42:23', '2019-10-28 01:42:24'),
(10, '2019-10-28 01:42:35', '2019-10-28 01:42:35'),
(10, '2019-10-28 01:42:46', '2019-10-28 02:42:05'),
(1, '2019-10-28 02:28:40', '2019-10-28 02:28:41'),
(1, '2019-10-28 02:35:26', '2019-10-28 02:35:44'),
(1, '2019-10-28 02:35:48', '2019-10-28 02:35:48'),
(1, '2019-10-28 02:36:24', '2019-10-28 02:36:25'),
(1, '2019-10-28 02:36:58', '2019-10-28 02:42:15'),
(10, '2019-10-28 02:42:17', '2019-10-28 02:42:48'),
(10, '2019-10-28 02:56:26', '2019-10-28 03:03:31'),
(1, '2019-10-28 02:57:21', '2019-10-28 02:57:48'),
(1, '2019-10-28 02:58:04', '2019-10-28 03:09:44'),
(10, '2019-10-28 03:03:34', '2019-10-28 03:03:51'),
(10, '2019-10-28 03:04:02', '2019-10-28 03:04:25'),
(10, '2019-10-28 03:04:28', '0000-00-00 00:00:00'),
(1, '2019-10-28 03:10:28', '2019-10-28 05:47:08'),
(10, '2019-10-28 04:37:56', '0000-00-00 00:00:00'),
(1, '2019-10-28 04:47:55', '0000-00-00 00:00:00'),
(1, '2019-10-28 05:48:55', '0000-00-00 00:00:00'),
(10, '2019-10-28 23:46:17', '0000-00-00 00:00:00'),
(1, '2019-10-29 00:00:49', '2019-10-29 05:04:31'),
(1, '2019-10-29 00:26:16', '0000-00-00 00:00:00'),
(10, '2019-10-29 02:27:08', '0000-00-00 00:00:00'),
(1, '2019-10-29 04:34:54', '0000-00-00 00:00:00'),
(1, '2019-10-29 05:02:37', '2019-10-29 05:04:11'),
(1, '2019-10-29 05:03:01', '2019-10-29 05:03:40'),
(10, '2019-10-29 05:03:54', '0000-00-00 00:00:00'),
(1, '2019-10-29 05:04:42', '2019-10-29 05:04:59'),
(1, '2019-10-29 05:05:06', '2019-10-29 05:05:33'),
(1, '2019-10-29 05:05:53', '0000-00-00 00:00:00'),
(1, '2019-10-29 05:06:06', '2019-10-29 05:11:00'),
(12, '2019-10-29 05:11:05', '2019-10-29 05:12:38'),
(1, '2019-10-29 05:12:55', '0000-00-00 00:00:00'),
(1, '2019-10-29 07:19:06', '0000-00-00 00:00:00'),
(1, '2019-10-29 07:38:19', '0000-00-00 00:00:00'),
(1, '2019-10-29 07:40:05', '0000-00-00 00:00:00'),
(1, '2019-10-29 23:34:15', '0000-00-00 00:00:00'),
(1, '2019-10-31 06:54:28', '2019-10-31 08:10:16'),
(1, '2019-10-31 08:14:56', '2019-10-31 08:14:59'),
(1, '2019-10-31 08:15:33', '2019-10-31 08:15:36'),
(1, '2019-11-02 00:20:38', '0000-00-00 00:00:00'),
(1, '2019-11-02 06:03:54', '0000-00-00 00:00:00'),
(1, '2019-11-02 08:19:55', '0000-00-00 00:00:00'),
(1, '2019-11-02 23:40:20', '0000-00-00 00:00:00'),
(1, '2019-11-02 23:41:46', '0000-00-00 00:00:00'),
(1, '2019-11-03 00:59:17', '0000-00-00 00:00:00'),
(1, '2019-11-03 04:44:48', '0000-00-00 00:00:00'),
(1, '2019-11-03 22:21:37', '0000-00-00 00:00:00'),
(1, '2019-11-03 22:49:30', '0000-00-00 00:00:00'),
(1, '2019-11-03 23:17:35', '0000-00-00 00:00:00'),
(1, '2019-11-04 01:58:34', '0000-00-00 00:00:00'),
(1, '2019-11-04 02:55:44', '0000-00-00 00:00:00'),
(1, '2019-11-04 04:02:59', '0000-00-00 00:00:00'),
(1, '2019-11-04 05:52:31', '0000-00-00 00:00:00'),
(1, '2019-11-04 22:16:18', '0000-00-00 00:00:00'),
(1, '2019-11-04 22:16:27', '0000-00-00 00:00:00'),
(1, '2019-11-06 00:52:39', '0000-00-00 00:00:00'),
(1, '2019-11-06 06:04:08', '0000-00-00 00:00:00'),
(1, '2019-11-11 00:18:31', '0000-00-00 00:00:00'),
(1, '2019-11-11 04:21:32', '0000-00-00 00:00:00'),
(1, '2019-11-11 05:57:37', '0000-00-00 00:00:00'),
(1, '2019-11-11 22:16:02', '0000-00-00 00:00:00'),
(1, '2019-11-12 00:45:54', '0000-00-00 00:00:00'),
(1, '2019-11-12 04:11:23', '0000-00-00 00:00:00'),
(1, '2019-11-12 22:12:47', '0000-00-00 00:00:00'),
(10, '2019-11-12 22:43:35', '2019-11-12 22:44:25'),
(1, '2019-11-12 22:44:43', '0000-00-00 00:00:00'),
(1, '2019-11-13 22:15:52', '0000-00-00 00:00:00'),
(1, '2019-11-13 22:23:47', '0000-00-00 00:00:00'),
(1, '2019-11-13 22:46:19', '0000-00-00 00:00:00'),
(12, '2019-11-13 23:09:15', '2019-11-13 23:09:23'),
(1, '2019-11-13 23:09:50', '0000-00-00 00:00:00'),
(1, '2019-11-13 23:10:54', '0000-00-00 00:00:00'),
(1, '2019-11-13 23:16:26', '0000-00-00 00:00:00'),
(1, '2019-11-13 23:31:22', '0000-00-00 00:00:00'),
(1, '2019-11-14 01:05:38', '0000-00-00 00:00:00'),
(1, '2019-11-14 04:51:01', '0000-00-00 00:00:00'),
(1, '2019-11-15 22:20:41', '0000-00-00 00:00:00'),
(1, '2019-11-15 23:36:19', '0000-00-00 00:00:00'),
(1, '2019-11-16 04:09:31', '2019-11-16 04:48:51'),
(1, '2019-11-16 04:48:56', '0000-00-00 00:00:00'),
(1, '2019-11-16 22:30:45', '2019-11-17 07:03:14'),
(1, '2019-11-17 22:05:13', '2019-11-17 22:10:57'),
(1, '2019-11-17 22:13:03', '0000-00-00 00:00:00'),
(1, '2019-11-22 22:05:25', '2019-11-22 22:55:38'),
(1, '2019-11-29 22:49:18', '0000-00-00 00:00:00'),
(1, '2019-12-03 23:14:13', '0000-00-00 00:00:00'),
(1, '2019-12-04 05:30:45', '0000-00-00 00:00:00'),
(1, '2019-12-04 22:02:51', '0000-00-00 00:00:00'),
(1, '2019-12-04 22:43:19', '0000-00-00 00:00:00'),
(1, '2019-12-06 22:04:29', '0000-00-00 00:00:00'),
(1, '2019-12-08 00:46:59', '0000-00-00 00:00:00'),
(1, '2019-12-08 03:31:19', '2019-12-08 05:38:29'),
(1, '2019-12-08 05:38:47', '0000-00-00 00:00:00'),
(1, '2019-12-08 23:19:48', '2019-12-09 02:00:52'),
(1, '2019-12-09 01:41:29', '0000-00-00 00:00:00'),
(1, '2019-12-09 01:58:44', '2019-12-09 01:59:00'),
(13, '2019-12-09 01:59:44', '0000-00-00 00:00:00'),
(1, '2019-12-09 02:00:57', '2019-12-09 02:01:32'),
(13, '2019-12-09 02:01:53', '2019-12-09 02:02:34'),
(13, '2019-12-09 02:05:08', '2019-12-09 02:07:58'),
(14, '2019-12-09 02:08:06', '2019-12-09 02:09:34'),
(14, '2019-12-09 02:09:46', '0000-00-00 00:00:00'),
(13, '2019-12-09 06:04:12', '0000-00-00 00:00:00'),
(14, '2019-12-09 22:05:32', '0000-00-00 00:00:00'),
(14, '2019-12-10 23:02:29', '0000-00-00 00:00:00'),
(13, '2019-12-18 08:10:46', '2019-12-18 10:39:47'),
(14, '2019-12-18 10:42:14', '0000-00-00 00:00:00'),
(14, '2019-12-24 11:34:14', '0000-00-00 00:00:00'),
(14, '2019-12-25 06:49:54', '2019-12-25 07:04:28'),
(14, '2019-12-25 07:04:49', '2019-12-25 08:03:42'),
(14, '2019-12-25 08:03:55', '0000-00-00 00:00:00'),
(14, '2019-12-26 05:21:48', '2019-12-26 05:35:53'),
(14, '2019-12-26 05:36:06', '0000-00-00 00:00:00'),
(14, '2019-12-27 07:37:04', '0000-00-00 00:00:00'),
(14, '2019-12-28 05:59:49', '0000-00-00 00:00:00'),
(14, '2019-12-28 06:58:33', '0000-00-00 00:00:00'),
(14, '2019-12-28 06:59:15', '0000-00-00 00:00:00'),
(14, '2019-12-28 23:05:19', '0000-00-00 00:00:00'),
(14, '2019-12-29 22:26:20', '0000-00-00 00:00:00'),
(14, '2019-12-30 23:00:30', '0000-00-00 00:00:00'),
(14, '2019-12-31 23:39:27', '0000-00-00 00:00:00'),
(13, '2020-01-05 07:03:14', '2020-01-05 07:03:36'),
(14, '2020-01-05 07:03:52', '0000-00-00 00:00:00'),
(14, '2020-01-07 05:44:08', '0000-00-00 00:00:00'),
(14, '2020-01-08 01:09:43', '2020-01-08 01:15:01'),
(14, '2020-01-08 22:56:24', '0000-00-00 00:00:00'),
(14, '2020-01-08 23:35:17', '0000-00-00 00:00:00'),
(13, '2020-01-08 23:57:57', '0000-00-00 00:00:00'),
(13, '2020-01-09 07:28:17', '0000-00-00 00:00:00'),
(14, '2020-01-10 23:55:07', '0000-00-00 00:00:00'),
(13, '2020-01-13 01:11:16', '0000-00-00 00:00:00'),
(13, '2020-01-13 01:31:02', '0000-00-00 00:00:00'),
(13, '2020-01-13 05:41:44', '2020-01-13 05:49:18'),
(14, '2020-01-13 05:49:21', '2020-01-13 05:49:35'),
(13, '2020-01-13 05:49:44', '2020-01-13 05:50:08'),
(14, '2020-01-13 05:50:15', '2020-01-13 05:50:32'),
(13, '2020-01-13 05:50:41', '0000-00-00 00:00:00'),
(14, '2020-01-13 22:46:31', '0000-00-00 00:00:00'),
(13, '2020-01-13 23:21:20', '0000-00-00 00:00:00'),
(14, '2020-01-14 03:38:45', '0000-00-00 00:00:00'),
(14, '2020-01-14 06:27:57', '0000-00-00 00:00:00'),
(13, '2020-01-15 01:03:22', '0000-00-00 00:00:00'),
(13, '2020-01-15 03:45:39', '0000-00-00 00:00:00'),
(13, '2020-01-23 00:59:45', '0000-00-00 00:00:00'),
(13, '2020-01-23 03:32:11', '0000-00-00 00:00:00'),
(13, '2020-01-23 04:04:59', '2020-01-23 05:24:14'),
(13, '2020-02-01 23:51:34', '0000-00-00 00:00:00'),
(13, '2020-02-02 23:55:44', '0000-00-00 00:00:00'),
(14, '2020-02-03 00:36:58', '0000-00-00 00:00:00'),
(13, '2020-07-20 05:02:50', '0000-00-00 00:00:00'),
(13, '2020-07-21 07:16:09', '0000-00-00 00:00:00'),
(13, '2020-07-21 11:27:34', '2020-07-21 12:50:20'),
(14, '2020-07-21 12:51:46', '0000-00-00 00:00:00'),
(13, '2020-07-21 23:20:56', '0000-00-00 00:00:00'),
(14, '2020-07-21 23:29:00', '2020-07-21 23:31:39'),
(14, '2020-07-21 23:36:42', '0000-00-00 00:00:00'),
(13, '2020-07-21 23:38:28', '0000-00-00 00:00:00'),
(13, '2020-07-22 08:13:05', '0000-00-00 00:00:00'),
(13, '2020-07-22 10:51:06', '0000-00-00 00:00:00'),
(13, '2020-07-22 11:16:54', '0000-00-00 00:00:00'),
(14, '2020-07-22 11:21:21', '0000-00-00 00:00:00'),
(14, '2020-07-23 00:29:01', '0000-00-00 00:00:00'),
(13, '2020-07-23 02:41:24', '0000-00-00 00:00:00'),
(13, '2020-07-23 09:51:08', '0000-00-00 00:00:00'),
(13, '2020-07-24 00:57:53', '0000-00-00 00:00:00'),
(13, '2020-08-10 06:06:20', '2020-08-10 06:09:48'),
(15, '2020-08-10 06:10:07', '2020-08-10 06:15:18'),
(13, '2020-08-10 06:15:29', '0000-00-00 00:00:00'),
(13, '2020-08-11 09:34:18', '0000-00-00 00:00:00'),
(13, '2020-08-16 09:49:47', '0000-00-00 00:00:00'),
(13, '2020-09-07 00:32:26', '0000-00-00 00:00:00'),
(13, '2020-09-27 02:06:48', '0000-00-00 00:00:00'),
(14, '2020-09-27 02:08:59', '0000-00-00 00:00:00'),
(14, '2020-09-27 02:46:10', '2020-09-27 02:57:28'),
(13, '2020-09-27 02:57:31', '2020-09-27 04:23:04'),
(14, '2020-09-27 04:23:12', '0000-00-00 00:00:00'),
(13, '2020-09-27 22:56:39', '2020-09-28 02:20:48'),
(14, '2020-09-28 02:20:54', '0000-00-00 00:00:00'),
(14, '2020-09-28 23:45:50', '2020-09-29 01:47:23'),
(14, '2020-09-29 01:50:40', '2020-09-29 01:52:29'),
(14, '2020-09-29 01:52:44', '2020-09-29 01:52:48'),
(13, '2020-10-09 23:50:36', '0000-00-00 00:00:00'),
(13, '2020-10-10 02:38:20', '0000-00-00 00:00:00'),
(14, '2020-10-10 03:25:43', '0000-00-00 00:00:00'),
(13, '2020-10-10 09:30:41', '0000-00-00 00:00:00'),
(13, '2020-10-11 00:41:05', '0000-00-00 00:00:00'),
(13, '2020-10-11 04:23:04', '0000-00-00 00:00:00'),
(13, '2020-10-11 08:35:54', '0000-00-00 00:00:00'),
(14, '2020-10-11 23:44:45', '0000-00-00 00:00:00'),
(13, '2020-10-12 01:06:05', '0000-00-00 00:00:00'),
(13, '2020-10-12 01:48:41', '0000-00-00 00:00:00'),
(13, '2020-10-13 05:43:52', '0000-00-00 00:00:00'),
(14, '2020-10-13 05:46:18', '2020-10-13 05:47:54'),
(13, '2020-10-13 05:48:00', '2020-10-13 05:48:24'),
(14, '2020-10-13 05:48:31', '2020-10-13 05:48:47'),
(13, '2020-10-13 05:48:59', '2020-10-13 05:50:38'),
(13, '2020-10-13 05:50:48', '2020-10-13 05:51:09'),
(14, '2020-10-13 05:51:19', '0000-00-00 00:00:00'),
(13, '2020-10-15 01:18:14', '0000-00-00 00:00:00'),
(13, '2020-10-29 01:45:54', '0000-00-00 00:00:00'),
(13, '2020-11-04 08:56:14', '0000-00-00 00:00:00'),
(13, '2020-11-04 23:33:57', '2020-11-05 00:35:09'),
(14, '2020-11-05 00:35:21', '2020-11-05 04:20:50'),
(13, '2020-11-05 02:44:32', '0000-00-00 00:00:00'),
(13, '2020-11-05 04:21:04', '2020-11-05 04:21:21'),
(14, '2020-11-05 04:21:38', '2020-11-05 04:21:46'),
(13, '2020-11-05 04:21:52', '0000-00-00 00:00:00'),
(13, '2020-11-05 23:36:36', '0000-00-00 00:00:00'),
(13, '2020-11-06 01:59:43', '0000-00-00 00:00:00'),
(13, '2020-11-07 05:07:20', '2020-11-07 05:07:35'),
(14, '2020-11-07 05:07:42', '0000-00-00 00:00:00'),
(13, '2020-11-08 08:11:41', '0000-00-00 00:00:00'),
(13, '2020-11-11 22:22:06', '0000-00-00 00:00:00'),
(13, '2020-11-11 22:34:45', '0000-00-00 00:00:00'),
(13, '2020-11-11 23:46:48', '0000-00-00 00:00:00'),
(13, '2020-11-15 22:19:53', '0000-00-00 00:00:00'),
(14, '2020-11-16 00:29:48', '0000-00-00 00:00:00'),
(13, '2020-11-17 09:00:16', '0000-00-00 00:00:00'),
(14, '2020-11-17 09:06:54', '0000-00-00 00:00:00'),
(13, '2020-11-17 09:14:52', '0000-00-00 00:00:00'),
(13, '2020-11-18 01:04:42', '0000-00-00 00:00:00'),
(13, '2020-11-18 02:23:06', '0000-00-00 00:00:00'),
(14, '2020-11-18 04:45:12', '0000-00-00 00:00:00'),
(13, '2020-11-18 06:09:42', '0000-00-00 00:00:00'),
(13, '2020-11-18 07:32:42', '0000-00-00 00:00:00'),
(13, '2020-11-18 22:48:55', '0000-00-00 00:00:00'),
(14, '2020-11-19 01:12:15', '0000-00-00 00:00:00'),
(13, '2020-11-19 02:55:38', '0000-00-00 00:00:00'),
(13, '2020-11-19 07:03:17', '0000-00-00 00:00:00'),
(13, '2020-11-20 00:16:51', '2020-11-20 00:24:03'),
(13, '2020-11-22 09:33:28', '0000-00-00 00:00:00'),
(13, '2020-11-29 22:59:24', '0000-00-00 00:00:00'),
(14, '2020-12-01 06:06:29', '2020-12-01 06:13:46'),
(14, '2020-12-28 00:32:10', '0000-00-00 00:00:00'),
(13, '2021-01-05 07:35:37', '0000-00-00 00:00:00'),
(13, '2021-01-06 00:21:44', '2021-01-06 00:24:42'),
(14, '2021-01-06 00:24:53', '2021-01-06 00:25:26'),
(13, '2021-01-06 00:25:31', '0000-00-00 00:00:00'),
(13, '2021-01-06 01:41:52', '0000-00-00 00:00:00'),
(13, '2021-01-10 02:21:46', '0000-00-00 00:00:00'),
(13, '2021-01-16 00:36:27', '0000-00-00 00:00:00'),
(13, '2021-01-16 00:47:25', '0000-00-00 00:00:00'),
(13, '2021-01-19 12:32:54', '0000-00-00 00:00:00'),
(13, '2021-01-23 22:28:25', '0000-00-00 00:00:00'),
(14, '2021-01-23 22:47:42', '0000-00-00 00:00:00'),
(14, '2021-01-24 00:22:47', '0000-00-00 00:00:00'),
(14, '2021-01-24 22:05:28', '2021-01-25 01:53:10'),
(13, '2021-01-26 00:18:24', '0000-00-00 00:00:00'),
(14, '2021-01-26 04:10:46', '0000-00-00 00:00:00'),
(13, '2021-02-01 06:03:33', '2021-02-01 06:05:09'),
(16, '2021-02-01 06:05:17', '2021-02-01 06:06:06'),
(14, '2021-02-01 06:19:50', '2021-02-01 06:20:29'),
(14, '2021-02-01 06:23:45', '2021-02-01 06:27:34'),
(14, '2021-02-01 06:27:58', '0000-00-00 00:00:00'),
(13, '2021-02-01 07:32:58', '0000-00-00 00:00:00'),
(14, '2021-02-02 01:07:36', '0000-00-00 00:00:00'),
(13, '2021-02-02 22:19:54', '0000-00-00 00:00:00'),
(13, '2021-02-02 23:19:44', '2021-02-03 01:00:44'),
(14, '2021-02-03 00:00:10', '2021-02-03 01:48:19'),
(16, '2021-02-03 01:48:22', '2021-02-03 01:48:36'),
(14, '2021-02-03 01:48:44', '0000-00-00 00:00:00'),
(13, '2021-02-03 22:41:30', '2021-02-03 22:48:00'),
(13, '2021-02-05 22:07:23', '0000-00-00 00:00:00'),
(13, '2021-02-06 07:13:58', '0000-00-00 00:00:00'),
(13, '2021-02-07 05:45:15', '2021-02-07 05:58:38'),
(13, '2021-02-07 07:15:24', '0000-00-00 00:00:00'),
(13, '2021-02-07 10:24:32', '0000-00-00 00:00:00'),
(13, '2021-02-08 00:21:12', '0000-00-00 00:00:00'),
(14, '2021-02-08 22:02:49', '0000-00-00 00:00:00'),
(13, '2021-02-09 05:48:07', '2021-02-09 05:54:00'),
(14, '2021-02-09 06:03:27', '0000-00-00 00:00:00'),
(13, '2021-02-09 09:12:45', '0000-00-00 00:00:00'),
(13, '2021-02-10 04:17:07', '2021-02-10 05:07:46'),
(14, '2021-02-10 05:07:56', '2021-02-10 05:08:04'),
(14, '2021-02-10 05:08:10', '2021-02-10 05:09:19'),
(14, '2021-02-10 05:09:25', '2021-02-10 05:10:20'),
(14, '2021-02-10 05:10:26', '2021-02-10 05:27:10'),
(13, '2021-02-10 05:27:16', '2021-02-10 05:27:36'),
(13, '2021-02-10 05:27:48', '2021-02-10 05:49:20'),
(13, '2021-02-10 07:10:00', '0000-00-00 00:00:00'),
(13, '2021-03-31 05:38:37', '2021-03-31 05:38:45'),
(14, '2021-03-31 05:38:56', '2021-03-31 11:21:01'),
(13, '2021-03-31 11:21:06', '0000-00-00 00:00:00'),
(13, '2021-04-10 12:31:54', '2021-04-10 12:35:18'),
(14, '2021-04-10 12:35:24', '0000-00-00 00:00:00'),
(14, '2021-04-11 13:16:51', '0000-00-00 00:00:00'),
(14, '2021-04-12 05:29:15', '0000-00-00 00:00:00'),
(14, '2021-04-12 10:58:55', '0000-00-00 00:00:00'),
(14, '2021-04-13 08:09:34', '0000-00-00 00:00:00'),
(14, '2021-04-15 05:45:04', '0000-00-00 00:00:00'),
(14, '2021-04-17 05:52:18', '0000-00-00 00:00:00'),
(14, '2021-04-18 05:56:20', '0000-00-00 00:00:00'),
(14, '2021-04-18 07:53:27', '2021-04-18 08:24:38'),
(14, '2021-04-18 07:58:23', '0000-00-00 00:00:00'),
(13, '2021-04-18 08:24:42', '2021-04-18 11:31:13'),
(14, '2021-04-18 11:31:21', '2021-04-18 11:31:37'),
(13, '2021-04-18 11:31:42', '0000-00-00 00:00:00'),
(14, '2021-04-19 05:30:25', '0000-00-00 00:00:00'),
(13, '2021-04-19 06:39:13', '2021-04-19 06:39:31'),
(13, '2021-04-19 06:39:42', '0000-00-00 00:00:00'),
(13, '2021-04-19 10:13:12', '0000-00-00 00:00:00'),
(14, '2021-04-19 11:29:32', '0000-00-00 00:00:00'),
(13, '2021-04-19 12:37:44', '0000-00-00 00:00:00'),
(13, '2021-04-21 10:49:15', '0000-00-00 00:00:00'),
(14, '2021-04-22 05:39:21', '0000-00-00 00:00:00'),
(13, '2021-04-22 06:36:30', '0000-00-00 00:00:00'),
(14, '2021-04-24 05:34:48', '0000-00-00 00:00:00'),
(14, '2021-04-25 05:58:50', '0000-00-00 00:00:00'),
(13, '2021-04-25 08:05:32', '0000-00-00 00:00:00'),
(1, '2021-04-26 06:20:01', '2021-04-26 06:27:26'),
(1, '2021-04-26 06:30:43', '2021-04-26 06:30:58'),
(1, '2021-04-26 06:31:12', '2021-04-26 06:31:50'),
(1, '2021-04-26 06:31:58', '2021-04-26 06:44:30'),
(1, '2021-04-26 06:45:32', '2021-04-26 06:47:57'),
(1, '2021-04-26 06:48:29', '2021-04-26 06:59:16'),
(1, '2021-04-26 06:48:29', '2021-04-26 06:59:16'),
(1, '2021-04-26 06:59:25', '2021-04-26 07:05:45'),
(1, '2021-04-26 07:06:00', '2021-04-26 07:07:52'),
(13, '2021-04-26 07:07:09', '0000-00-00 00:00:00'),
(14, '2021-04-26 07:08:07', '0000-00-00 00:00:00'),
(1, '2021-04-26 08:24:19', '2021-04-26 08:28:01'),
(14, '2021-04-26 10:40:33', '2021-04-26 10:40:36'),
(13, '2021-04-26 10:47:26', '2021-04-26 11:44:08'),
(13, '2021-04-26 10:48:58', '0000-00-00 00:00:00'),
(14, '2021-04-26 11:44:12', '0000-00-00 00:00:00'),
(2, '2021-04-26 13:06:51', '2021-04-26 13:12:04'),
(2, '2021-04-26 13:12:16', '0000-00-00 00:00:00'),
(14, '2021-04-27 05:33:17', '0000-00-00 00:00:00'),
(13, '2021-04-27 05:40:42', '2021-04-27 07:29:46'),
(13, '2021-04-27 07:29:54', '0000-00-00 00:00:00'),
(3, '2021-04-27 07:49:12', '2021-04-27 08:02:45'),
(3, '2021-04-27 08:06:09', '0000-00-00 00:00:00'),
(13, '2021-04-27 08:12:54', '2021-04-27 08:13:25'),
(14, '2021-04-27 08:13:43', '0000-00-00 00:00:00'),
(1, '2021-04-27 10:17:50', '2021-04-27 12:16:33'),
(1, '2021-04-27 12:16:44', '2021-04-27 12:40:24'),
(4, '2021-04-27 12:17:20', '2021-04-27 12:42:12'),
(14, '2021-04-28 05:55:34', '0000-00-00 00:00:00'),
(1, '2021-04-28 06:21:43', '2021-04-28 06:21:50'),
(13, '2021-04-28 06:40:19', '2021-04-28 08:27:15'),
(1, '2021-04-28 06:59:36', '2021-04-28 06:59:39'),
(14, '2021-04-28 08:27:20', '2021-04-28 08:35:59'),
(13, '2021-04-28 08:36:02', '0000-00-00 00:00:00'),
(1, '2021-04-28 08:55:28', '2021-04-28 08:55:35');

-- --------------------------------------------------------

--
-- Table structure for table `brands`
--

CREATE TABLE `brands` (
  `id` int(11) NOT NULL,
  `brand` varchar(255) COLLATE utf8mb4_unicode_ci NOT NULL,
  `trash` int(1) NOT NULL DEFAULT 0
) ENGINE=InnoDB DEFAULT CHARSET=utf8mb4 COLLATE=utf8mb4_unicode_ci;

--
-- Dumping data for table `brands`
--

INSERT INTO `brands` (`id`, `brand`, `trash`) VALUES
(1, 'Test Brand', 0);

-- --------------------------------------------------------

--
-- Table structure for table `categories`
--

CREATE TABLE `categories` (
  `id` int(11) NOT NULL,
  `category` varchar(255) COLLATE utf8mb4_unicode_ci NOT NULL,
  `img` text COLLATE utf8mb4_unicode_ci NOT NULL,
  `position` int(11) NOT NULL DEFAULT 0,
  `trash` int(1) NOT NULL DEFAULT 0
) ENGINE=InnoDB DEFAULT CHARSET=utf8mb4 COLLATE=utf8mb4_unicode_ci;

--
-- Dumping data for table `categories`
--

INSERT INTO `categories` (`id`, `category`, `img`, `position`, `trash`) VALUES
(1, 'Food', 'public/images/categories/1618209257.webp', 0, 1),
(2, 'Food', 'public/images/categories/1619582173.webp', 0, 0),
(3, 'Mobile', 'public/images/categories/1619582261.webp', 0, 0),
(4, 'Computer', 'public/images/categories/1619500920.png', 0, 0),
(5, 'Car', 'public/images/categories/1619500984.png', 0, 0),
(6, 'Cloth', 'public/images/categories/1619501174.png', 0, 0),
(7, 'Vegetable', 'public/images/categories/1619501197.png', 0, 0),
(8, 'Instruments', 'public/images/categories/1619501250.jpg', 0, 0),
(9, 'Mobile', '', 0, 1);

-- --------------------------------------------------------

--
-- Table structure for table `colors`
--

CREATE TABLE `colors` (
  `id` int(11) NOT NULL,
  `color` varchar(255) COLLATE utf8mb4_unicode_ci NOT NULL,
  `trash` int(1) NOT NULL DEFAULT 0
) ENGINE=InnoDB DEFAULT CHARSET=utf8mb4 COLLATE=utf8mb4_unicode_ci;

--
-- Dumping data for table `colors`
--

INSERT INTO `colors` (`id`, `color`, `trash`) VALUES
(1, 'Test Brand', 1),
(2, 'Red', 0),
(3, 'Green', 0),
(4, 'Yellow', 0);

-- --------------------------------------------------------

--
-- Table structure for table `footer`
--

CREATE TABLE `footer` (
  `id` int(11) NOT NULL,
  `location` varchar(100) COLLATE utf8mb4_unicode_ci NOT NULL,
  `email` varchar(100) COLLATE utf8mb4_unicode_ci NOT NULL,
  `phone` varchar(100) COLLATE utf8mb4_unicode_ci NOT NULL,
  `fb_link` varchar(100) COLLATE utf8mb4_unicode_ci NOT NULL,
  `g_link` varchar(100) COLLATE utf8mb4_unicode_ci NOT NULL,
  `in_link` varchar(100) COLLATE utf8mb4_unicode_ci NOT NULL,
  `tw_link` varchar(100) COLLATE utf8mb4_unicode_ci NOT NULL,
  `youtube` varchar(255) COLLATE utf8mb4_unicode_ci DEFAULT NULL,
  `trash` varchar(100) COLLATE utf8mb4_unicode_ci NOT NULL
) ENGINE=MyISAM DEFAULT CHARSET=utf8mb4 COLLATE=utf8mb4_unicode_ci;

--
-- Dumping data for table `footer`
--

INSERT INTO `footer` (`id`, `location`, `email`, `phone`, `fb_link`, `g_link`, `in_link`, `tw_link`, `youtube`, `trash`) VALUES
(1, 'Kanchijhuli Rd, Mymensingh Sadar', 'freelanceitlab@gmail.com', '01937-476716', 'https://www.facebook.com/', '', '', 'https://www.twitter.com', 'https://www.youtube.com', '');

-- --------------------------------------------------------

--
-- Table structure for table `frontend_users`
--

CREATE TABLE `frontend_users` (
  `id` int(11) NOT NULL,
  `created_at` datetime NOT NULL DEFAULT current_timestamp(),
  `username` varchar(255) COLLATE utf8mb4_unicode_ci DEFAULT NULL,
  `first_name` varchar(255) COLLATE utf8mb4_unicode_ci DEFAULT NULL,
  `last_name` varchar(255) COLLATE utf8mb4_unicode_ci DEFAULT NULL,
  `phone` varchar(255) COLLATE utf8mb4_unicode_ci DEFAULT NULL,
  `email` varchar(255) COLLATE utf8mb4_unicode_ci DEFAULT NULL,
  `password` varchar(255) COLLATE utf8mb4_unicode_ci DEFAULT NULL,
  `path` varchar(255) COLLATE utf8mb4_unicode_ci DEFAULT NULL,
  `accept` tinyint(4) NOT NULL DEFAULT 0,
  `status` tinyint(4) NOT NULL DEFAULT 0,
  `remember_token` varchar(255) COLLATE utf8mb4_unicode_ci DEFAULT NULL,
  `forgot_token` varchar(255) COLLATE utf8mb4_unicode_ci DEFAULT NULL,
  `updated_at` datetime NOT NULL DEFAULT current_timestamp()
) ENGINE=InnoDB DEFAULT CHARSET=utf8mb4 COLLATE=utf8mb4_unicode_ci;

--
-- Dumping data for table `frontend_users`
--

INSERT INTO `frontend_users` (`id`, `created_at`, `username`, `first_name`, `last_name`, `phone`, `email`, `password`, `path`, `accept`, `status`, `remember_token`, `forgot_token`, `updated_at`) VALUES
(1, '2019-09-11 16:01:23', 'Test', NULL, NULL, NULL, 'Test@Gmail.Com', NULL, NULL, 0, 0, NULL, NULL, '2019-09-11 16:01:23'),
(2, '2019-09-11 17:44:39', 'ripit', NULL, NULL, NULL, 'nisocacera@mailinator.net', 'Pa$$w0rd!', NULL, 1, 0, NULL, NULL, '2019-09-11 17:44:39'),
(3, '2019-09-11 17:48:03', 'xyrufazake', NULL, NULL, NULL, 'neropefuq@mailinator.com', 'Pa$$w0rd!', NULL, 1, 0, NULL, NULL, '2019-09-11 17:48:03'),
(4, '2019-09-11 17:50:14', 'qoqojik', NULL, NULL, NULL, 'zomo@mailinator.net', '9c622ddce42ed46304ad87b54a5b638b', NULL, 1, 0, NULL, NULL, '2019-09-11 17:50:14'),
(5, '2019-09-11 17:54:30', 'mivic', NULL, NULL, NULL, 'dyle@mailinator.com', '9c622ddce42ed46304ad87b54a5b638b', NULL, 1, 0, NULL, NULL, '2019-09-11 17:54:30'),
(6, '2019-09-11 18:26:40', 'superadmin', NULL, NULL, NULL, 'mkitlab@gmail.com', 'da0562cb48e9292a64140f1162353ecb', NULL, 1, 1, NULL, NULL, '2019-09-11 18:26:40');

-- --------------------------------------------------------

--
-- Table structure for table `header`
--

CREATE TABLE `header` (
  `id` int(11) NOT NULL,
  `web_title` varchar(100) COLLATE utf8mb4_unicode_ci NOT NULL,
  `web_logo` varchar(100) COLLATE utf8mb4_unicode_ci NOT NULL,
  `fev_icon` varchar(100) COLLATE utf8mb4_unicode_ci NOT NULL,
  `food_menu` text COLLATE utf8mb4_unicode_ci NOT NULL,
  `trash` int(100) NOT NULL
) ENGINE=MyISAM DEFAULT CHARSET=utf8mb4 COLLATE=utf8mb4_unicode_ci;

--
-- Dumping data for table `header`
--

INSERT INTO `header` (`id`, `web_title`, `web_logo`, `fev_icon`, `food_menu`, `trash`) VALUES
(1, 'Demo-Ecommerce', 'backend/images/header/gallery16180968230.png', 'backend/images/header/gallery16193307510.png', 'backend/images/header/gallery16102633590.pdf', 0);

-- --------------------------------------------------------

--
-- Table structure for table `image_gallery`
--

CREATE TABLE `image_gallery` (
  `id` int(11) NOT NULL,
  `img_name` varchar(100) COLLATE utf8mb4_unicode_ci NOT NULL,
  `img_path` varchar(100) COLLATE utf8mb4_unicode_ci NOT NULL,
  `trash` int(100) NOT NULL
) ENGINE=InnoDB DEFAULT CHARSET=utf8mb4 COLLATE=utf8mb4_unicode_ci;

--
-- Dumping data for table `image_gallery`
--

INSERT INTO `image_gallery` (`id`, `img_name`, `img_path`, `trash`) VALUES
(93, 'electronics product', 'backend/images/image_gallery/gallery16171652600.jpg', 0),
(94, 'electronics product', 'backend/images/image_gallery/gallery16171652510.jpg', 0),
(96, 'electronics product', 'backend/images/image_gallery/gallery16171652450.jpg', 0),
(97, 'electronics product', 'backend/images/image_gallery/gallery16171652350.jpg', 0),
(98, 'electronics product', 'backend/images/image_gallery/gallery16171652290.jpg', 0),
(99, 'electronics product', 'backend/images/image_gallery/gallery16171652220.jpg', 0);

-- --------------------------------------------------------

--
-- Table structure for table `products`
--

CREATE TABLE `products` (
  `id` int(11) NOT NULL,
  `title` varchar(255) COLLATE utf8mb4_unicode_ci NOT NULL,
  `brand_id` int(11) NOT NULL,
  `cat_id` int(11) NOT NULL,
  `sub_cat_id` int(11) NOT NULL,
  `price` decimal(10,2) NOT NULL DEFAULT 0.00,
  `min_qty` decimal(10,2) NOT NULL DEFAULT 0.00,
  `discount` decimal(10,2) NOT NULL DEFAULT 0.00,
  `warranty` varchar(255) COLLATE utf8mb4_unicode_ci NOT NULL,
  `feature_product` varchar(191) COLLATE utf8mb4_unicode_ci NOT NULL,
  `description` longtext COLLATE utf8mb4_unicode_ci NOT NULL,
  `status` varchar(191) COLLATE utf8mb4_unicode_ci NOT NULL,
  `trash` int(1) NOT NULL DEFAULT 0,
  `date` date NOT NULL DEFAULT current_timestamp()
) ENGINE=InnoDB DEFAULT CHARSET=utf8mb4 COLLATE=utf8mb4_unicode_ci;

--
-- Dumping data for table `products`
--

INSERT INTO `products` (`id`, `title`, `brand_id`, `cat_id`, `sub_cat_id`, `price`, `min_qty`, `discount`, `warranty`, `feature_product`, `description`, `status`, `trash`, `date`) VALUES
(1, 'Product Title One', 1, 6, 0, '1230.00', '1.00', '120.00', '2', 'no', 'Morem Ipsum has been the industry\'s standard dummy text ever since the 1500s, when an unknown printer took a galley of type and scrambled it to make a type specimen book. It has survived not only five centuries, but also the leap into electronic typesetting, remaining essentially unchanged. It was popularised in the 1960s with the release of Letraset sheets containing Lorem Ipsum passages, and more recently with desktop publishing software like Aldus PageMaker including versions of Lorem Ipsum', 'available', 0, '2021-04-27'),
(2, 'Product Title Two', 1, 7, 3, '24154.00', '1.00', '3244.00', '55', 'yes', 'Psum has been the industry\'s standard dummy text ever since the 1500s, when an unknown printer took a galley of type and scrambled it to make a type specimen book. It has survived not only five centuries, but also the leap into electronic typesetting, remaining essentially unchanged. It was popularised in the 1960s with the release of Letraset sheets containing Lorem Ipsum passages, and more recently with desktop publishing software like Aldus PageMaker including versions of Lorem Ipsum', 'available', 0, '2021-04-25'),
(3, 'Product Title Three', 1, 6, 0, '3256.00', '9.00', '2.00', '55', 'no', 'Type and scrambled it to make a type specimen book. It has survived not only five centuries, but also the leap into electronic typesetting, remaining essentially unchanged. It was popularised in the 1960s with the release of Letraset sheets containing Lorem Ipsum passages, and more recently with desktop publishing software like Aldus PageMaker including versions of Lorem Ipsum', 'available', 0, '2021-04-25'),
(4, 'Product Title Four', 1, 4, 0, '750.00', '1.00', '78.00', '2', 'yes', 'Simply dummy text of the printing and typesetting industry. Lorem Ipsum has been the industry\'s standard dummy text ever since the 1500s, when an unknown printer took a galley of type and scrambled it to make a type specimen book. It has survived not only five centuries, but also the leap into electronic typesetting, remaining essentially unchanged. It was popularised in the 1960s with the release of Letraset sheets containing Lorem Ipsum passages, and more recently with desktop publishing software like Aldus PageMaker including versions of Lorem Ipsum.', 'available', 0, '2021-04-22'),
(5, 'Product Title Five', 1, 2, 0, '321.00', '1.00', '21.00', '2', 'yes', 'Text of the printing and typesetting industry. Lorem Ipsum has been the industry\'s standard dummy text ever since the 1500s, when an unknown printer took a galley of type and scrambled it to make a type specimen book. It has survived not only five centuries, but also the leap into electronic typesetting, remaining essentially unchanged. It was popularised in the 1960s with the release of Letraset sheets containing Lorem Ipsum passages, and more recently with desktop publishing software like Aldus PageMaker including versions of Lorem Ipsum.', 'available', 0, '2021-04-22'),
(6, 'Product Title Six', 1, 3, 0, '145.00', '1.00', '5.00', '', 'yes', 'Lorem Ipsum is simply dummy text of the printing and typesetting industry. Lorem Ipsum has been the industry\'s standard dummy text ever since the 1500s, when an unknown printer took a galley of type and scrambled it to make a type specimen book. It has survived not only five centuries, but also the leap into electronic typesetting, remaining essentially unchanged. It was popularised in the 1960s with the release of Letraset sheets containing Lorem Ipsum passages, and more recently with desktop publishing software like Aldus PageMaker including versions of Lorem Ipsum.', 'available', 0, '2021-04-22'),
(7, 'sdfsdfsdf', 1, 8, 0, '1000.00', '1.00', '10.00', '', 'no', 'sdfsdfsdfasf', 'available', 0, '2021-04-26'),
(8, 'Atumpan', 1, 8, 0, '2100.00', '1.00', '0.00', '', 'no', 'A type of African talking drum. Played in pairs, these drums provide the bass part in Adowa dance ensembles. These drums are also found in Fontomfrom ensembles. The atumpan is played either with one\'s bare hands or L-shaped sticks.', 'available', 0, '2021-04-26'),
(9, 'Autoharp', 1, 8, 0, '22220.00', '1.00', '20.00', '', 'no', 'AutoharpAutoharpAutoharpAutoharpAutoharpAutoharpAutoharpAutoharpAutoharpAutoharpAutoharpAutoharpAutoharpAutoharpAutoharpAutoharpAutoharpAutoharpAutoharpAutoharpAutoharp', 'available', 0, '2021-04-26'),
(10, 'Bagpipe', 1, 8, 0, '1500.00', '1.00', '6.00', '', 'no', 'BagpipeBagpipeBagpipeBagpipeBagpipeBagpipeBagpipeBagpipeBagpipeBagpipeBagpipeBagpipe', 'available', 0, '2021-04-27'),
(11, 'One eggplant', 1, 7, 0, '60.00', '1.00', '0.00', '', 'no', 'One eggplantOne eggplantOne eggplantOne eggplantOne eggplantOne eggplantOne eggplantOne eggplantOne eggplantOne eggplantOne eggplantOne eggplant', 'available', 0, '2021-04-26'),
(12, 'Poster Biennale', 1, 7, 3, '80.00', '1.00', '5.00', '', 'no', 'Poster BiennalePoster BiennalePoster BiennalePoster BiennalePoster BiennalePoster BiennalePoster BiennalePoster BiennalePoster BiennalePoster BiennalePoster Biennale', 'available', 0, '2021-04-27'),
(13, 'New Exclusive Hot Kurti For Stylish', 1, 6, 3, '1400.00', '1.00', '2.00', '', 'no', 'Shalwar Kameez, also spelled salwar kameez or shalwar kameez, is a traditional outfit originating in the subcontinent. It is a generic term used to describe different styles of dress. The shalwar kameez can be worn by women. The shalwar and the kameez are two garments which are combined to form the shalwar kameez.', 'available', 0, '2021-04-27'),
(14, 'Indian Weightless Georgette Salwar Kameez', 1, 6, 0, '1800.00', '1.00', '5.00', '', 'no', 'Shalwar kameez also spelled or kameez is a traditional outfit originating in the Indian subcontinent. The apparel comprises a headscarf, (long shirt) And Shalwar (baggy trousers) when worn by women and Kameez and Shalwar when worn by men. The term covers different styles according to the region where the outfit is worn. Styles include Anarkali, Punjabi, Afghani, and Balochi. In origin, the Shalwar and Kameez are two separate garments that have been combined to form the outfit. May the women more powerful under the influence of e-commerce! ‘Ultra Fashion’- A new project of Daraz to ensure the economical and social advancement for women. We are the actual powerhouse of e-commerce. We are not fictional characters, we are real-life ‘Wonder Women’! Observing the active participation and direct contribution pattern of the women i', 'available', 0, '2021-04-27'),
(15, 'Stainless Steel Multi-function Vegetable Double Peeler Cutter Julienne', 1, 7, 0, '200.00', '1.00', '8.00', '', 'no', 'Product details of Stainless Steel Multi-function Vegetable Double Peeler Cutter Julienne Peeler Potato Carrot Grater Kitchen Tool\r\n100% brand new and high quality\r\nMade from high duty stainless steel material, it is rustproof.\r\nComfortable handle with hanging hook\r\nEasy to clean\r\nDishwasher safe', 'available', 0, '2021-04-27'),
(16, 'Vegetables Slicer Cutting Aid Holder Guide Slicing Cutter Safe For Kitchen Work', 1, 7, 0, '300.00', '1.00', '4.00', '', 'no', 'Product details of Vegetables Slicer Cutting Aid Holder Guide Slicing Cutter Safe For Kitchen Work\r\nKeeps onions,Tomato and other Vegetable stable and creates even slices everytime.\r\nEasy hold handle allows for firm grip.\r\nGreat for anyone with poor grip.\r\nKeeps onions stable and creates even slices everytime.', 'available', 0, '2021-04-27'),
(17, 'TOYOTA PREMIO Year: 2017', 1, 5, 0, '2500000.00', '1.00', '5.00', '', 'no', 'For more details about this product, please dial 09610002345 to get assistance from our expert agents.\r\n1. Customer can visit physical store to have look & feel the actual product (Car) by setting an appointment through Daraz. For setting an appointment please call at 09610002345. \r\n\r\n2. The Registration Process of the Car will be handled by concerned show room/dealer and Customer can collect the relevant registration documents from the concerned show room/dealer. \r\n\r\n3. For after sales service Customer needs to communicate with Daraz. Thereafter, Daraz will communicate with the concerned show room/dealer, and arrange the required sales services accordingly. \r\n\r\n4. For any query or assistance please communicate Daraz at 09610002345.\r\n\r\n5. Customer will receive one year’s free servicing facilities excluding the cost of parts, oil, lubricants etc. \r\n\r\n6. Once purchased, the Product (Car) cannot be returned, changed or exchanged. \r\n\r\n7. Delivery of the Car shall be taken by the Customer from the show room/dealer.', 'available', 0, '2021-04-27'),
(18, 'Toyota Axio Hybrid 2016', 1, 5, 0, '1.00', '1.00', '10.00', '', 'no', 'For any query or assistance please communicate Daraz at 09610002345.\r\n1. Customer can visit physical store to have look & feel the actual product (Car) by setting an appointment through Daraz. For setting an appointment please call at 09610002345.\r\n2. The Registration Process of the Car will be handled by concerned show room/dealer and Customer can collect the relevant registration documents from the concerned show room/dealer.\r\n3. For after sales service Customer needs to communicate with Daraz. Thereafter, Daraz will communicate with the concerned show room/dealer, and arrange the required sales services accordingly.\r\n4. For any query or assistance please communicate Daraz at 09610002345.\r\n5. Customer will receive one year’s free servicing facilities excluding the cost of parts, oil, lubricants etc.\r\n6. Once purchased, the Product (Car) cannot be returned, changed or exchanged.\r\n7. Delivery of the Car shall be taken by the Customer from the show room/dealer.', 'available', 0, '2021-04-27'),
(19, 'Toyota Premio 2014 FL', 1, 5, 0, '2.00', '1.00', '2.00', '', 'no', '1.  Customer can visit physical store to have look & feel the actual product (Car) by setting an appointment through Daraz. For setting an appointment please call at 09610002345.\r\n\r\n2.  The Registration Process of the Car will be handled by concerned show room/dealer and Customer can collect the relevant registration documents from the concerned show room/dealer.\r\n\r\n3.  For after sales service Customer needs to communicate with Daraz. Thereafter, Daraz will communicate with the concerned show room/dealer, and arrange the required sales services accordingly.\r\n\r\n4.  For any query or assistance please communicate Daraz at 09610002345.\r\n\r\n5.  Customer will receive one year’s free servicing facilities excluding the cost of parts, oil, lubricants etc.\r\n\r\n6.  Once purchased, the Product (Car) cannot be returned, changed or exchanged.\r\n\r\n7.  Delivery of the Car shall be taken by the Customer from the show room/dealer.\r\n\r\nToyota Premio 2014 FL', 'available', 0, '2021-04-27'),
(20, 'Toyota Noah 2015 Black', 1, 5, 0, '2.00', '1.00', '12.00', '', 'no', 'For any query or assistance please communicate Daraz at 09610002345.\r\n1. Customer can visit physical store to have look & feel the actual product (Car) by setting an appointment through Daraz. For setting an appointment please call at 09610002345.\r\n2. The Registration Process of the Car will be handled by concerned show room/dealer and Customer can collect the relevant registration documents from the concerned show room/dealer.\r\n3. For after sales service Customer needs to communicate with Daraz. Thereafter, Daraz will communicate with the concerned show room/dealer, and arrange the required sales services accordingly.\r\n4. For any query or assistance please communicate Daraz at 09610002345.\r\n5. Customer will receive one year’s free servicing facilities excluding the cost of parts, oil, lubricants etc.\r\n6. Once purchased, the Product (Car) cannot be returned, changed or exchanged.\r\n7. Delivery of the Car shall be taken by the Customer from the show room/dealer.', 'available', 0, '2021-04-27'),
(21, 'Intel Dual Core RAM 4GB HDD 500GB Monitor 17 inch Intel HD Graphics Built-in for Gaming PC Windows 7 64 Bit Best Desktop Computer in low price', 1, 4, 0, '10.00', '1.00', '2.00', '2', 'no', 'Product details of Intel Dual Core RAM 4GB HDD 500GB Monitor 17 inch Intel HD Graphics Built-in for Gaming PC Windows 7 64 Bit Best Desktop Computer in low price\r\nIntel Dual Core RAM 4GB HDD 500GB Monitor 17 inch Intel HD Graphics Built-in for PC Windows 7 64 Bit Best Desktop Computer in low price\r\nIntel Dual Core RAM 4GB HDD 500GB Monitor 17 inch Intel HD Graphics Built-in for', 'available', 0, '2021-04-27'),
(22, 'Full Set PC Core-i5-2nd Genaration-8GB DDR3 Ram-500GB HDD-19', 1, 5, 0, '27000.00', '1.00', '3.00', '', 'yes', 'Product details of Full Set PC Core-i5-2nd Genaration-8GB DDR3 Ram-500GB HDD-19\" Monitor-Keyboard-Mouse All Complete\r\nProcessor: Intel Core i5-2320 (2nd Generation) GHz 3.0 GHz, RAM: 8GB DDR3, Hard Disk: 500GB, Mainboard :H61 Intel Chipset, Casing : GIGASONIC / OVO / EROCK / CIRCLE / STAR SONIC / DBM (Casing can be different from the given pictures) , Monitor : 19\" Gigasonic or any china brand, USB Keyboard, USB Mouse, Complete PC', 'available', 0, '2021-04-27'),
(23, 'Square LED Digital Sports Watch, Waterproof LED Wrist Watch(null)', 1, 3, 0, '3600.00', '1.00', '2.00', '', 'no', 'Product details of Square LED Digital Sports Watch, Waterproof LED Wrist Watch(null)\r\nInformal style watch,\r\nperfect to wear with daily clothes.\r\nExquisitely crafted watch,\r\ngood in workmanship.\r\nStreamlined design gives the piece a fashionable look.\r\nPersonality, exquisite workmanship\r\nTrendy, sophisticated texture\r\nSimple smooth design, stylish atmosphere', 'available', 0, '2021-04-27'),
(24, '40M5 Meters Ranging Tape Measure Surface Pythagorean Smart Steel Ruler Infrared Multi-Function Measuring Instrumen', 1, 8, 0, '450.00', '1.00', '3.00', '', 'no', '▲Multi-function measurement mode-with multiple measurement modes such as single, continuous, distance, area, volume and Pythagoras. You can also set standards and correct accuracy.\r\n▲Two-in-one tape measure-The tape measure combines 131 Ft ruler and 5M tape measure. Simultaneous measurement can verify the accuracy of the. Long press the \"→\" button for 2s to freely switch the unit between M / In / Ft; support the use of the front reference point and end reference point functions for distance self-calibration.\r\n▲Convenient USB charging-Tooltoo\'s measurement is a universal USB charging. Built-in 180mAh lithium battery, it takes about 4 hours to fully charge. It can be used 3000 times per full charge. (Note: Use a voltage within 5V to charge, for example: PC USB port)\r\n▲ precision- measurement range: 40m/131ft, measurement accuracy: +/- 3mm, level: 2 (1mW or less), level: 2 (1mW or less), frequency: 650nm, measuring range of tape measure : 5m, waterproof and dustproof: ip54, body size: 8.5 x 4.3 x 7.5cm, actual weight: 280g.', 'available', 0, '2021-04-27'),
(25, 'Wood Soprano Basswood Ukulele Uke Hawaii Guitar Musical Instrumen Bag Tuner -', 1, 8, 0, '4200.00', '1.00', '2.00', '', 'no', 'Features:\r\n-Perfect for beginners, students, and music lovers.\r\n-Reasonably priced, entry-level acoustic guitar.\r\n-Meticulously crafted the traditional style.\r\n-Give you a nice mellow tone with a slower response.\r\n-Ideal for beginners to find their way around the instrument.\r\n-Come included with a guitar pick and an extra set of strings.\r\n-The wood top, back and sides keep the guitar lightweight and inexpensive while not sacrificing tone.\r\n-Meticulously crafted the traditional style, this guitar gives you a nice mellow tone with a slower response and thus is ideal for beginners to find their way around the instrument.\r\n', 'available', 0, '2021-04-27'),
(26, 'Vegetable Chopper Handy Quick Cutter for Kitchen, 3 Blade Stainless Steel, Pull String, Green (350ml And 900ml)', 1, 7, 0, '300.00', '1.00', '0.00', '', 'no', 'Product details of Vegetable Chopper Handy Quick Cutter for Kitchen, 3 Blade Stainless Steel, Pull String, Green (350ml And 900ml)\r\nShadaMon Store\r\nSturdy 3-blade design made from Stainless Steel\r\nUnique string function to chop vegetables and fruits with ease\r\nNo electricity required\r\nEasy to use - easy to detach', 'available', 0, '2021-04-27'),
(27, 'Fruit Slicer Apple Pear Cutter Stainless Steel Knife Corers Remover Vegetable Melon Chopper Peerler Divided Kitchen Tools', 1, 7, 0, '750.00', '1.00', '4.00', '', 'no', 'Product details of Fruit Slicer Apple Pear Cutter Stainless Steel Knife Corers Remover Vegetable Melon Chopper Peerler Divided Kitchen Tools\r\nSharp blades.\r\nLightweight, easy to carry.\r\nSimple and compact design, easy to clean.\r\nSafe and health, suit to apple, pear, and other fruits.\r\nEasily to core and cut apples/pears/etc into 8 average pieces.\r\nThe corer slicer fruit knife cores and slices the apple into sections in one swift movement.\r\nMaking it perfect for making fruit salads or for creating bite-sized chunks for the kids.', 'available', 0, '2021-04-27'),
(28, 'Joypuri Unstitched Skin Print Ari Work Cotton Three Piece Fashionable, Stylish and Comfortable, Salwar Kameez For/ Women', 1, 6, 0, '2500.00', '1.00', '18.00', '', 'no', 'Kameez, also spelled Salwar kameez or shalwar qameez, is a traditional outfit originating in the subcontinent. It is a generic term used to describe different styles of dress. The Salwar Kameez can be worn by women. The Salwar and the kameez are two garments which are combined to form the Salwar kameez.This Product is made of good qualities fabrics. It is one of the most popular wears for dif- ferent festivals and weddings occasion. Women look very gorgeous in colorful dress, and so they love to wear and have a luxurious and colorful dress for different social and cultural functions. It will keep you looking and feeling good all day long', 'available', 0, '2021-04-27'),
(29, 'Toshor Silk block print Sharee with blouj piece and high Quality Rich Fabrics,Exclusive Fashionable, Stylish Comfortable white colour sharee for Women.', 1, 6, 0, '4500.00', '1.00', '30.00', '', 'no', 'Saree is a very common dress in this subcontinental area like Bangladesh. This saree is made of Half Silk fabrics and also including colourfull tessel. It is also extremely versatile as it can be successfully incorporated into any look. It is one of the most popular wears for different festivals and weddings occasion. Women look very gorgeous in colorful saree, and so they love to wear and have luxurious and colorful saree for different social and cultural functions. It will keep you looking and feeling good all day long. The young lady to an elderly person every woman is fascinated about saree just because of our culture.  Sarees for women are crafted from Georgette.\r\n\r\nThe seller,\r\nJamuna Boutiques, offers a wide selection of products from renowned brands in Bangladesh with a promise of fast, safe and easy online shopping experience through Daraz. The seller comes closer to the huge customers on this leading online shopping platform of all over Bangladesh and serving to the greater extent of achieving higher customer satisfaction. The brands working with Daraz are not only serving top class products but also are dedicated to acquiring brand loyalty.', 'available', 0, '2021-04-27'),
(30, 'Nussan Juke 2015', 1, 5, 0, '2.00', '1.00', '1.00', '', 'no', 'Product details of Nussan Juke 2015\r\nBrand: Nissan\r\nModel: Juke\r\nYear: 2015\r\nColor: Wine red\r\nSpecifications of Nussan Juke 2015\r\nBrandNissanSKU171244245_BD-1107158282', 'available', 0, '2021-04-27'),
(31, 'Nussan Juke 2015', 1, 5, 0, '2.00', '1.00', '1.00', '', 'no', 'Product details of Nussan Juke 2015\r\nBrand: Nissan\r\nModel: Juke\r\nYear: 2015\r\nColor: Wine red\r\nSpecifications of Nussan Juke 2015\r\nBrandNissanSKU171244245_BD-1107158282', 'available', 1, '2021-04-27'),
(32, 'Nussan Juke 2015', 1, 5, 0, '2.00', '1.00', '1.00', '', 'no', 'Product details of Nussan Juke 2015\r\nBrand: Nissan\r\nModel: Juke\r\nYear: 2015\r\nColor: Wine red\r\nSpecifications of Nussan Juke 2015\r\nBrandNissanSKU171244245_BD-1107158282', 'available', 1, '2021-04-27'),
(33, 'Toyota Aqua 2014 (TRD Body Kit)', 1, 5, 0, '1.00', '1.00', '0.00', '', 'no', 'For any query or assistance please communicate Daraz at 09610002345.\r\n1.  Customer can visit physical store to have look & feel the actual product (Car) by setting an appointment through Daraz. For setting an appointment please call at 09610002345.\r\n\r\n2.  The Registration Process of the Car will be handled by concerned show room/dealer and Customer can collect the relevant registration documents from the concerned show room/dealer.\r\n\r\n3.  For after sales service Customer needs to communicate with Daraz. Thereafter, Daraz will communicate with the concerned show room/dealer, and arrange the required sales services accordingly.\r\n\r\n4.  For any query or assistance please communicate Daraz at 09610002345.\r\n\r\n5.  Customer will receive one year’s free servicing facilities excluding the cost of parts, oil, lubricants etc.\r\n\r\n6.  Once purchased, the Product (Car) cannot be returned, changed or exchanged.\r\n\r\n7.  Delivery of the Car shall be taken by the Customer from the show room/dealer.', 'available', 0, '2021-04-27'),
(34, 'Walton Laptop Tamarind ZX3701A, 7th Gen Intel Core i3-7020U 2.30GHz, 512GB SATAIII M.2 2280 SSD , 4GB DDR4 RAM, 14 inch HD Display.', 1, 4, 0, '38000.00', '1.00', '8.00', '', 'no', 'Product details of Walton Laptop Tamarind ZX3701A, 7th Gen Intel Core i3-7020U 2.30GHz, 512GB SATAIII M.2 2280 SSD , 4GB DDR4 RAM, 14 inch HD Display.\r\n35.56cm (14.0\") HD Matte LED backlit display\r\nIntel® Core™ i3-7020U 2.30GHz\r\n7thGeneration processor\r\n512GB SATAIII M.2 2280 SSD\r\n4GB DDR4 RAM\r\n802.11ac WLAN + BT 4.2\r\nGenuine Windows 10\r\nBattery Backup: Up to 6 Hours\r\nUp to 2 years warranty', 'available', 0, '2021-04-27'),
(35, 'Walton Walpad 10.5\'\' IPS Display, 4GB LPDDR4 RAM, 7000mah Battery with Flip Cover', 1, 4, 0, '28000.00', '1.00', '0.00', '', 'no', 'Product details of Walton Walpad 10.5\'\' IPS Display, 4GB LPDDR4 RAM, 7000mah Battery with Flip Cover\r\n10.5\'\' FHD IPS Display\r\n7000mah Battery\r\n4GB LPDDR4 RAM\r\nHelio P60 Gaming Processor\r\nAndroid 10\r\n', 'available', 0, '2021-04-27'),
(36, 'Walton Ultra Slim Border Less WD238V02 23.8” Full HD 1920x1080 at 75HZ Desktop Monitor with Built in Speaker.', 1, 4, 0, '12.00', '1.00', '1.00', '', 'no', 'Product details of Walton Ultra Slim Border Less WD238V02 23.8” Full HD 1920x1080 at 75HZ Desktop Monitor with Built in Speaker.\r\n23.8” LED Backlight Display\r\nUltra Slim Design\r\nMAX Resolution 1920 ×1080 at 75Hz\r\nWide Viewing Angle\r\nContrast Ratio 3000: 1\r\nConnectivity: HDMI,VGA\r\nBuilt-in Speaker', 'available', 0, '2021-04-27'),
(37, 'HP 22fw 21.5 IPS Full HD LED Monitor (White)', 1, 4, 0, '1400.00', '1.00', '4.00', '', 'no', 'Product details of HP 22fw 21.5 IPS Full HD LED Monitor (White)\r\nModel: HP 22fw\r\nResolution: 1920 x 1080 @ 60Hz\r\nResponse Time: 5ms\r\nViewing Angle:178° (V)/178°(H)\r\nBrightness:300 cd/m²', 'available', 0, '2021-04-27'),
(38, 'Gigabyte Aorus 5 Mb I7-10750H 2.6 To 5.0Ghz (6C, 12T) 10Th Gen, 16Gb Ram, 512Gb Pcie, 4Gb Ddr6 1650Ti Graphics, 15.6 Fhd 144Hz Gaming Laptop', 1, 4, 0, '126.00', '1.00', '2.00', '', 'no', 'Product details of Gigabyte Aorus 5 Mb I7-10750H 2.6 To 5.0Ghz (6C, 12T) 10Th Gen, 16Gb Ram, 512Gb Pcie, 4Gb Ddr6 1650Ti Graphics, 15.6 Fhd 144Hz Gaming Laptop\r\n10th Gen Intel® Core™ i7Processor H-Series i7-10750H 2.6to 5.0GHz (6Core, 12Thread)\r\nNVIDIA® GeForce GTX 1650Ti 4GB DDR6\r\n15.6 Inch Thin Bezel FHD 144Hz display\r\n(8X2)=16GB DDR4 2666MHz RAM (2 slots, Max 64GB)\r\n512GB M.2 NVMe PCIe SSD\r\nBacklit Keyboard\r\n2 Years International Warranty\r\nMade In Taiwan', 'available', 0, '2021-04-27'),
(39, 'Samsung Galaxy A20S Tempered Glass Protector 6D/9D/11D Black-Transparent', 1, 3, 0, '16000.00', '1.00', '2.00', '', 'no', 'Product details of Samsung Galaxy A20S Tempered Glass Protector 6D/9D/11D Black-Transparent\r\nMaterials: Tempered Glass\r\n(1) Name: Tempered Glass\r\n(2) Protection: The Screen Of Cellphone\r\n(3) Feature: Anti-Scratch, Screen Protector, Anti-oil，waterproof，HD\r\n(4) 100% High quality and New\r\n(5) Easy to install or remove\r\n(6) Designed to fit your device perfectly\r\n1.Glass ONLY, Other Accessories not included.\r\n2.The real color of the item may be slightly different from the pictures shown on website caused by many factors such as brightness of your monitor and light brightness.', 'available', 0, '2021-04-27'),
(40, 'Usb Type C Cable 1 Pack (3Ft) Nylon Braided Usb A To Usb C Charger Cable Fast Charg Cord For Samsung Galaxy 8 S8 Plus, Lg G5 G6 V30, Htc 10, Nexus 5X/6P-Blue', 1, 3, 0, '450.00', '1.00', '6.00', '', 'yes', 'Product details of Usb Type C Cable 1 Pack (3Ft) Nylon Braided Usb A To Usb C Charger Cable Fast Charg Cord For Samsung Galaxy 8 S8 Plus, Lg G5 G6 V30, Htc 10, Nexus 5X/6P-Blue\r\nUSB CERTIFIED FAST DATA-SYNC & CHARG (USB 2.0): Supports safe high-speed charg (5V/3.0A) and fast data transfer. *Not compatible with iPhone or cro-USB!\r\nDURABLE & TANGLE-FREE DESIGN: Features an ultra-durable nylon-braided jacket with a bend lifespan of 10000+ and seamlessly molded joints.\r\nREVERSIBLE CONNECTOR: Keeps up with t latest trend of USB interface. This user-friendly design allows you to plug into all your USB Type-C compatible devices without worrying about t orienon of t port.\r\nSAFE & RELIABLE: Manufactured in accordance with USB Type-C specifications version 1.1. Solid 23AWG wire core is ho within preum alunum housing for safe and reliable charg up to 3A. Standard 56kΩ ll-up resistor contained.\r\nMaterial: Nylon\r\nT cable is guaranteed to work with t Phone\r\n2 in 1 functionality Data Sync / Charger Cable\r\nUSB 2.0 Compatible,mermaid style\r\nCable Length : 1 M\r\nColors: Blue\r\nPackage Content: 1 X Type C Cable\r\nOnly t above package content, otr products are not included.\r\n: Light and different displays may cause t color of t item in t picture a little different from t thing. T measuret allowed error is +/- 1-3cm.\r\nUSB CERTIFIED FAST DATA-SYNC & CHARG (USB 2.0): Supports safe high-speed charg (5V/3.0A) and fast data transfer. *Not compatible with iPhone or cro-USB!\r\nDURABLE & TANGLE-FREE DESIGN: Features an ultra-durable nylon-braided jacket with a bend lifespan of 10000+ and seamlessly molded joints.\r\nREVERSIBLE CONNECTOR: Keeps up with t latest trend of USB interface. This user-friendly design allows you to plug into all your USB Type-C compatible devices without worrying about t orienon of t port.\r\nSAFE & RELIABLE: Manufactured in accordance with USB Type-C specifications version 1.1. Solid 23AWG wire core is ho within preum alunum housing for safe and reliable charg up to 3A. Standard 56kΩ ll-up resistor contained.\r\nMaterial: Nylon\r\nT cable is guaranteed to work with t Phone\r\n2 in 1 functionality Data Sync / Charger Cable\r\nUSB 2.0 Compatible,mermaid style\r\nCable Length : 1 M', 'available', 0, '2021-04-27'),
(41, 'Tempered Glass for Sony Xperia XZS Gorilla 2.5D-Transparent', 1, 3, 0, '26500.00', '1.00', '4.00', '', 'no', 'Product details of Tempered Glass for Sony Xperia XZS Gorilla 2.5D-Transparent\r\nHigh-quality material,Touch Sensitive\r\nLightweight And Ultra-thin，Easy To Carry\r\nProtection: The Screen Of Cellphone\r\n100%Brand New\r\nUltra-thin& Rounded Edges\r\n1.Glass ONLY, Other Accessories not included.\r\n2.The real color of the item may be slightly different from the pictures shown on website caused by many factors such as brightness of your monitor and light brightness.\r\nSpecifications of Tempered Glass for Sony Xperia XZS Gorilla 2.5D-Transparent', 'available', 0, '2021-04-27'),
(42, 'Liquid Silicone Phone Case For New Apple iPhone 7/8 Apple iPhone 7/8 Soft Mobile Back Cover', 1, 3, 0, '48000.00', '1.00', '2.00', '', 'no', 'Product details of Liquid Silicone Phone Case For New Apple iPhone 7/8 Apple iPhone 7/8 Soft Mobile Back Cover\r\nVibrant Color Border for naturally enhanced\r\npersonalized appearance\r\nMade of Nano chemical materials\r\nEnvironmentally friendly material\r\nUltra-thin and easy for operation\r\nHigh-precision machine molding\r\nExplosion-proof and shock-proof\r\nPressure-resistant and anti-scratch function\r\nProtects your device perfectly\r\n0.3mm, precious cuts for your screen, speakers, sensors and other ports\r\nTough and scratch-resistant yet flexible\r\nHD ultra-clear with high sensitivity and comfortable touch feeling\r\nSpecifications of Liquid Silicone Phone Case For New Apple iPhone 7/8 Apple iPhone 7/8 Soft Mobile Back Cover\r\nBrandClick Gadgets', 'available', 0, '2021-04-27'),
(43, 'Space Full Clear Shockproof Acrylic Case For iPhone 12 11 Pro XS Max Mini XR X 6 6S 7 8 Plus SE 2020 Transparent Anti-Knock', 1, 3, 0, '120000.00', '1.00', '3.00', '', 'no', 'Product details of Space Full Clear Shockproof Acrylic Case For iPhone 12 11 Pro XS Max Mini XR X 6 6S 7 8 Plus SE 2020 Transparent Anti-Knock\r\nSpace Full Clear Shockproof Acrylic Case For iPhone 12 11 Pro XS Max Mini XR X 6 6S 7 8 Plus SE 2020 Transparent Anti-Knock', 'available', 0, '2021-04-27'),
(44, 'Luxury Brand Clear Case For Apple iPhone 11 Pro Max 12 Mini XR iPhone11 Transparent Shockproof Hybrid Cover Accessories', 1, 3, 0, '95000.00', '1.00', '1.00', '', 'no', 'Product details of Luxury Brand Clear Case For Apple iPhone 11 Pro Max 12 Mini XR iPhone11 Transparent Shockproof Hybrid Cover Accessories\r\nOriginal Luxury Brand Clear Case For Apple iPhone 11 Pro Max 12 Mini XR iPhone11 Transparent Shockproof Hybrid Cover Accessories\r\nOriginal Luxury Brand Clear Case For Apple iPhone 11 Pro Max 12 Mini XR iPhone11 Transparent Shockproof Hybrid Cover Accessories\r\nFor iPhone 11 Pro Max: Perfect Compatible with iPhone 11 Pro Max case\r\nFor iPhone 11 Pro Max slim cases: Made of premium soft tpu bumper+ hard pc back material offer fingerprints and extra protection from sudden dropping and scratch resistant .\r\nFor iPhone 11 Pro Max cases: Easy access to all buttons, controls and ports without having to remove your phone.Fits snugly over the buttons, curves of your device.\r\nFor iPhone 11 Pro Max case: Crystal clear case reveals and enhances the original phone design and colors.\r\nFor 11 Pro Max case: Raised edges ensure protection for the screen and camera.', 'available', 0, '2021-04-27'),
(45, 'BlackBerry phones', 1, 3, 0, '94000.00', '1.00', '2.00', '', 'yes', 'My old BlackBerry 6220, complete with a track wheel and dorky holster, was built like a tank. I dropped it. I flung it in anger. When I was bored, I tried juggling it (and I\'m a terrible juggler). It still kept ticking', 'available', 0, '2021-04-27'),
(46, 'Pizza Cutter - Silver - Big Size', 1, 2, 0, '230.00', '1.00', '4.00', '', 'no', 'Product details of Pizza Cutter - Silver - Big Size\r\nProduct Type: Pizza Cutter\r\nColor: Silver\r\nMain Material: Stainless Steel\r\nGood quality product\r\nEasy to use\r\nEasy to carry', 'available', 0, '2021-04-27'),
(47, 'Cookie Cutter 12 Pieces', 1, 2, 0, '120.00', '1.00', '3.00', '', 'no', 'Product details of Cookie Cutter 12 Pieces\r\nMade in China\r\nProduct Type: Cookie Cutter\r\nColor: Silver\r\nMain Material: Stainless Steel\r\nMetal cutters for cookies, biscuits or any type of sugar craft\r\nCould be used as drawing templates\r\nIdeal for making cakes, biscuit, cookies, chocolate, jelly, pie, etc\r\nThese patterns can arouse your children’s appetite easily\r\nUse and clean easily', 'available', 0, '2021-04-27'),
(48, 'Ramadan Quarter Chicken Fries', 1, 2, 0, '399.00', '1.00', '4.00', '', 'no', 'Get a Perfect Solo meal for iftar. Pair up your Rizo Rice (with gravy) with a juicy Quarter Chicken, regular Fries & 200ML bottle of Slice', 'available', 0, '2021-04-27'),
(49, 'Ramadan Family Meal', 1, 2, 0, '1299.00', '1.00', '3.00', '', 'no', 'A meal for your whole family. Enjoy 8pcs Hot & Crispy, 8pcs Hot Wings, 1 Large Fries & 4 200ML Slice only @Tk.1299', 'available', 0, '2021-04-27'),
(50, 'Ramadan Zinger Meal', 1, 2, 0, '429.00', '1.00', '2.00', '', 'no', 'Break your fast with a classic Zinger, 1 Hot & Crispy Chicken, 2 Hot Wings & a 200ML Bottle of Slice.', 'available', 0, '2021-04-27'),
(51, 'Smoky Red Rice Bowl', 1, 2, 0, '289.00', '1.00', '1.00', '', 'no', 'It’s sweet & spice, with everything nice! Rice & gravy with a side of our special Smoky Red.', 'available', 0, '2021-04-27'),
(52, 'Rizo Rice', 1, 2, 0, '99.00', '1.00', '1.00', '', 'no', 'Perfectly cooked KFC signature rice to fill your hunger !\r\n\r\n', 'available', 0, '2021-04-27'),
(53, 'gravy', 1, 2, 0, '40.00', '1.00', '1.00', '', 'no', 'Make your meal more delicious by adding some gravy!\r\n\r\n', 'available', 0, '2021-04-27');

-- --------------------------------------------------------

--
-- Table structure for table `product_colors`
--

CREATE TABLE `product_colors` (
  `id` int(11) NOT NULL,
  `product_id` int(11) NOT NULL,
  `color_id` int(11) NOT NULL
) ENGINE=InnoDB DEFAULT CHARSET=utf8mb4 COLLATE=utf8mb4_unicode_ci;

--
-- Dumping data for table `product_colors`
--

INSERT INTO `product_colors` (`id`, `product_id`, `color_id`) VALUES
(25, 5, 4),
(26, 5, 3),
(27, 5, 2),
(28, 6, 4),
(29, 6, 3),
(30, 6, 2),
(47, 4, 4),
(48, 4, 3),
(49, 4, 2),
(57, 2, 3),
(61, 3, 4),
(62, 3, 3),
(63, 3, 2),
(65, 8, 4),
(66, 7, 4),
(67, 9, 4),
(68, 9, 3),
(69, 9, 2),
(71, 11, 3),
(75, 14, 4),
(76, 14, 3),
(77, 14, 2),
(78, 1, 4),
(79, 13, 4),
(80, 13, 3),
(81, 13, 2),
(82, 17, 2),
(83, 19, 2),
(84, 20, 2),
(86, 10, 2),
(87, 23, 3),
(88, 24, 4),
(89, 28, 4),
(90, 28, 3),
(91, 28, 2),
(92, 30, 2),
(93, 31, 2),
(94, 32, 2),
(95, 39, 4),
(96, 39, 3);

-- --------------------------------------------------------

--
-- Table structure for table `product_images`
--

CREATE TABLE `product_images` (
  `id` int(11) NOT NULL,
  `product_id` int(11) NOT NULL,
  `large` text COLLATE utf8mb4_unicode_ci NOT NULL,
  `medium` text COLLATE utf8mb4_unicode_ci NOT NULL,
  `small` text COLLATE utf8mb4_unicode_ci NOT NULL,
  `type` varchar(191) COLLATE utf8mb4_unicode_ci NOT NULL
) ENGINE=InnoDB DEFAULT CHARSET=utf8mb4 COLLATE=utf8mb4_unicode_ci;

--
-- Dumping data for table `product_images`
--

INSERT INTO `product_images` (`id`, `product_id`, `large`, `medium`, `small`, `type`) VALUES
(20, 4, 'public/images/product/large/1619078815.webp', 'public/images/product/medium/1619078815.webp', 'public/images/product/small/1619078815.webp', 'feature_photo'),
(22, 5, 'public/images/product/large/1619078849.webp', 'public/images/product/medium/1619078850.webp', 'public/images/product/small/1619078850.webp', 'feature_photo'),
(23, 5, 'public/images/product/large/1619078850.webp', 'public/images/product/medium/1619078850.webp', 'public/images/product/small/1619078850.webp', 'general_photo'),
(24, 6, 'public/images/product/large/1619078984.webp', 'public/images/product/medium/1619078984.webp', 'public/images/product/small/1619078984.webp', 'feature_photo'),
(27, 1, 'public/images/product/large/1619081898.webp', 'public/images/product/medium/1619081898.webp', 'public/images/product/small/1619081898.webp', 'general_photo'),
(28, 1, 'public/images/product/large/1619081958.webp', 'public/images/product/medium/1619081958.webp', 'public/images/product/small/1619081958.webp', 'feature_photo'),
(33, 4, 'public/images/product/large/1619082985.webp', 'public/images/product/medium/1619082985.webp', 'public/images/product/small/1619082985.webp', 'general_photo'),
(47, 2, 'public/images/product/large/1619331387.webp', 'public/images/product/medium/1619331387.webp', 'public/images/product/small/1619331387.webp', 'feature_photo'),
(48, 2, 'public/images/product/large/1619331387.webp', 'public/images/product/medium/1619331387.webp', 'public/images/product/small/1619331387.webp', 'general_photo'),
(51, 3, 'public/images/product/large/1619331453.webp', 'public/images/product/medium/1619331453.webp', 'public/images/product/small/1619331453.webp', 'feature_photo'),
(52, 3, 'public/images/product/large/1619331453.webp', 'public/images/product/medium/1619331454.webp', 'public/images/product/small/1619331454.webp', 'general_photo'),
(53, 7, 'public/images/product/large/1619432283.webp', 'public/images/product/medium/1619432283.webp', 'public/images/product/small/1619432283.webp', 'feature_photo'),
(54, 7, 'public/images/product/large/1619432284.webp', 'public/images/product/medium/1619432285.webp', 'public/images/product/small/1619432285.webp', 'general_photo'),
(55, 8, 'public/images/product/large/1619432435.webp', 'public/images/product/medium/1619432435.webp', 'public/images/product/small/1619432435.webp', 'feature_photo'),
(56, 8, 'public/images/product/large/1619432437.webp', 'public/images/product/medium/1619432437.webp', 'public/images/product/small/1619432437.webp', 'general_photo'),
(57, 9, 'public/images/product/large/1619432657.webp', 'public/images/product/medium/1619432657.webp', 'public/images/product/small/1619432657.webp', 'feature_photo'),
(58, 9, 'public/images/product/large/1619432658.webp', 'public/images/product/medium/1619432658.webp', 'public/images/product/small/1619432658.webp', 'general_photo'),
(59, 10, 'public/images/product/large/1619432690.webp', 'public/images/product/medium/1619432690.webp', 'public/images/product/small/1619432690.webp', 'feature_photo'),
(60, 10, 'public/images/product/large/1619432691.webp', 'public/images/product/medium/1619432691.webp', 'public/images/product/small/1619432691.webp', 'general_photo'),
(61, 11, 'public/images/product/large/1619432774.webp', 'public/images/product/medium/1619432774.webp', 'public/images/product/small/1619432774.webp', 'feature_photo'),
(62, 11, 'public/images/product/large/1619432775.webp', 'public/images/product/medium/1619432775.webp', 'public/images/product/small/1619432775.webp', 'general_photo'),
(63, 12, 'public/images/product/large/1619432855.webp', 'public/images/product/medium/1619432855.webp', 'public/images/product/small/1619432855.webp', 'feature_photo'),
(64, 12, 'public/images/product/large/1619432856.webp', 'public/images/product/medium/1619432856.webp', 'public/images/product/small/1619432856.webp', 'general_photo'),
(65, 13, 'public/images/product/large/1619495038.webp', 'public/images/product/medium/1619495038.webp', 'public/images/product/small/1619495038.webp', 'feature_photo'),
(66, 13, 'public/images/product/large/1619495039.webp', 'public/images/product/medium/1619495039.webp', 'public/images/product/small/1619495039.webp', 'general_photo'),
(67, 14, 'public/images/product/large/1619495135.webp', 'public/images/product/medium/1619495135.webp', 'public/images/product/small/1619495135.webp', 'feature_photo'),
(68, 14, 'public/images/product/large/1619495136.webp', 'public/images/product/medium/1619495136.webp', 'public/images/product/small/1619495136.webp', 'general_photo'),
(69, 15, 'public/images/product/large/1619495271.webp', 'public/images/product/medium/1619495271.webp', 'public/images/product/small/1619495271.webp', 'feature_photo'),
(70, 15, 'public/images/product/large/1619495272.webp', 'public/images/product/medium/1619495272.webp', 'public/images/product/small/1619495272.webp', 'general_photo'),
(71, 16, 'public/images/product/large/1619495351.webp', 'public/images/product/medium/1619495351.webp', 'public/images/product/small/1619495351.webp', 'feature_photo'),
(72, 16, 'public/images/product/large/1619495352.webp', 'public/images/product/medium/1619495352.webp', 'public/images/product/small/1619495352.webp', 'general_photo'),
(73, 17, 'public/images/product/large/1619495634.webp', 'public/images/product/medium/1619495634.webp', 'public/images/product/small/1619495634.webp', 'feature_photo'),
(74, 17, 'public/images/product/large/1619495635.webp', 'public/images/product/medium/1619495635.webp', 'public/images/product/small/1619495636.webp', 'general_photo'),
(75, 18, 'public/images/product/large/1619495689.webp', 'public/images/product/medium/1619495689.webp', 'public/images/product/small/1619495689.webp', 'feature_photo'),
(76, 18, 'public/images/product/large/1619495690.webp', 'public/images/product/medium/1619495690.webp', 'public/images/product/small/1619495690.webp', 'general_photo'),
(77, 19, 'public/images/product/large/1619495811.webp', 'public/images/product/medium/1619495811.webp', 'public/images/product/small/1619495811.webp', 'feature_photo'),
(78, 19, 'public/images/product/large/1619495812.webp', 'public/images/product/medium/1619495812.webp', 'public/images/product/small/1619495812.webp', 'general_photo'),
(79, 20, 'public/images/product/large/1619495864.webp', 'public/images/product/medium/1619495864.webp', 'public/images/product/small/1619495864.webp', 'feature_photo'),
(80, 20, 'public/images/product/large/1619495865.webp', 'public/images/product/medium/1619495865.webp', 'public/images/product/small/1619495865.webp', 'general_photo'),
(81, 21, 'public/images/product/large/1619496408.webp', 'public/images/product/medium/1619496408.webp', 'public/images/product/small/1619496408.webp', 'feature_photo'),
(82, 21, 'public/images/product/large/1619496409.webp', 'public/images/product/medium/1619496409.webp', 'public/images/product/small/1619496409.webp', 'general_photo'),
(83, 22, 'public/images/product/large/1619496534.webp', 'public/images/product/medium/1619496534.webp', 'public/images/product/small/1619496534.webp', 'feature_photo'),
(84, 22, 'public/images/product/large/1619496535.webp', 'public/images/product/medium/1619496536.webp', 'public/images/product/small/1619496536.webp', 'general_photo'),
(85, 23, 'public/images/product/large/1619496614.webp', 'public/images/product/medium/1619496614.webp', 'public/images/product/small/1619496614.webp', 'feature_photo'),
(86, 23, 'public/images/product/large/1619496615.webp', 'public/images/product/medium/1619496615.webp', 'public/images/product/small/1619496615.webp', 'general_photo'),
(87, 24, 'public/images/product/large/1619496759.webp', 'public/images/product/medium/1619496760.webp', 'public/images/product/small/1619496760.webp', 'feature_photo'),
(88, 24, 'public/images/product/large/1619496761.webp', 'public/images/product/medium/1619496761.webp', 'public/images/product/small/1619496761.webp', 'general_photo'),
(89, 25, 'public/images/product/large/1619496820.webp', 'public/images/product/medium/1619496820.webp', 'public/images/product/small/1619496820.webp', 'feature_photo'),
(90, 25, 'public/images/product/large/1619496821.webp', 'public/images/product/medium/1619496822.webp', 'public/images/product/small/1619496822.webp', 'general_photo'),
(91, 26, 'public/images/product/large/1619497074.webp', 'public/images/product/medium/1619497074.webp', 'public/images/product/small/1619497074.webp', 'feature_photo'),
(92, 26, 'public/images/product/large/1619497075.webp', 'public/images/product/medium/1619497075.webp', 'public/images/product/small/1619497075.webp', 'general_photo'),
(93, 27, 'public/images/product/large/1619497126.webp', 'public/images/product/medium/1619497126.webp', 'public/images/product/small/1619497126.webp', 'feature_photo'),
(94, 27, 'public/images/product/large/1619497127.webp', 'public/images/product/medium/1619497127.webp', 'public/images/product/small/1619497127.webp', 'general_photo'),
(95, 28, 'public/images/product/large/1619497201.webp', 'public/images/product/medium/1619497201.webp', 'public/images/product/small/1619497201.webp', 'feature_photo'),
(96, 28, 'public/images/product/large/1619497202.webp', 'public/images/product/medium/1619497202.webp', 'public/images/product/small/1619497202.webp', 'general_photo'),
(97, 29, 'public/images/product/large/1619497268.webp', 'public/images/product/medium/1619497268.webp', 'public/images/product/small/1619497268.webp', 'feature_photo'),
(98, 29, 'public/images/product/large/1619497269.webp', 'public/images/product/medium/1619497269.webp', 'public/images/product/small/1619497269.webp', 'general_photo'),
(99, 30, 'public/images/product/large/1619497364.webp', 'public/images/product/medium/1619497365.webp', 'public/images/product/small/1619497365.webp', 'feature_photo'),
(100, 31, 'public/images/product/large/1619497419.webp', 'public/images/product/medium/1619497420.webp', 'public/images/product/small/1619497420.webp', 'feature_photo'),
(101, 32, 'public/images/product/large/1619497539.webp', 'public/images/product/medium/1619497539.webp', 'public/images/product/small/1619497539.webp', 'feature_photo'),
(102, 33, 'public/images/product/large/1619497825.webp', 'public/images/product/medium/1619497825.webp', 'public/images/product/small/1619497825.webp', 'feature_photo'),
(103, 33, 'public/images/product/large/1619497826.webp', 'public/images/product/medium/1619497826.webp', 'public/images/product/small/1619497826.webp', 'general_photo'),
(104, 34, 'public/images/product/large/1619498324.webp', 'public/images/product/medium/1619498324.webp', 'public/images/product/small/1619498325.webp', 'feature_photo'),
(105, 34, 'public/images/product/large/1619498326.webp', 'public/images/product/medium/1619498326.webp', 'public/images/product/small/1619498326.webp', 'general_photo'),
(106, 35, 'public/images/product/large/1619498395.webp', 'public/images/product/medium/1619498395.webp', 'public/images/product/small/1619498396.webp', 'feature_photo'),
(107, 35, 'public/images/product/large/1619498397.webp', 'public/images/product/medium/1619498397.webp', 'public/images/product/small/1619498397.webp', 'general_photo'),
(108, 36, 'public/images/product/large/1619498874.webp', 'public/images/product/medium/1619498875.webp', 'public/images/product/small/1619498875.webp', 'feature_photo'),
(109, 36, 'public/images/product/large/1619498876.webp', 'public/images/product/medium/1619498876.webp', 'public/images/product/small/1619498876.webp', 'general_photo'),
(110, 37, 'public/images/product/large/1619499010.webp', 'public/images/product/medium/1619499010.webp', 'public/images/product/small/1619499010.webp', 'feature_photo'),
(111, 37, 'public/images/product/large/1619499011.webp', 'public/images/product/medium/1619499011.webp', 'public/images/product/small/1619499012.webp', 'general_photo'),
(112, 38, 'public/images/product/large/1619499117.webp', 'public/images/product/medium/1619499117.webp', 'public/images/product/small/1619499117.webp', 'feature_photo'),
(113, 38, 'public/images/product/large/1619499118.webp', 'public/images/product/medium/1619499118.webp', 'public/images/product/small/1619499118.webp', 'general_photo'),
(114, 39, 'public/images/product/large/1619499316.webp', 'public/images/product/medium/1619499316.webp', 'public/images/product/small/1619499317.webp', 'feature_photo'),
(115, 39, 'public/images/product/large/1619499318.webp', 'public/images/product/medium/1619499318.webp', 'public/images/product/small/1619499318.webp', 'general_photo'),
(116, 40, 'public/images/product/large/1619499443.webp', 'public/images/product/medium/1619499443.webp', 'public/images/product/small/1619499443.webp', 'feature_photo'),
(117, 40, 'public/images/product/large/1619499444.webp', 'public/images/product/medium/1619499444.webp', 'public/images/product/small/1619499444.webp', 'general_photo'),
(118, 41, 'public/images/product/large/1619499521.webp', 'public/images/product/medium/1619499521.webp', 'public/images/product/small/1619499521.webp', 'feature_photo'),
(119, 41, 'public/images/product/large/1619499522.webp', 'public/images/product/medium/1619499522.webp', 'public/images/product/small/1619499522.webp', 'general_photo'),
(120, 42, 'public/images/product/large/1619499602.webp', 'public/images/product/medium/1619499603.webp', 'public/images/product/small/1619499603.webp', 'feature_photo'),
(121, 42, 'public/images/product/large/1619499604.webp', 'public/images/product/medium/1619499604.webp', 'public/images/product/small/1619499604.webp', 'general_photo'),
(122, 43, 'public/images/product/large/1619499682.webp', 'public/images/product/medium/1619499682.webp', 'public/images/product/small/1619499682.webp', 'feature_photo'),
(123, 43, 'public/images/product/large/1619499683.webp', 'public/images/product/medium/1619499684.webp', 'public/images/product/small/1619499684.webp', 'general_photo'),
(124, 44, 'public/images/product/large/1619499738.webp', 'public/images/product/medium/1619499739.webp', 'public/images/product/small/1619499739.webp', 'feature_photo'),
(125, 44, 'public/images/product/large/1619499740.webp', 'public/images/product/medium/1619499740.webp', 'public/images/product/small/1619499740.webp', 'general_photo'),
(126, 45, 'public/images/product/large/1619499905.webp', 'public/images/product/medium/1619499905.webp', 'public/images/product/small/1619499905.webp', 'feature_photo'),
(127, 45, 'public/images/product/large/1619499906.webp', 'public/images/product/medium/1619499906.webp', 'public/images/product/small/1619499906.webp', 'general_photo'),
(128, 46, 'public/images/product/large/1619499994.webp', 'public/images/product/medium/1619499994.webp', 'public/images/product/small/1619499994.webp', 'feature_photo'),
(129, 46, 'public/images/product/large/1619499995.webp', 'public/images/product/medium/1619499995.webp', 'public/images/product/small/1619499995.webp', 'general_photo'),
(130, 47, 'public/images/product/large/1619500028.webp', 'public/images/product/medium/1619500028.webp', 'public/images/product/small/1619500028.webp', 'feature_photo'),
(131, 47, 'public/images/product/large/1619500029.webp', 'public/images/product/medium/1619500030.webp', 'public/images/product/small/1619500030.webp', 'general_photo'),
(132, 48, 'public/images/product/large/1619500399.webp', 'public/images/product/medium/1619500399.webp', 'public/images/product/small/1619500399.webp', 'feature_photo'),
(133, 48, 'public/images/product/large/1619500400.webp', 'public/images/product/medium/1619500400.webp', 'public/images/product/small/1619500400.webp', 'general_photo'),
(134, 49, 'public/images/product/large/1619500442.webp', 'public/images/product/medium/1619500442.webp', 'public/images/product/small/1619500442.webp', 'feature_photo'),
(135, 49, 'public/images/product/large/1619500443.webp', 'public/images/product/medium/1619500443.webp', 'public/images/product/small/1619500443.webp', 'general_photo'),
(136, 50, 'public/images/product/large/1619500492.webp', 'public/images/product/medium/1619500492.webp', 'public/images/product/small/1619500492.webp', 'feature_photo'),
(137, 50, 'public/images/product/large/1619500493.webp', 'public/images/product/medium/1619500493.webp', 'public/images/product/small/1619500493.webp', 'general_photo'),
(138, 51, 'public/images/product/large/1619500565.webp', 'public/images/product/medium/1619500565.webp', 'public/images/product/small/1619500565.webp', 'feature_photo'),
(139, 51, 'public/images/product/large/1619500566.webp', 'public/images/product/medium/1619500566.webp', 'public/images/product/small/1619500566.webp', 'general_photo'),
(140, 52, 'public/images/product/large/1619500606.webp', 'public/images/product/medium/1619500606.webp', 'public/images/product/small/1619500606.webp', 'feature_photo'),
(141, 52, 'public/images/product/large/1619500607.webp', 'public/images/product/medium/1619500607.webp', 'public/images/product/small/1619500607.webp', 'general_photo'),
(142, 53, 'public/images/product/large/1619500647.webp', 'public/images/product/medium/1619500647.webp', 'public/images/product/small/1619500647.webp', 'feature_photo'),
(143, 53, 'public/images/product/large/1619500648.webp', 'public/images/product/medium/1619500648.webp', 'public/images/product/small/1619500648.webp', 'general_photo');

-- --------------------------------------------------------

--
-- Table structure for table `product_sizes`
--

CREATE TABLE `product_sizes` (
  `id` int(11) NOT NULL,
  `product_id` int(11) NOT NULL,
  `size_id` int(11) NOT NULL
) ENGINE=InnoDB DEFAULT CHARSET=utf8mb4 COLLATE=utf8mb4_unicode_ci;

--
-- Dumping data for table `product_sizes`
--

INSERT INTO `product_sizes` (`id`, `product_id`, `size_id`) VALUES
(25, 5, 4),
(26, 5, 3),
(27, 5, 2),
(28, 6, 4),
(29, 6, 3),
(30, 6, 2),
(47, 4, 4),
(48, 4, 3),
(49, 4, 2),
(57, 2, 2),
(61, 3, 4),
(62, 3, 3),
(63, 3, 2),
(65, 8, 3),
(66, 7, 4),
(67, 9, 2),
(69, 11, 3),
(73, 14, 4),
(74, 14, 3),
(75, 14, 2),
(76, 1, 4),
(77, 13, 4),
(78, 13, 3),
(79, 13, 2),
(81, 10, 3),
(82, 24, 2),
(83, 28, 4),
(84, 28, 3),
(85, 28, 2);

-- --------------------------------------------------------

--
-- Table structure for table `profiles`
--

CREATE TABLE `profiles` (
  `id` int(11) NOT NULL,
  `name` varchar(100) COLLATE utf8mb4_unicode_ci NOT NULL,
  `description` mediumtext COLLATE utf8mb4_unicode_ci NOT NULL,
  `path` varchar(100) COLLATE utf8mb4_unicode_ci NOT NULL,
  `trash` varchar(100) COLLATE utf8mb4_unicode_ci NOT NULL
) ENGINE=InnoDB DEFAULT CHARSET=utf8mb4 COLLATE=utf8mb4_unicode_ci;

--
-- Dumping data for table `profiles`
--

INSERT INTO `profiles` (`id`, `name`, `description`, `path`, `trash`) VALUES
(4, 'service', 'video link video link video link video link video link video link video link video link video link video link video link video link video link video link video link video link video link video link vi', 'backend/images/profile/gallery15775515640.jpg', ''),
(5, 'service', 'video link video link video link video link video link video link video link video link video link video link video link video link video link video link video link video link video link video link vi', 'backend/images/profile/gallery15775512050.png', ''),
(7, 'freelance it lab', 'ipsum is simply text of the stry simply dummy text of the printing and typesetting industry. lorem ipsum is simply text of the. lorem ipsum is simply text of the stry simply dummy text of the printing and text of the stry simply dummy text of the printing and typesetting industry.', 'backend/images/profile/gallery15775158600.png', ''),
(8, 'asad', 'video link video link video link video link video link video link video link video link video link video link video link video link video link video link video link video link video link video link video link video link video link video link video link video link video link video link video link video link video link video link video link video link', 'backend/images/profile/gallery15775509970.jpg', ''),
(9, 'service', 'video link video link video link video link video link video link video link video link video link video link video link video link video link video link video link video link video link video link vi', 'backend/images/profile/gallery15775515040.png', '');

-- --------------------------------------------------------

--
-- Table structure for table `sap_items`
--

CREATE TABLE `sap_items` (
  `id` int(11) NOT NULL,
  `product_id` int(11) NOT NULL,
  `purchase_price` decimal(10,2) NOT NULL,
  `sale_price` decimal(10,2) NOT NULL,
  `quantity` decimal(10,2) NOT NULL,
  `total` decimal(10,2) NOT NULL,
  `sap_record_id` int(11) NOT NULL,
  `date` date NOT NULL DEFAULT current_timestamp()
) ENGINE=InnoDB DEFAULT CHARSET=utf8mb4 COLLATE=utf8mb4_unicode_ci;

--
-- Dumping data for table `sap_items`
--

INSERT INTO `sap_items` (`id`, `product_id`, `purchase_price`, `sale_price`, `quantity`, `total`, `sap_record_id`, `date`) VALUES
(1, 1, '1230.00', '1230.00', '2.00', '2460.00', 1, '2021-04-22'),
(2, 3, '3256.00', '3256.00', '1.00', '3256.00', 2, '2021-04-24'),
(3, 3, '3256.00', '3256.00', '1.00', '3256.00', 3, '2021-04-24'),
(4, 3, '3256.00', '3256.00', '1.00', '3256.00', 4, '2021-04-24'),
(5, 23, '3600.00', '4000.00', '10.00', '40000.00', 5, '2021-04-27');

-- --------------------------------------------------------

--
-- Table structure for table `sap_record`
--

CREATE TABLE `sap_record` (
  `id` int(11) NOT NULL,
  `supplier_id` int(11) NOT NULL,
  `supplier_name` varchar(255) COLLATE utf8mb4_unicode_ci DEFAULT NULL,
  `discount` decimal(10,2) NOT NULL,
  `paid` decimal(10,2) NOT NULL,
  `sub_total` decimal(10,2) NOT NULL DEFAULT 0.00,
  `grand_total` decimal(10,2) NOT NULL,
  `total_qty` decimal(10,2) NOT NULL DEFAULT 0.00,
  `date` date NOT NULL DEFAULT current_timestamp(),
  `trash` int(1) NOT NULL DEFAULT 0
) ENGINE=InnoDB DEFAULT CHARSET=utf8mb4 COLLATE=utf8mb4_unicode_ci;

--
-- Dumping data for table `sap_record`
--

INSERT INTO `sap_record` (`id`, `supplier_id`, `supplier_name`, `discount`, `paid`, `sub_total`, `grand_total`, `total_qty`, `date`, `trash`) VALUES
(1, 0, 'Developer', '0.00', '2460.00', '2460.00', '2460.00', '2.00', '2021-04-22', 0),
(2, 0, 'Developer', '0.00', '3256.00', '3256.00', '3256.00', '1.00', '2021-04-24', 0),
(3, 0, 'Developer', '0.00', '3256.00', '3256.00', '3256.00', '1.00', '2021-04-24', 0),
(4, 0, 'Developer', '0.00', '3256.00', '3256.00', '3256.00', '1.00', '2021-04-24', 0),
(5, 0, 'Abdullah al Hasan', '0.00', '40000.00', '40000.00', '40000.00', '10.00', '2021-04-27', 0);

-- --------------------------------------------------------

--
-- Table structure for table `sessions`
--

CREATE TABLE `sessions` (
  `session_id` varchar(40) COLLATE utf8mb4_unicode_ci NOT NULL DEFAULT '0',
  `ip_address` varchar(45) COLLATE utf8mb4_unicode_ci NOT NULL DEFAULT '0',
  `user_agent` varchar(120) COLLATE utf8mb4_unicode_ci NOT NULL,
  `last_activity` int(10) UNSIGNED NOT NULL DEFAULT 0,
  `user_data` longtext COLLATE utf8mb4_unicode_ci NOT NULL
) ENGINE=InnoDB DEFAULT CHARSET=utf8mb4 COLLATE=utf8mb4_unicode_ci;

--
-- Dumping data for table `sessions`
--

INSERT INTO `sessions` (`session_id`, `ip_address`, `user_agent`, `last_activity`, `user_data`) VALUES
('04ffa9c0e1b62dd6746791ff1a3c28e8', '::1', 'Mozilla/5.0 (Windows NT 10.0; Win64; x64) AppleWebKit/537.36 (KHTML, like Gecko) Chrome/71.0.3578.98 Safari/537.36', 1546320141, 'a:12:{s:9:\"user_data\";s:0:\"\";s:7:\"user_id\";s:1:\"1\";s:12:\"login_period\";s:22:\"2019-01-01 11:05:27 am\";s:4:\"name\";s:23:\"Roja Knit Composite Ltd\";s:5:\"email\";s:24:\"freelanceitlab@gmail.com\";s:8:\"username\";s:10:\"superadmin\";s:6:\"mobile\";s:11:\"01762688999\";s:9:\"privilege\";s:5:\"super\";s:5:\"image\";s:30:\"public/profiles/superadmin.png\";s:6:\"branch\";s:1:\"0\";s:6:\"holder\";s:5:\"super\";s:8:\"loggedin\";b:1;}'),
('8d4169e617ef4bf6025b2644ae61178d', '::1', 'Mozilla/5.0 (Windows NT 10.0; Win64; x64) AppleWebKit/537.36 (KHTML, like Gecko) Chrome/76.0.3809.100 Safari/537.36', 1566881423, 'a:12:{s:9:\"user_data\";s:0:\"\";s:7:\"user_id\";s:1:\"1\";s:12:\"login_period\";s:22:\"2019-08-27 10:50:26 am\";s:4:\"name\";s:23:\"Roja Knit Composite Ltd\";s:5:\"email\";s:24:\"freelanceitlab@gmail.com\";s:8:\"username\";s:10:\"superadmin\";s:6:\"mobile\";s:11:\"01762688999\";s:9:\"privilege\";s:5:\"super\";s:5:\"image\";s:30:\"public/profiles/superadmin.png\";s:6:\"branch\";s:1:\"0\";s:6:\"holder\";s:5:\"super\";s:8:\"loggedin\";b:1;}'),
('ed0930ba7d39d6a0be6a700b0b7cc541', '::1', 'Mozilla/5.0 (Windows NT 10.0; Win64; x64) AppleWebKit/537.36 (KHTML, like Gecko) Chrome/71.0.3578.98 Safari/537.36', 1545564053, 'a:12:{s:9:\"user_data\";s:0:\"\";s:7:\"user_id\";s:1:\"1\";s:12:\"login_period\";s:22:\"2018-12-23 14:17:57 pm\";s:4:\"name\";s:23:\"Roja Knit Composite Ltd\";s:5:\"email\";s:24:\"freelanceitlab@gmail.com\";s:8:\"username\";s:10:\"superadmin\";s:6:\"mobile\";s:11:\"01762688999\";s:9:\"privilege\";s:5:\"super\";s:5:\"image\";s:30:\"public/profiles/superadmin.png\";s:6:\"branch\";s:1:\"0\";s:6:\"holder\";s:5:\"super\";s:8:\"loggedin\";b:1;}');

-- --------------------------------------------------------

--
-- Table structure for table `settings`
--

CREATE TABLE `settings` (
  `id` int(11) NOT NULL,
  `site_name` varchar(255) COLLATE utf8mb4_unicode_ci NOT NULL,
  `header_text` longtext COLLATE utf8mb4_unicode_ci NOT NULL,
  `footer_text` longtext COLLATE utf8mb4_unicode_ci NOT NULL,
  `banner_path` varchar(255) COLLATE utf8mb4_unicode_ci NOT NULL,
  `header_logo_path` varchar(255) COLLATE utf8mb4_unicode_ci NOT NULL,
  `footer_logo_path` varchar(255) COLLATE utf8mb4_unicode_ci NOT NULL,
  `favicon` varchar(255) COLLATE utf8mb4_unicode_ci NOT NULL,
  `currency` varchar(200) COLLATE utf8mb4_unicode_ci NOT NULL DEFAULT 'Tk',
  `address` varchar(255) COLLATE utf8mb4_unicode_ci NOT NULL,
  `phone` varchar(255) COLLATE utf8mb4_unicode_ci NOT NULL,
  `email` varchar(255) COLLATE utf8mb4_unicode_ci NOT NULL,
  `social_media` longtext COLLATE utf8mb4_unicode_ci NOT NULL,
  `ref_commission` varchar(100) COLLATE utf8mb4_unicode_ci NOT NULL,
  `language` varchar(255) COLLATE utf8mb4_unicode_ci NOT NULL DEFAULT 'en'
) ENGINE=InnoDB DEFAULT CHARSET=utf8mb4 COLLATE=utf8mb4_unicode_ci;

--
-- Dumping data for table `settings`
--

INSERT INTO `settings` (`id`, `site_name`, `header_text`, `footer_text`, `banner_path`, `header_logo_path`, `footer_logo_path`, `favicon`, `currency`, `address`, `phone`, `email`, `social_media`, `ref_commission`, `language`) VALUES
(1, 'What is Lorem Ipsum?', 'Classified Ads', 'Lorem Ipsum is simply dummy text of the printing and typesetting industry.', 'backend/images/settings/banner_15335224650.jpg', 'backend/images/settings/header_logo_15696489070.png', 'backend/images/settings/footer_logo_15696497010.png', 'backend/images/settings/favicon_15696489600.png', '', 'Bangladesh', '01xxx-xxxxxx', 'support@demo.com', '{\"facebook\":\"www.facebook.com\\/nandail2018\",\"google-plus\":\"google.com\",\"twitter\":\"twitter.com\"}', '', 'en');

-- --------------------------------------------------------

--
-- Table structure for table `site_meta`
--

CREATE TABLE `site_meta` (
  `id` int(10) UNSIGNED NOT NULL,
  `meta_key` varchar(255) COLLATE utf8mb4_unicode_ci NOT NULL,
  `meta_value` mediumtext COLLATE utf8mb4_unicode_ci NOT NULL
) ENGINE=InnoDB DEFAULT CHARSET=utf8mb4 COLLATE=utf8mb4_unicode_ci;

--
-- Dumping data for table `site_meta`
--

INSERT INTO `site_meta` (`id`, `meta_key`, `meta_value`) VALUES
(1, 'theme_color', '#262079'),
(2, 'background_pattern', 'public/img/background13536.png'),
(3, 'logo', '{\"logo\":\"public\\/img\\/logo_695475.jpg\",\"faveicon\":\"public\\/img\\/favicon_455783.png\"}'),
(4, 'menu_icon', '{\"aside_menu\":\"fa fa-share\",\"footer_menu\":\"fa fa-check-square\"}'),
(5, 'language', 'en'),
(6, 'header', '{\"site_name\":\"Grand Bazar\",\"place_name\":\"Mymensingh\"}'),
(7, 'footer', '{\"l_footer_text\":\"Lorem Ipsum is simply dummy text of the printing and typesetting industry. \",\"header_txt\":\"Eagle\",\"addr_moblile\":\"017111111111\",\"addr_moblile2\":\"01700000000\",\"addr_email\":\"eagle@gmail.com\",\"addr_address\":\"Mymensingh, Dhaka Bangladesh\",\"footer_img\":\"\\r\\n<div style=\"}'),
(9, 'social_icon', '{\"s_facebook\":\"http:\\/\\/facebook.com\\/#\",\"s_twitter\":\"https:\\/\\/twitter.com\\/#\",\"s_gplus\":\"http:\\/\\/plus.google.com\\/#\",\"s_pinterest\":\"https:\\/\\/www.pinterest.com\\/#\"}'),
(10, 'login_background', 'private/images/background9481.jpg'),
(11, 'google_map', '<iframe src=\"https://www.google.com/maps/embed?pb=!1m18!1m12!1m3!1d8370.258317077365!2d90.48247136589679!3d24.782360372571908!2m3!1f0!2f0!3f0!3m2!1i1024!2i768!4f13.1!3m3!1m2!1s0x0%3A0x1c9dfb8b569aec25!2z4KaX4Ka-4Kab4Kak4Kay4Ka-IOCmrOCmvuCmnOCmvuCmsA!5e0!3m2!1sbn!2sbd!4v1491652658795\" width=\"600\" height=\"450\" frameborder=\"0\" style=\"border:0\" allowfullscreen></iframe>'),
(12, 'update_date', '2017-10-14 18:02:24 pm');

-- --------------------------------------------------------

--
-- Table structure for table `sizes`
--

CREATE TABLE `sizes` (
  `id` int(11) NOT NULL,
  `size` varchar(255) COLLATE utf8mb4_unicode_ci NOT NULL,
  `trash` int(1) NOT NULL DEFAULT 0
) ENGINE=InnoDB DEFAULT CHARSET=utf8mb4 COLLATE=utf8mb4_unicode_ci;

--
-- Dumping data for table `sizes`
--

INSERT INTO `sizes` (`id`, `size`, `trash`) VALUES
(1, 'Test Size', 1),
(2, 'L', 0),
(3, 'M', 0),
(4, 'XL', 0);

-- --------------------------------------------------------

--
-- Table structure for table `sliders`
--

CREATE TABLE `sliders` (
  `id` int(11) NOT NULL,
  `name` longtext COLLATE utf8mb4_unicode_ci NOT NULL,
  `path` longtext COLLATE utf8mb4_unicode_ci NOT NULL,
  `position` int(11) NOT NULL DEFAULT 0,
  `is_offer` int(1) NOT NULL DEFAULT 0,
  `status` tinyint(4) NOT NULL DEFAULT 1
) ENGINE=MyISAM DEFAULT CHARSET=utf8mb4 COLLATE=utf8mb4_unicode_ci;

--
-- Dumping data for table `sliders`
--

INSERT INTO `sliders` (`id`, `name`, `path`, `position`, `is_offer`, `status`) VALUES
(17, 'welcome to akash electronics', 'backend/images/slider/gallery16171648680.jpg', 0, 0, 0),
(20, 'welcome to akash electronics', 'backend/images/slider/gallery16171648970.jpg', 0, 1, 0),
(21, 'mobile-phone', 'backend/images/slider/gallery16181983910.jpg', 0, 0, 1),
(22, 'beautiful women', 'backend/images/slider/gallery16181984170.jpg', 0, 0, 1),
(23, 'beautiful women', 'backend/images/slider/gallery16181984240.jpg', 0, 0, 1),
(25, 'offer', 'public/images/slider/gallery16182031100.jpg', 0, 1, 1),
(26, 'offer', 'public/images/slider/gallery16182031240.jpg', 0, 1, 1),
(27, 'offer', 'public/images/slider/gallery16182031330.jpg', 0, 1, 1);

-- --------------------------------------------------------

--
-- Table structure for table `sms_record`
--

CREATE TABLE `sms_record` (
  `id` int(11) UNSIGNED NOT NULL,
  `delivery_date` date NOT NULL,
  `delivery_time` time NOT NULL,
  `mobile` varchar(20) COLLATE utf8_unicode_ci NOT NULL,
  `message` mediumtext COLLATE utf8_unicode_ci NOT NULL,
  `total_characters` varchar(4) COLLATE utf8_unicode_ci NOT NULL,
  `total_messages` varchar(2) COLLATE utf8_unicode_ci NOT NULL,
  `delivery_report` mediumtext COLLATE utf8_unicode_ci NOT NULL
) ENGINE=MyISAM DEFAULT CHARSET=utf8 COLLATE=utf8_unicode_ci;

--
-- Dumping data for table `sms_record`
--

INSERT INTO `sms_record` (`id`, `delivery_date`, `delivery_time`, `mobile`, `message`, `total_characters`, `total_messages`, `delivery_report`) VALUES
(1, '2020-11-21', '22:33:12', '01937476716', 'Hello its a test message.', '25', '1', '1'),
(2, '2020-11-22', '03:10:49', '01983667657', 'dsfsdfsdf', '9', '1', '1'),
(3, '2020-11-22', '03:11:54', '01983667657', 'sdfsdfsdfsdfদক্ষিণ বঙ্গ সমিতি ', '60', '1', '1'),
(4, '2020-11-22', '03:35:15', '01912226436', 'সদস্য নং:000003, নাম: Anika Hammond, ঋণের পরিমান: 103.69টাকা, কিস্তি প্রদান: 1.06টাকা, সঞ্চয় প্রদান: 5টাকা, ঋণ স্থিতি: 102.63টাকা, সঞ্চয় স্থিতি: 17.00টাকা, শ্রদ্ধা: দক্ষিণ বঙ্গ।', '377', '3', '1'),
(5, '2020-12-21', '03:43:47', '০১৯৩৭৪৭৬৭১৬', 'সদস্য নং:000010, নাম: মোস্তাফিজুর রহমান , ঋণের পরিমান: 23000টাকা, কিস্তি প্রদান: 500টাকা, সঞ্চয় প্রদান: 20টাকা, ঋণ স্থিতি: 22500.00টাকা, সঞ্চয় স্থিতি: 20.00টাকা, শ্রদ্ধা: দক্ষিণ বঙ্গ।', '415', '3', '1'),
(6, '2020-12-21', '03:46:00', '০১৯৩৭৪৭৬৭১৬', 'সদস্য নং:000010, নাম: মোস্তাফিজুর রহমান , ঋণের পরিমান: 22500টাকা, কিস্তি প্রদান: 500টাকা, সঞ্চয় প্রদান: 20টাকা, ঋণ স্থিতি: 22000.00টাকা, সঞ্চয় স্থিতি: 40.00টাকা, শ্রদ্ধা: দক্ষিণ বঙ্গ।', '415', '3', '1'),
(7, '2020-12-21', '03:47:36', '০১৯৩৭৪৭৬৭১৬', 'সদস্য নং:000010, নাম: মোস্তাফিজুর রহমান , ঋণের পরিমান: 22000টাকা, কিস্তি প্রদান: 500টাকা, সঞ্চয় প্রদান: 20টাকা, ঋণ স্থিতি: 21500.00টাকা, সঞ্চয় স্থিতি: 60.00টাকা, শ্রদ্ধা: দক্ষিণ বঙ্গ।', '415', '3', '1'),
(8, '2020-12-22', '06:53:42', 'Ullam sit quis nulla', 'সদস্য নং:000015, নাম: Sydney Flowers, ঋণের পরিমান: 77.05টাকা, কিস্তি প্রদান: 1.68টাকা, সঞ্চয় প্রদান: 90টাকা, ঋণ স্থিতি: 75.37টাকা, সঞ্চয় স্থিতি: 90.00টাকা, শ্রদ্ধা: দক্ষিণ বঙ্গ।', '377', '3', '1'),
(9, '2020-12-22', '06:53:44', 'Deserunt ea consequu', 'সদস্য নং:000018, নাম: Phyllis Mayer, ঋণের পরিমান: 0টাকা, কিস্তি প্রদান: 0টাকা, সঞ্চয় প্রদান: 100টাকা, ঋণ স্থিতি: 0.00টাকা, সঞ্চয় স্থিতি: 100.00টাকা, শ্রদ্ধা: দক্ষিণ বঙ্গ।', '370', '3', '1'),
(10, '2020-12-23', '04:17:39', '০১৯৩৭৪৭৬৭১৬', 'সদস্য নং:000010, নাম: মোস্তাফিজুর রহমান , ঋণের পরিমান: 21500টাকা, কিস্তি প্রদান: 500টাকা, সঞ্চয় প্রদান: 20টাকা, ঋণ স্থিতি: 21000.00টাকা, সঞ্চয় স্থিতি: 80.00টাকা, শ্রদ্ধা: দক্ষিণ বঙ্গ।', '415', '3', '1'),
(11, '2020-12-23', '04:17:40', 'Ullam sit quis nulla', 'সদস্য নং:000015, নাম: Sydney Flowers, ঋণের পরিমান: 75.37টাকা, কিস্তি প্রদান: 1.68টাকা, সঞ্চয় প্রদান: 90টাকা, ঋণ স্থিতি: 73.69টাকা, সঞ্চয় স্থিতি: 180.00টাকা, শ্রদ্ধা: দক্ষিণ বঙ্গ।', '378', '3', '1'),
(12, '2020-12-23', '04:17:43', 'Deserunt ea consequu', 'সদস্য নং:000018, নাম: Phyllis Mayer, ঋণের পরিমান: 11000টাকা, কিস্তি প্রদান: 239.13টাকা, সঞ্চয় প্রদান: 150টাকা, ঋণ স্থিতি: 10760.87টাকা, সঞ্চয় স্থিতি: 250.00টাকা, শ্রদ্ধা: দক্ষিণ বঙ্গ।', '383', '3', '1'),
(13, '2020-12-23', '04:17:45', 'Quo voluptate impedi', 'সদস্য নং:000020, নাম: Carolyn Strickland, ঋণের পরিমান: 0টাকা, কিস্তি প্রদান: 0টাকা, সঞ্চয় প্রদান: 50টাকা, ঋণ স্থিতি: 0.00টাকা, সঞ্চয় স্থিতি: 50.00টাকা, শ্রদ্ধা: দক্ষিণ বঙ্গ।', '373', '3', '1'),
(14, '2020-12-23', '14:25:14', 'Ullam sit quis nulla', 'সদস্য নং:000015, নাম: Sydney Flowers, ঋণের পরিমান: 73.69টাকা, কিস্তি প্রদান: 1.68টাকা, সঞ্চয় প্রদান: 90টাকা, ঋণ স্থিতি: 72.01টাকা, সঞ্চয় স্থিতি: 270.00টাকা, শ্রদ্ধা: দক্ষিণ বঙ্গ।', '378', '3', '1'),
(15, '2020-12-24', '00:39:06', 'Ipsum nisi dolor cu', 'সদস্য নং:000021, নাম: Orlando Ferguson, ঋণের পরিমান: 0টাকা, কিস্তি প্রদান: 0টাকা, সঞ্চয় প্রদান: 100টাকা, ঋণ স্থিতি: 0.00টাকা, সঞ্চয় স্থিতি: 100.00টাকা, শ্রদ্ধা: দক্ষিণ বঙ্গ।', '373', '3', '1'),
(16, '2020-12-24', '01:56:42', 'Enim mollitia illum', 'সদস্য নং:000008, নাম: Quin Matthews, ঋণের পরিমান: 9.2টাকা, কিস্তি প্রদান: 0.2টাকা, সঞ্চয় প্রদান: 32টাকা, ঋণ স্থিতি: 9.00টাকা, সঞ্চয় স্থিতি: 32.00টাকা, শ্রদ্ধা: দক্ষিণ বঙ্গ।', '372', '3', '1'),
(17, '2020-12-24', '01:56:44', 'Et sapiente sint si', 'সদস্য নং:000019, নাম: Brody Richardson, ঋণের পরিমান: 165000টাকা, কিস্তি প্রদান: 3586.96টাকা, সঞ্চয় প্রদান: 100টাকা, ঋণ স্থিতি: 161413.04টাকা, সঞ্চয় স্থিতি: 100.00টাকা, শ্রদ্ধা: দক্ষিণ বঙ্গ।', '389', '3', '1'),
(18, '2020-12-24', '01:56:46', 'Et laudantium ut ea', 'সদস্য নং:000023, নাম: Rigel Mcgee, ঋণের পরিমান: 11500টাকা, কিস্তি প্রদান: 250টাকা, সঞ্চয় প্রদান: 1000টাকা, ঋণ স্থিতি: 11250.00টাকা, সঞ্চয় স্থিতি: 1000.00টাকা, শ্রদ্ধা: দক্ষিণ বঙ্গ।', '380', '3', '1');

-- --------------------------------------------------------

--
-- Table structure for table `stock`
--

CREATE TABLE `stock` (
  `id` int(11) NOT NULL,
  `product_id` int(11) NOT NULL,
  `sale_price` decimal(10,2) NOT NULL,
  `purchase_price` decimal(10,2) NOT NULL,
  `quantity` decimal(10,2) NOT NULL
) ENGINE=InnoDB DEFAULT CHARSET=utf8mb4 COLLATE=utf8mb4_unicode_ci;

--
-- Dumping data for table `stock`
--

INSERT INTO `stock` (`id`, `product_id`, `sale_price`, `purchase_price`, `quantity`) VALUES
(1, 1, '1230.00', '1230.00', '2.00'),
(2, 3, '3256.00', '3256.00', '3.00'),
(3, 23, '4000.00', '3600.00', '10.00');

-- --------------------------------------------------------

--
-- Table structure for table `subcategories`
--

CREATE TABLE `subcategories` (
  `id` int(11) NOT NULL,
  `cat_id` int(11) NOT NULL,
  `subcategory` varchar(255) COLLATE utf8mb4_unicode_ci NOT NULL,
  `trash` int(1) NOT NULL DEFAULT 0
) ENGINE=InnoDB DEFAULT CHARSET=utf8mb4 COLLATE=utf8mb4_unicode_ci;

--
-- Dumping data for table `subcategories`
--

INSERT INTO `subcategories` (`id`, `cat_id`, `subcategory`, `trash`) VALUES
(1, 7, 'Test Sub-Category-', 1),
(2, 7, 'Test Sub-Category-', 1),
(3, 7, 'Carrots', 0);

-- --------------------------------------------------------

--
-- Table structure for table `subscribers`
--

CREATE TABLE `subscribers` (
  `id` int(11) UNSIGNED NOT NULL,
  `name` varchar(100) COLLATE utf8mb4_unicode_ci NOT NULL,
  `gender` varchar(10) COLLATE utf8mb4_unicode_ci DEFAULT NULL,
  `birthday` varchar(20) COLLATE utf8mb4_unicode_ci DEFAULT NULL,
  `about` mediumtext COLLATE utf8mb4_unicode_ci DEFAULT NULL,
  `website` varchar(100) COLLATE utf8mb4_unicode_ci DEFAULT NULL,
  `facecbook` varchar(100) COLLATE utf8mb4_unicode_ci DEFAULT NULL,
  `twitter` varchar(100) COLLATE utf8mb4_unicode_ci DEFAULT NULL,
  `email` varchar(100) COLLATE utf8mb4_unicode_ci DEFAULT NULL,
  `username` varchar(100) COLLATE utf8mb4_unicode_ci DEFAULT NULL,
  `password` varchar(128) COLLATE utf8mb4_unicode_ci NOT NULL,
  `image` varchar(100) COLLATE utf8mb4_unicode_ci DEFAULT NULL,
  `mobile` varchar(15) COLLATE utf8mb4_unicode_ci NOT NULL,
  `status` varchar(255) COLLATE utf8mb4_unicode_ci NOT NULL DEFAULT 'active'
) ENGINE=InnoDB DEFAULT CHARSET=utf8mb4 COLLATE=utf8mb4_unicode_ci;

--
-- Dumping data for table `subscribers`
--

INSERT INTO `subscribers` (`id`, `name`, `gender`, `birthday`, `about`, `website`, `facecbook`, `twitter`, `email`, `username`, `password`, `image`, `mobile`, `status`) VALUES
(1, 'Developer', NULL, NULL, NULL, NULL, NULL, NULL, 'developer@gmail.com', '01983667657', '6d9c29d93f59a451881750f35cb18dc1', NULL, '01983667657', 'deactive'),
(2, 'Aminur Islam', NULL, NULL, NULL, NULL, NULL, NULL, 'khetlal20land@gmail.com', '01910217482', '6d9c29d93f59a451881750f35cb18dc1', NULL, '01910217482', 'deactive'),
(3, 'Abdulaha Islam', NULL, NULL, NULL, NULL, NULL, NULL, NULL, '01715246330', '6d9c29d93f59a451881750f35cb18dc1', NULL, '01715246330', 'active'),
(4, 'Jolene Tate', NULL, NULL, NULL, NULL, NULL, NULL, NULL, '01969552552', '6d9c29d93f59a451881750f35cb18dc1', NULL, '01969552552', 'active');

-- --------------------------------------------------------

--
-- Table structure for table `suppliers`
--

CREATE TABLE `suppliers` (
  `id` int(11) NOT NULL,
  `name` varchar(255) COLLATE utf8mb4_unicode_ci NOT NULL,
  `mobile` varchar(191) COLLATE utf8mb4_unicode_ci NOT NULL,
  `address` varchar(255) COLLATE utf8mb4_unicode_ci NOT NULL,
  `initial_balance` decimal(10,2) NOT NULL,
  `type` varchar(191) COLLATE utf8mb4_unicode_ci NOT NULL,
  `date` date NOT NULL DEFAULT current_timestamp(),
  `trash` int(1) NOT NULL DEFAULT 0
) ENGINE=InnoDB DEFAULT CHARSET=utf8mb4 COLLATE=utf8mb4_unicode_ci;

--
-- Dumping data for table `suppliers`
--

INSERT INTO `suppliers` (`id`, `name`, `mobile`, `address`, `initial_balance`, `type`, `date`, `trash`) VALUES
(1, 'Abdullah Al Hasan', '01983667657', 'sfsfsdfsdfsdfsdf', '-9000.00', 'receivable', '2021-04-17', 0);

-- --------------------------------------------------------

--
-- Table structure for table `supplier_transaction`
--

CREATE TABLE `supplier_transaction` (
  `id` int(11) NOT NULL,
  `supplier_id` int(11) DEFAULT NULL,
  `amount` decimal(10,2) NOT NULL,
  `trx_type` varchar(255) COLLATE utf8mb4_unicode_ci NOT NULL DEFAULT 'credit',
  `supplier_type` varchar(255) COLLATE utf8mb4_unicode_ci NOT NULL DEFAULT 'cash',
  `supplier_name` varchar(255) COLLATE utf8mb4_unicode_ci NOT NULL,
  `date` date NOT NULL DEFAULT current_timestamp(),
  `sap_record_id` int(11) NOT NULL,
  `trash` int(1) NOT NULL DEFAULT 0
) ENGINE=InnoDB DEFAULT CHARSET=utf8mb4 COLLATE=utf8mb4_unicode_ci;

--
-- Dumping data for table `supplier_transaction`
--

INSERT INTO `supplier_transaction` (`id`, `supplier_id`, `amount`, `trx_type`, `supplier_type`, `supplier_name`, `date`, `sap_record_id`, `trash`) VALUES
(1, 0, '1350.00', 'paid', 'cash', 'Developer', '2021-04-18', 1, 0),
(3, 1, '50.00', 'paid', 'party', '', '2021-04-19', 3, 1),
(7, 1, '50.00', 'paid', 'party', '', '2021-04-19', 2, 0),
(8, 0, '500.00', 'paid', 'cash', 'Developer', '2021-04-19', 4, 0),
(10, 0, '7082.00', 'paid', 'cash', 'Developer', '2021-04-19', 5, 0),
(11, 0, '2460.00', 'paid', 'cash', 'Developer', '2021-04-22', 1, 0),
(12, 0, '3256.00', 'paid', 'cash', 'Developer', '2021-04-24', 2, 0),
(13, 0, '3256.00', 'paid', 'cash', 'Developer', '2021-04-24', 3, 0),
(14, 0, '3256.00', 'paid', 'cash', 'Developer', '2021-04-24', 4, 0),
(15, 0, '40000.00', 'paid', 'cash', 'Abdullah al Hasan', '2021-04-27', 5, 0);

-- --------------------------------------------------------

--
-- Table structure for table `system_action_menus`
--

CREATE TABLE `system_action_menus` (
  `id` int(11) NOT NULL,
  `parent_id` int(11) DEFAULT NULL COMMENT 'parent table = aside_menu',
  `dropdown_id` int(11) NOT NULL,
  `name` varchar(191) COLLATE utf8mb4_unicode_ci DEFAULT NULL,
  `type` varchar(191) COLLATE utf8mb4_unicode_ci DEFAULT NULL,
  `controller_path` varchar(191) COLLATE utf8mb4_unicode_ci DEFAULT NULL,
  `position` int(11) NOT NULL DEFAULT 0,
  `icon` varchar(191) COLLATE utf8mb4_unicode_ci NOT NULL,
  `status` tinyint(4) NOT NULL DEFAULT 1
) ENGINE=InnoDB DEFAULT CHARSET=utf8mb4 COLLATE=utf8mb4_unicode_ci;

--
-- Dumping data for table `system_action_menus`
--

INSERT INTO `system_action_menus` (`id`, `parent_id`, `dropdown_id`, `name`, `type`, `controller_path`, `position`, `icon`, `status`) VALUES
(53, 22, 54, 'Delete', 'danger', 'gallery/gallery_controller/delete', 1, 'fa fa-close', 1),
(54, 22, 54, 'Restore', 'success', 'gallery/gallery_controller/restore', 0, 'fa fa-undo', 1),
(55, 22, 53, 'Delete', 'danger', 'gallery/gallery_controller/trash', 3, 'fa fa-trash', 1),
(56, 22, 53, 'Edit', 'warning', 'gallery/gallery_controller/edit', 2, 'fa fa-pencil-square-o', 1),
(57, 21, 50, 'Edit', 'warning', 'slider/slider_controller/edit', 0, 'fa fa-pencil-square-o', 1),
(58, 21, 50, 'Delete', 'danger', 'slider/slider_controller/trash', 1, 'fa fa-trash', 1),
(59, 21, 49, 'Restore', 'success', 'slider/slider_controller/restore', 2, 'fa fa-undo', 1),
(60, 21, 49, 'Delete', 'danger', 'slider/slider_controller/delete', 3, 'fa fa-close', 1),
(92, 0, 0, 'Spa', 'success', 'spa/Spa', 0, 'fa fa-male', 1),
(97, 58, 112, 'Edit', 'warning', 'category/category/edit', 0, 'fa fa-pencil-square-o', 1),
(98, 58, 112, 'Delete', 'danger', 'category/category/trash', 0, 'fa fa-trash-o', 1),
(99, 59, 114, 'Edit', 'warning', 'brand/brand/edit', 0, 'fa fa-pencil-square-o', 1),
(100, 59, 114, 'Delete', 'danger', 'brand/brand/trash', 0, 'fa fa-trash-o', 1),
(101, 60, 116, 'Edit', 'warning', 'subcategory/subcategory/edit', 0, 'fa fa-pencil-square-o', 1),
(102, 60, 116, 'trash', 'danger', 'subcategory/subcategory/trash', 0, 'fa fa-trash-o', 1),
(103, 63, 122, 'Edit', 'warning', 'size/size/edit', 0, 'fa fa-pencil-square-o', 1),
(104, 63, 122, 'Delete', 'danger', 'size/size/trash', 0, 'fa fa-trash-o', 1),
(105, 62, 120, 'Edit', 'warning', 'color/color/edit', 0, 'fa fa-pencil-square-o', 1),
(106, 62, 120, 'Delete', 'danger', 'color/color/trash', 0, 'fa fa-trash-o', 1),
(107, 61, 118, 'View', 'info', 'product/product/view', 0, 'fa fa-eye', 1),
(108, 61, 118, 'Edit', 'warning', 'product/product/edit', 0, 'fa fa-pencil-square-o', 1),
(109, 61, 118, 'Delete', 'danger', 'product/product/trash', 0, 'fa fa-trash-o', 1),
(110, 64, 124, 'Edit', 'warning', 'supplier/supplier/edit', 0, 'fa fa-pencil-square-o', 1),
(111, 64, 124, 'Delete', 'danger', 'supplier/supplier/trash', 0, 'fa fa-trash-o', 1),
(112, 65, 126, 'View', 'info', 'purchase/purchase/view', 0, 'fa fa-eye', 1),
(113, 65, 126, 'Edit', 'warning', 'purchase/purchase/edit', 0, 'fa fa-pencil-square-o', 1),
(114, 65, 126, 'Delete', 'danger', 'purchase/purchase/delete', 0, 'fa fa-trash-o', 1),
(115, 68, 0, 'Deactive', 'danger', 'subscriber/user/deactive', 0, 'fa fa-minus-square-o', 1);

-- --------------------------------------------------------

--
-- Table structure for table `system_aside_menus`
--

CREATE TABLE `system_aside_menus` (
  `id` int(11) NOT NULL,
  `name` varchar(191) COLLATE utf8mb4_unicode_ci DEFAULT NULL,
  `controller_path` mediumtext COLLATE utf8mb4_unicode_ci DEFAULT NULL,
  `selector` varchar(191) COLLATE utf8mb4_unicode_ci DEFAULT NULL,
  `icon` varchar(191) COLLATE utf8mb4_unicode_ci DEFAULT NULL,
  `has_sub_menu` tinyint(4) NOT NULL DEFAULT 0 COMMENT '0=not available, 1=available',
  `has_action_menu` tinyint(4) NOT NULL DEFAULT 0 COMMENT '0=not available, 1=available',
  `position` int(11) NOT NULL DEFAULT 0,
  `status` tinyint(4) NOT NULL DEFAULT 1
) ENGINE=InnoDB DEFAULT CHARSET=utf8mb4 COLLATE=utf8mb4_unicode_ci;

--
-- Dumping data for table `system_aside_menus`
--

INSERT INTO `system_aside_menus` (`id`, `name`, `controller_path`, `selector`, `icon`, `has_sub_menu`, `has_action_menu`, `position`, `status`) VALUES
(21, 'Slider', '', 'slider', 'fa fa-photo', 1, 1, 0, 1),
(22, 'Gallery', '', 'gallery', 'fa fa-image', 1, 1, 3, 0),
(26, 'About Us', 'about_us/About_controller/add', 'about_us', 'fa fa-question', 0, 1, 6, 0),
(34, 'Settings', '', 'setting', 'fa fa-cog', 1, 1, 12, 1),
(42, 'Privilege', 'system_privilege/privilegeController', 'privilege', 'fa fa-users', 0, 0, 11, 1),
(58, 'Category', '', 'category', 'fa fa-sitemap', 1, 1, 7, 1),
(59, 'Brand', '', 'brand', 'fa fa-file-text-o', 1, 1, 6, 1),
(60, 'Sub-Category', '', 'subcategory', 'fa fa-cubes', 1, 1, 8, 1),
(61, 'Product', '', 'product', 'fa fa-product-hunt', 1, 1, 1, 1),
(62, 'Color', '', 'color', 'fa fa-print', 1, 1, 9, 1),
(63, 'Size', '', 'size', 'fa fa-text-height', 1, 1, 10, 1),
(64, 'Supplier', '', 'supplier', 'fa fa-user', 1, 1, 4, 1),
(65, 'Purchase', '', 'purchase', 'fa fa-shopping-cart', 1, 1, 2, 1),
(66, 'SMS', '', 'sms', 'fa fa-paper-plane', 1, 1, 5, 1),
(67, 'Stock', 'stock/stock', 'stock', 'fa fa-archive', 0, 0, 3, 1),
(68, 'User', 'subscriber/user', 'user_menu', 'fa fa-users', 0, 0, 0, 1),
(69, 'Pages', 'pages/pages', 'pages', 'fa fa-file', 0, 1, 0, 1);

-- --------------------------------------------------------

--
-- Table structure for table `system_aside_menu_dropdowns`
--

CREATE TABLE `system_aside_menu_dropdowns` (
  `id` int(11) NOT NULL,
  `parent_id` int(11) DEFAULT NULL COMMENT 'parent table = aside_menus',
  `name` varchar(191) COLLATE utf8mb4_unicode_ci DEFAULT NULL,
  `selector` varchar(191) COLLATE utf8mb4_unicode_ci DEFAULT NULL,
  `controller_path` mediumtext COLLATE utf8mb4_unicode_ci DEFAULT NULL,
  `icon` varchar(191) COLLATE utf8mb4_unicode_ci NOT NULL,
  `position` int(11) NOT NULL DEFAULT 0,
  `status` tinyint(4) NOT NULL DEFAULT 1
) ENGINE=InnoDB DEFAULT CHARSET=utf8mb4 COLLATE=utf8mb4_unicode_ci;

--
-- Dumping data for table `system_aside_menu_dropdowns`
--

INSERT INTO `system_aside_menu_dropdowns` (`id`, `parent_id`, `name`, `selector`, `controller_path`, `icon`, `position`, `status`) VALUES
(49, 21, 'Trash', 'slider_trash', 'slider/slider_controller/trash_list', 'fa fa-trash-o', 2, 1),
(50, 21, 'All Slider', 'slider_list', 'slider/slider_controller', 'fa fa-list-alt', 1, 1),
(51, 21, 'Add Slider', 'add_slider', 'slider/slider_controller/add', 'fa fa-plus-square-o', 0, 1),
(52, 22, 'Video Gallery', 'Video', 'gallery/gallery_controller/video', 'fa fa-video-camera', 0, 1),
(53, 22, 'Image Gallery', 'Image', 'gallery/gallery_controller/index', 'fa fa-picture-o', 1, 1),
(81, 34, 'Header', 'header', 'setting/setting/header', 'fa fa-angle-right', 0, 1),
(82, 34, 'Footer', 'setting', 'setting/setting/footer', 'fa fa-angle-right', 1, 1),
(111, 58, 'Add Category', 'add', 'category/category/add', 'fa fa-angle-right', 0, 1),
(112, 58, 'All Category', 'all', 'category/category', 'fa fa-angle-right', 1, 1),
(113, 59, 'Add Brand', 'add', 'brand/brand/add', 'fa fa-angle-right', 0, 1),
(114, 59, 'All Brand', 'all', 'brand/brand', 'fa fa-angle-right', 1, 1),
(115, 60, 'Add Sub-Category', 'add', 'subcategory/subcategory/add', 'fa fa-angle-right', 0, 1),
(116, 60, 'All Sub-Category', 'All', 'subcategory/subcategory', 'fa fa-angle-right', 1, 1),
(117, 61, 'Add Product', 'add', 'product/product/add', 'fa fa-angle-right', 0, 1),
(118, 61, 'All Products', 'all', 'product/product/', 'fa fa-angle-right', 1, 1),
(119, 62, 'Add Color', 'add', 'color/color/add', 'fa fa-angle-right', 0, 1),
(120, 62, 'All Color', 'all', 'color/color/', 'fa fa-angle-right', 1, 1),
(121, 63, 'Add Size', 'add', 'size/size/add', 'fa fa-angle-right', 0, 1),
(122, 63, 'All Size', 'all', 'size/size', 'fa fa-angle-right', 1, 1),
(123, 64, 'Add Supplier', 'add', 'supplier/supplier/add', 'fa fa-angle-right', 0, 1),
(124, 64, 'All Supplier', 'all', 'supplier/supplier', 'fa fa-angle-right', 1, 1),
(125, 65, 'Add Purchase', 'add', 'purchase/purchase/add', 'fa fa-angle-right', 0, 1),
(126, 65, 'All Purchase', 'all', 'purchase/purchase', 'fa fa-angle-right', 1, 1),
(127, 66, 'Send SMS', 'send_sms', 'sms/Sms/send_sms', 'fa fa-angle-right', 2, 1),
(128, 66, 'SMS Report', 'sms_report', 'sms/Sms/sms_report', 'fa fa-angle-right', 1, 1),
(129, 66, 'Custom SMS', 'custom_sms', 'sms/Sms/custom_sms', 'fa fa-angle-right', 0, 1);

-- --------------------------------------------------------

--
-- Table structure for table `system_privileges`
--

CREATE TABLE `system_privileges` (
  `id` int(11) NOT NULL,
  `admin_id` int(11) NOT NULL,
  `aside_menu_id` varchar(255) COLLATE utf8mb4_unicode_ci DEFAULT NULL,
  `aside_menu_dropdown_id` varchar(255) COLLATE utf8mb4_unicode_ci DEFAULT NULL,
  `action_menu_id` varchar(255) COLLATE utf8mb4_unicode_ci DEFAULT NULL
) ENGINE=InnoDB DEFAULT CHARSET=utf8mb4 COLLATE=utf8mb4_unicode_ci;

--
-- Dumping data for table `system_privileges`
--

INSERT INTO `system_privileges` (`id`, `admin_id`, `aside_menu_id`, `aside_menu_dropdown_id`, `action_menu_id`) VALUES
(13, 10, '[\"5\",\"4\",\"3\",\"1\"]', '[\"11\",\"10\",\"9\",\"8\",\"7\",\"6\",\"5\"]', '[\"6\",\"5\",\"4\",\"3\",\"2\",\"1\"]'),
(14, 12, '[\"7\",\"6\",\"2\"]', '[\"15\",\"14\",\"13\",\"12\",\"1\"]', '[\"11\",\"10\",\"9\",\"14\",\"13\"]'),
(15, 13, '[\"69\",\"68\",\"67\",\"66\",\"65\",\"64\",\"63\",\"62\",\"61\",\"60\",\"59\",\"58\",\"42\",\"34\",\"21\"]', '[\"129\",\"128\",\"127\",\"126\",\"125\",\"124\",\"123\",\"122\",\"121\",\"120\",\"119\",\"118\",\"117\",\"116\",\"115\",\"114\",\"113\",\"112\",\"111\",\"82\",\"81\",\"51\",\"50\",\"49\"]', '[\"114\",\"113\",\"112\",\"111\",\"110\",\"104\",\"103\",\"106\",\"105\",\"109\",\"108\",\"107\",\"102\",\"101\",\"100\",\"99\",\"98\",\"97\",\"60\",\"59\",\"58\",\"57\"]');

-- --------------------------------------------------------

--
-- Table structure for table `users`
--

CREATE TABLE `users` (
  `id` int(11) UNSIGNED NOT NULL,
  `opening` datetime NOT NULL,
  `name` varchar(100) COLLATE utf8mb4_unicode_ci NOT NULL,
  `l_name` varchar(100) COLLATE utf8mb4_unicode_ci NOT NULL,
  `gender` varchar(10) COLLATE utf8mb4_unicode_ci NOT NULL,
  `birthday` varchar(20) COLLATE utf8mb4_unicode_ci NOT NULL,
  `maritial_status` varchar(100) COLLATE utf8mb4_unicode_ci NOT NULL,
  `position` varchar(50) COLLATE utf8mb4_unicode_ci NOT NULL,
  `about` mediumtext COLLATE utf8mb4_unicode_ci NOT NULL,
  `website` varchar(100) COLLATE utf8mb4_unicode_ci NOT NULL,
  `facecbook` varchar(100) COLLATE utf8mb4_unicode_ci NOT NULL,
  `twitter` varchar(100) COLLATE utf8mb4_unicode_ci NOT NULL,
  `email` varchar(100) COLLATE utf8mb4_unicode_ci NOT NULL,
  `username` varchar(100) COLLATE utf8mb4_unicode_ci NOT NULL,
  `password` varchar(128) COLLATE utf8mb4_unicode_ci NOT NULL,
  `privilege` varchar(100) COLLATE utf8mb4_unicode_ci NOT NULL,
  `image` varchar(100) COLLATE utf8mb4_unicode_ci NOT NULL,
  `mobile` varchar(15) COLLATE utf8mb4_unicode_ci NOT NULL,
  `branch` varchar(100) COLLATE utf8mb4_unicode_ci NOT NULL
) ENGINE=InnoDB DEFAULT CHARSET=utf8mb4 COLLATE=utf8mb4_unicode_ci;

--
-- Dumping data for table `users`
--

INSERT INTO `users` (`id`, `opening`, `name`, `l_name`, `gender`, `birthday`, `maritial_status`, `position`, `about`, `website`, `facecbook`, `twitter`, `email`, `username`, `password`, `privilege`, `image`, `mobile`, `branch`) VALUES
(13, '2019-12-09 01:59:36', 'Superadmin', '', '', '', '', '', '', '', '', '', 'developer@gmail.com', 'superadmin', 'f7a42d7e1f2512e5a7f4700fbf6c9df4', 'super', 'public/profiles/profile_16187362230.png', '01983667657', ''),
(14, '2019-12-09 01:59:36', 'President', '', '', '', '', '', '', '', '', '', '', 'president', '3f41a4eed1b5d78e1a588f31fc97b629', 'president', 'public/profiles/profile_16183071500.jpg', '', ''),
(16, '2020-11-11 10:24:53', 'Test User', '', '', '', '', '', '', '', '', '', 'user@gmail.com', 'hellouser', '3b9cd1688a9dbca0bc53adac4d9d569b', 'user', 'public/profiles/profile_16187362140.png', '01839973100', '');

-- --------------------------------------------------------

--
-- Table structure for table `video_gallery`
--

CREATE TABLE `video_gallery` (
  `id` int(11) NOT NULL,
  `vdo_name` varchar(100) COLLATE utf8mb4_unicode_ci NOT NULL,
  `vdo_path` varchar(100) COLLATE utf8mb4_unicode_ci NOT NULL,
  `vdo_img_path` varchar(100) COLLATE utf8mb4_unicode_ci NOT NULL,
  `trash` varchar(100) COLLATE utf8mb4_unicode_ci NOT NULL
) ENGINE=InnoDB DEFAULT CHARSET=utf8mb4 COLLATE=utf8mb4_unicode_ci;

--
-- Dumping data for table `video_gallery`
--

INSERT INTO `video_gallery` (`id`, `vdo_name`, `vdo_path`, `vdo_img_path`, `trash`) VALUES
(20, 'electronics product', 'https://www.youtube.com/watch?v=VjTzu-KZDEM', 'backend/images/video_gallery/gallery16171652820.jpg', '');

--
-- Indexes for dumped tables
--

--
-- Indexes for table `about`
--
ALTER TABLE `about`
  ADD PRIMARY KEY (`id`);

--
-- Indexes for table `brands`
--
ALTER TABLE `brands`
  ADD PRIMARY KEY (`id`);

--
-- Indexes for table `categories`
--
ALTER TABLE `categories`
  ADD PRIMARY KEY (`id`);

--
-- Indexes for table `colors`
--
ALTER TABLE `colors`
  ADD PRIMARY KEY (`id`);

--
-- Indexes for table `footer`
--
ALTER TABLE `footer`
  ADD PRIMARY KEY (`id`);

--
-- Indexes for table `frontend_users`
--
ALTER TABLE `frontend_users`
  ADD PRIMARY KEY (`id`);

--
-- Indexes for table `header`
--
ALTER TABLE `header`
  ADD PRIMARY KEY (`id`);

--
-- Indexes for table `image_gallery`
--
ALTER TABLE `image_gallery`
  ADD PRIMARY KEY (`id`);

--
-- Indexes for table `products`
--
ALTER TABLE `products`
  ADD PRIMARY KEY (`id`);

--
-- Indexes for table `product_colors`
--
ALTER TABLE `product_colors`
  ADD PRIMARY KEY (`id`);

--
-- Indexes for table `product_images`
--
ALTER TABLE `product_images`
  ADD PRIMARY KEY (`id`);

--
-- Indexes for table `product_sizes`
--
ALTER TABLE `product_sizes`
  ADD PRIMARY KEY (`id`);

--
-- Indexes for table `profiles`
--
ALTER TABLE `profiles`
  ADD PRIMARY KEY (`id`);

--
-- Indexes for table `sap_items`
--
ALTER TABLE `sap_items`
  ADD PRIMARY KEY (`id`);

--
-- Indexes for table `sap_record`
--
ALTER TABLE `sap_record`
  ADD PRIMARY KEY (`id`);

--
-- Indexes for table `sessions`
--
ALTER TABLE `sessions`
  ADD PRIMARY KEY (`session_id`),
  ADD KEY `last_activity_idx` (`last_activity`);

--
-- Indexes for table `settings`
--
ALTER TABLE `settings`
  ADD PRIMARY KEY (`id`);

--
-- Indexes for table `site_meta`
--
ALTER TABLE `site_meta`
  ADD PRIMARY KEY (`id`),
  ADD UNIQUE KEY `meta_key` (`meta_key`);

--
-- Indexes for table `sizes`
--
ALTER TABLE `sizes`
  ADD PRIMARY KEY (`id`);

--
-- Indexes for table `sliders`
--
ALTER TABLE `sliders`
  ADD PRIMARY KEY (`id`);

--
-- Indexes for table `sms_record`
--
ALTER TABLE `sms_record`
  ADD PRIMARY KEY (`id`);

--
-- Indexes for table `stock`
--
ALTER TABLE `stock`
  ADD PRIMARY KEY (`id`);

--
-- Indexes for table `subcategories`
--
ALTER TABLE `subcategories`
  ADD PRIMARY KEY (`id`);

--
-- Indexes for table `subscribers`
--
ALTER TABLE `subscribers`
  ADD PRIMARY KEY (`id`);

--
-- Indexes for table `suppliers`
--
ALTER TABLE `suppliers`
  ADD PRIMARY KEY (`id`);

--
-- Indexes for table `supplier_transaction`
--
ALTER TABLE `supplier_transaction`
  ADD PRIMARY KEY (`id`);

--
-- Indexes for table `system_action_menus`
--
ALTER TABLE `system_action_menus`
  ADD PRIMARY KEY (`id`);

--
-- Indexes for table `system_aside_menus`
--
ALTER TABLE `system_aside_menus`
  ADD PRIMARY KEY (`id`);

--
-- Indexes for table `system_aside_menu_dropdowns`
--
ALTER TABLE `system_aside_menu_dropdowns`
  ADD PRIMARY KEY (`id`);

--
-- Indexes for table `system_privileges`
--
ALTER TABLE `system_privileges`
  ADD PRIMARY KEY (`id`);

--
-- Indexes for table `users`
--
ALTER TABLE `users`
  ADD PRIMARY KEY (`id`);

--
-- Indexes for table `video_gallery`
--
ALTER TABLE `video_gallery`
  ADD PRIMARY KEY (`id`);

--
-- AUTO_INCREMENT for dumped tables
--

--
-- AUTO_INCREMENT for table `about`
--
ALTER TABLE `about`
  MODIFY `id` int(11) NOT NULL AUTO_INCREMENT, AUTO_INCREMENT=49;

--
-- AUTO_INCREMENT for table `brands`
--
ALTER TABLE `brands`
  MODIFY `id` int(11) NOT NULL AUTO_INCREMENT, AUTO_INCREMENT=2;

--
-- AUTO_INCREMENT for table `categories`
--
ALTER TABLE `categories`
  MODIFY `id` int(11) NOT NULL AUTO_INCREMENT, AUTO_INCREMENT=10;

--
-- AUTO_INCREMENT for table `colors`
--
ALTER TABLE `colors`
  MODIFY `id` int(11) NOT NULL AUTO_INCREMENT, AUTO_INCREMENT=5;

--
-- AUTO_INCREMENT for table `footer`
--
ALTER TABLE `footer`
  MODIFY `id` int(11) NOT NULL AUTO_INCREMENT, AUTO_INCREMENT=2;

--
-- AUTO_INCREMENT for table `frontend_users`
--
ALTER TABLE `frontend_users`
  MODIFY `id` int(11) NOT NULL AUTO_INCREMENT, AUTO_INCREMENT=7;

--
-- AUTO_INCREMENT for table `header`
--
ALTER TABLE `header`
  MODIFY `id` int(11) NOT NULL AUTO_INCREMENT, AUTO_INCREMENT=7;

--
-- AUTO_INCREMENT for table `image_gallery`
--
ALTER TABLE `image_gallery`
  MODIFY `id` int(11) NOT NULL AUTO_INCREMENT, AUTO_INCREMENT=100;

--
-- AUTO_INCREMENT for table `products`
--
ALTER TABLE `products`
  MODIFY `id` int(11) NOT NULL AUTO_INCREMENT, AUTO_INCREMENT=54;

--
-- AUTO_INCREMENT for table `product_colors`
--
ALTER TABLE `product_colors`
  MODIFY `id` int(11) NOT NULL AUTO_INCREMENT, AUTO_INCREMENT=97;

--
-- AUTO_INCREMENT for table `product_images`
--
ALTER TABLE `product_images`
  MODIFY `id` int(11) NOT NULL AUTO_INCREMENT, AUTO_INCREMENT=144;

--
-- AUTO_INCREMENT for table `product_sizes`
--
ALTER TABLE `product_sizes`
  MODIFY `id` int(11) NOT NULL AUTO_INCREMENT, AUTO_INCREMENT=86;

--
-- AUTO_INCREMENT for table `profiles`
--
ALTER TABLE `profiles`
  MODIFY `id` int(11) NOT NULL AUTO_INCREMENT, AUTO_INCREMENT=10;

--
-- AUTO_INCREMENT for table `sap_items`
--
ALTER TABLE `sap_items`
  MODIFY `id` int(11) NOT NULL AUTO_INCREMENT, AUTO_INCREMENT=6;

--
-- AUTO_INCREMENT for table `sap_record`
--
ALTER TABLE `sap_record`
  MODIFY `id` int(11) NOT NULL AUTO_INCREMENT, AUTO_INCREMENT=6;

--
-- AUTO_INCREMENT for table `site_meta`
--
ALTER TABLE `site_meta`
  MODIFY `id` int(10) UNSIGNED NOT NULL AUTO_INCREMENT, AUTO_INCREMENT=13;

--
-- AUTO_INCREMENT for table `sizes`
--
ALTER TABLE `sizes`
  MODIFY `id` int(11) NOT NULL AUTO_INCREMENT, AUTO_INCREMENT=5;

--
-- AUTO_INCREMENT for table `sliders`
--
ALTER TABLE `sliders`
  MODIFY `id` int(11) NOT NULL AUTO_INCREMENT, AUTO_INCREMENT=28;

--
-- AUTO_INCREMENT for table `sms_record`
--
ALTER TABLE `sms_record`
  MODIFY `id` int(11) UNSIGNED NOT NULL AUTO_INCREMENT, AUTO_INCREMENT=19;

--
-- AUTO_INCREMENT for table `stock`
--
ALTER TABLE `stock`
  MODIFY `id` int(11) NOT NULL AUTO_INCREMENT, AUTO_INCREMENT=4;

--
-- AUTO_INCREMENT for table `subcategories`
--
ALTER TABLE `subcategories`
  MODIFY `id` int(11) NOT NULL AUTO_INCREMENT, AUTO_INCREMENT=4;

--
-- AUTO_INCREMENT for table `subscribers`
--
ALTER TABLE `subscribers`
  MODIFY `id` int(11) UNSIGNED NOT NULL AUTO_INCREMENT, AUTO_INCREMENT=5;

--
-- AUTO_INCREMENT for table `suppliers`
--
ALTER TABLE `suppliers`
  MODIFY `id` int(11) NOT NULL AUTO_INCREMENT, AUTO_INCREMENT=2;

--
-- AUTO_INCREMENT for table `supplier_transaction`
--
ALTER TABLE `supplier_transaction`
  MODIFY `id` int(11) NOT NULL AUTO_INCREMENT, AUTO_INCREMENT=16;

--
-- AUTO_INCREMENT for table `system_action_menus`
--
ALTER TABLE `system_action_menus`
  MODIFY `id` int(11) NOT NULL AUTO_INCREMENT, AUTO_INCREMENT=116;

--
-- AUTO_INCREMENT for table `system_aside_menus`
--
ALTER TABLE `system_aside_menus`
  MODIFY `id` int(11) NOT NULL AUTO_INCREMENT, AUTO_INCREMENT=70;

--
-- AUTO_INCREMENT for table `system_aside_menu_dropdowns`
--
ALTER TABLE `system_aside_menu_dropdowns`
  MODIFY `id` int(11) NOT NULL AUTO_INCREMENT, AUTO_INCREMENT=130;

--
-- AUTO_INCREMENT for table `system_privileges`
--
ALTER TABLE `system_privileges`
  MODIFY `id` int(11) NOT NULL AUTO_INCREMENT, AUTO_INCREMENT=16;

--
-- AUTO_INCREMENT for table `users`
--
ALTER TABLE `users`
  MODIFY `id` int(11) UNSIGNED NOT NULL AUTO_INCREMENT, AUTO_INCREMENT=17;

--
-- AUTO_INCREMENT for table `video_gallery`
--
ALTER TABLE `video_gallery`
  MODIFY `id` int(11) NOT NULL AUTO_INCREMENT, AUTO_INCREMENT=21;
COMMIT;

/*!40101 SET CHARACTER_SET_CLIENT=@OLD_CHARACTER_SET_CLIENT */;
/*!40101 SET CHARACTER_SET_RESULTS=@OLD_CHARACTER_SET_RESULTS */;
/*!40101 SET COLLATION_CONNECTION=@OLD_COLLATION_CONNECTION */;
